"","segment","int","slope","R2","D","D_sd","Tc","Tc_sd","mf","mf_sd","vpd","mols_per_sec","TreeID","sp","lichen","apex_dist","fresh_mass","dry_mass","length_counted_lenticel","n_lenticels","lenticel_diam1","lenticel_diam2","lenticel_diam3","lenticel_diam4","lenticel_diam5","lenticel_diam6","lenticel_diam7","lenticel_diam8","lenticel_diam9","lenticel_diam10","exposed_length","total_length","basal_diam1","basal_diam2","basal_xylem_diam1","basal_xylem_diam2","basal_pith_diam1","basal_pith_diam2","distal_diam1","distal_diam2","distal_xylem_diam1","distal_xylem_diam2","distal_pith_diam1","distal_pith_diam2","treatment","sampleID","diam","wood_diam","sa","bark_thickness","vol","water_content","density","lenticel_size","LD","E","gs","bark_thickness_ratio","RWC_end","LossFrac_end"
"1","004A","5.39762081909597",-0.00421370692180019,"0.99331",0.00661031472395383,"0.00134446004850967","6.19606738202247","1.32833351156081",0.993908903065761,"0.00120296130357639","0.669624881536523",6.49711880661581e-08,4,"LS",0.05,108,5.1941,2.4618,31.9,10,0.8,1.3,0.4,1.5,0.6,0.7,0.7,0.5,1,0.9,55.9,72.2,9.4,9.3,7.8,8,1.6,1.6,9.4,9.3,7.8,8.1,1.7,1.6,"10C","004A",9.35,7.925,0.00164200052428851,0.7125,1577.976125,0.0017315217617757,0.00156009964979667,0.84,0.0335272324945937,0.0395683114013076,5.94938344441114,0.0762032085561498,0.995351901328551,0.00464809867144889
"2","004B","3.88302884131224",-0.00399058289931393,"0.99964",0.0140886566823347,"0.000613205527450606","24.36030875","0.113415749351443",0.976924610013991,"0.000347178043722981","1.4271809219205",6.15308365903513e-08,4,"LS",0.3,77,3.6886,1.8666,46.4,15,0.6,0.8,0.8,1.1,1.1,1.1,0.5,0.5,0.8,0.7,46.4,59.5,8.8,8.8,7.7,7.2,2.1,2.1,8.4,8.8,7.3,7.4,1.4,1.9,"25C","004B",8.7,7.4,0.00126819812240113,0.649999999999999,1125.88875,0.00161827711663342,0.00165789026668932,0.8,0.0371581450653983,0.0485183154772794,3.36431907561554,0.0747126436781609,0.985510428100988,0.0144895718990119
"3","004C","3.30660780949369",-0.00718808628208076,"0.99976",0.0317594436787661,"0.00109981517824179","32.3499394444444","0.27098116192978",0.967953202870507,"0.000320684721115653","3.21723164465901",1.10833172390955e-07,4,"LS",0.25,57,3.1012,1.4875,25,10,0.7,0.8,1.3,0.8,1.3,1.2,0.7,0.6,0.8,0.8,52.7,66.7,8.9,8.3,6.7,6.6,2.7,2.1,7.3,7.3,5.8,6.3,1.5,1,"35C","004C",7.95,6.35,0.00131621736611125,0.8,1053.9016875,0.00153116748852345,0.00141142197383568,0.9,0.050314465408805,0.0842058274298648,2.56639572108102,0.10062893081761,0.973724979859949,0.0262750201400509
"4","004D","2.66319964299042",-0.0192914666003233,"0.99798",0.0605934602396606,"0.00244100122852647","41.096095","0.60220991252234",0.952996210746756,"0.00128599795336331","6.13811752227762",2.97455311397438e-07,4,"LS",0,66.8,2.4936,1.0895,22.6,17,0.7,0.6,0.6,0.6,0.5,0.7,0.8,0.7,0.6,0.8,43.8,56.1,7.7,7.2,6.1,6.6,1.6,1.6,7.5,7.5,6.4,6.7,2.4,1.8,"45C","004D",7.475,6.45,0.00102857314274857,0.5125,783.655640625,0.00179173086648131,0.00139027902502058,0.66,0.100630419984018,0.289192181902177,4.54833000855713,0.068561872909699,0.930133181397337,0.0698668186026634
"5","004E","2.09220842583067",-0.0612722032373635,"0.99359",0.139899261091894,"0.00101128559521623","55.2288307932075","0.0859154130745344",0.912646712312399,"0.000331726004328355","14.1717951486089",9.44756698470587e-07,4,"LS",0,70,1.9104,1.0238,43.3,10,0.7,0.6,0.6,0.7,0.5,1.2,1,0.6,1.1,0.7,43.3,54.1,6.6,6.6,5.8,5.9,1.3,1.5,6.4,6.7,5.4,5.6,1,1.2,"55C","004E",6.575,5.675,0.00089440357449538,0.45,584.694203125,0.00151634819579433,0.00175100077019427,0.77,0.0351250010976563,1.05629799053924,6.89086476056943,0.0684410646387832,0.708211143695015,0.291788856304985
"6","016A","4.38753198769892",-0.00434784731035859,"0.99214",0.00657805557981497,"0.00136733690324925","6.19824231764706","1.35955340366657",0.993889687756112,"0.00122782614990846","0.666357030235256",6.70395000237852e-08,16,"PE",0.05,62,4.1543,2.0628,NA,NA,NA,NA,NA,NA,NA,NA,NA,NA,NA,NA,53.6,70.3,8.8,8.9,6.6,6.4,0.7,0.6,7.7,8.6,6,6.5,0.7,0.8,"10C","016A",8.5,6.375,0.00143130961297551,1.0625,1269.79375,0.00164711788823972,0.00162451579242692,NA,NA,0.0468378745004155,7.07681470573518,0.125,0.993736552713363,0.00626344728663664
"7","016B","4.11342626997692",-0.00541705284302133,"0.99781",0.0141545900965052,"0.000554936447446191","24.3731263157895","0.101037431174024",0.976934567206844,"0.000353462630651514","1.43385997677598",8.35255905453181e-08,16,"PE",0.1,84.5,3.9478,2.012,NA,NA,NA,NA,NA,NA,NA,NA,NA,NA,NA,NA,54.5,68.2,8.2,8.8,7,6.8,1.3,1.1,8.4,8.2,6.7,6.9,1,1,"25C","016B",8.4,6.85,0.00143822111681341,0.774999999999999,1203.048,0.00160907960447131,0.00167241872310997,NA,NA,0.0580756252073266,4.00831711765322,0.0922619047619047,0.982177910941213,0.0178220890587868
"8","016C","3.73297938996945",-0.00916231496898657,"0.99885",0.0317929181336701,"0.00112308504044412","32.3460977941176","0.278456506804256",0.967980060427449,"0.000309470824569282","3.22062260694078",1.41273823742132e-07,16,"PE",0,43,3.5779,1.7329,NA,NA,NA,NA,NA,NA,NA,NA,NA,NA,NA,NA,51,66.8,8.3,8,5.8,6.1,0.6,1.1,7.9,7.7,6,6,0.6,0.9,"35C","016C",7.975,5.975,0.00127776427203131,1,1062.1304375,0.00173707478371742,0.00163153219116743,NA,NA,0.110563291551065,3.36625474851632,0.125391849529781,0.981138211382114,0.0188617886178862
"9","016D","3.64204490155853",-0.0174145599261637,"0.99894",0.0604334076769162,"0.00238763016168609","41.0462557627119","0.57228407919254",0.953122936167867,"0.00118026394631978","6.12190419767161",2.68515269108651e-07,16,"PE",0.1,58,3.4805,1.7329,NA,NA,NA,NA,NA,NA,NA,NA,NA,NA,NA,NA,56.1,73.8,7.6,7.5,6.4,6,0.6,0.6,7.1,7.5,6.4,5.9,0.9,0.7,"45C","016D",7.425,6.175,0.00130860685790793,0.625,1017.16003125,0.00171811705760042,0.00170366505442651,NA,NA,0.205191702523955,3.23617226803543,0.0841750841750841,0.961947814145113,0.0380521858548867
"10","016E","5.02886800124317",-0.0624458399605117,"0.99712",0.139926420097658,"0.00102156587085463","55.2298735756863","0.0874388747392492",0.912652406557202,"0.000336948582562808","14.1745463558927",9.62853014535311e-07,16,"PE",0.3,52,4.9099,2.484,NA,NA,NA,NA,NA,NA,NA,NA,NA,NA,NA,NA,58,73.3,8.7,9.1,6.3,6.6,1,0.6,9,8.1,6.3,6.5,0.8,0.7,"55C","016E",8.725,6.425,0.00158980296234911,1.15,1395.002078125,0.00173899382519961,0.00178064250867547,NA,NA,0.605642986796669,3.95022990675171,0.131805157593123,0.900737870481059,0.0992621295189411
"11","017A","5.50852223443196",-0.00320922462374609,"0.98975",0.0066245217859907,"0.00134021068475178","6.20734661111111","1.3152360743496",0.993909390453086,"0.0011950624374903","0.671064056920858",4.94830657294205e-08,17,"PE",0.1,52.9,5.3075,2.4332,NA,NA,NA,NA,NA,NA,NA,NA,NA,NA,NA,NA,58.4,71.2,9.1,9.3,8.1,7.8,1.3,1.7,8.8,8.6,7.2,6.9,1.1,1,"10C","017A",8.95,7.5,0.00164204764817831,0.725,1425.8245,0.00201588624686979,0.00170652138464446,NA,NA,0.0301349755497759,4.52129770987192,0.0810055865921787,0.996033816929339,0.00396618307066066
"12","017B","2.9685370790577",-0.00460970671541426,"0.99702",0.0140726352211366,"0.000626188806105949","24.3569135802469","0.116773474891653",0.976922688317281,"0.000345434600171674","1.42555794790114",7.10771127406886e-08,17,"PE",0,45,2.7145,1.2872,NA,NA,NA,NA,NA,NA,NA,NA,NA,NA,NA,NA,48.4,62.8,7.4,7.5,5.8,5.9,1.7,1.8,6.9,6.4,4.9,5.8,1.1,0.8,"25C","017B",7.05,5.6,0.00107197424525791,0.725,780.32925,0.00182909970374685,0.00164956010555801,NA,NA,0.0663048697812585,4.60288571524578,0.102836879432624,0.978280669796119,0.0217193302038813
"13","017C","4.53307473636584",-0.0159861580078272,"0.99127",0.03172973706735,"0.00108603493024256","32.3467963888889","0.269000443155327",0.967946914082065,"0.000324666623348754","3.21422236492256",2.46490726018062e-07,17,"PE",0.45,67,4.3263,2.0165,NA,NA,NA,NA,NA,NA,NA,NA,NA,NA,NA,NA,59.7,77.4,8.5,8.4,6.8,6.7,2.5,2.3,7.9,8.1,6.6,6.2,1.5,1.6,"35C","017C",8.225,6.575,0.00154262409467383,0.825,1309.03959375,0.00176449972256616,0.00154044232858025,NA,NA,0.15978664333658,4.8744491011974,0.100303951367781,0.957485496579791,0.0425145034202092
"14","017D","3.52599018327461",-0.0170203409446726,"0.99991",0.0607049906753694,"0.0024860907753669","41.1308403125","0.62476057093636",0.952907262369787,"0.00136246929804133","6.14941555541492",2.62436802793588e-07,17,"PE",0,46,3.3054,1.5369,NA,NA,NA,NA,NA,NA,NA,NA,NA,NA,NA,NA,47.4,60.7,8.2,7.7,6.9,6.5,1.1,1.1,8,7.7,7.9,8.1,1.7,1.3,"45C","017D",7.9,7.35,0.00117640078506323,0.275,947.07175,0.00186733476106747,0.00162279151500401,NA,NA,0.223084518580529,3.50183494820808,0.0348101265822785,0.948939779474131,0.0510602205258694
"15","017E","5.01559196160406",-0.0650712528487554,"0.99875",0.139883448645319,"0.00100841666147468","55.2283525181481","0.0851735742306397",0.912642423454779,"0.000330089635253021","14.1701933477709",1.00333428142905e-06,17,"PE",0.2,63,4.7807,2.3643,NA,NA,NA,NA,NA,NA,NA,NA,NA,NA,NA,NA,63.6,80.6,8.3,8.7,7.1,7.2,1.7,1.6,8,7.9,6.3,6.6,1.3,1.5,"55C","017E",8.225,6.8,0.00164339853301936,0.712499999999999,1363.16009375,0.00177264578905958,0.0017344257734951,NA,NA,0.610524021574768,3.98324553779151,0.0866261398176291,0.881311041218341,0.118688958781659
"16","018A","4.37847583254044",-0.00670742150333042,"0.9943",0.00622077495169709,"0.00109299224852921","5.60359721428571","0.860239003929821",0.994112154541489,"0.000860615347740548","0.630164502606915",1.03421797486023e-07,18,"PE",0,43.5,4.1292,2.3462,NA,NA,NA,NA,NA,NA,NA,NA,NA,NA,NA,NA,49,68.6,9.4,8.9,7.9,6.8,0.8,0.6,7.8,8.4,5.7,5.4,0.7,0.7,"10C","018A",8.625,6.45,0.00132771559522339,1.0875,1275.79921875,0.00139755533143134,0.00183900410465744,NA,NA,0.0778945414651266,12.4479523924576,0.126086956521739,0.987100392596747,0.0128996074032528
"17","018B","2.12682639652213",-0.00482537880558539,"0.94898",0.0151786039261241,"0.00045076093335401","23.8683444444444","0.228130054713971",0.978344078121633,"0.000354662722764525","1.53759257771637",7.44025627995511e-08,18,"PE",0,19,1.901,1.0656,NA,NA,NA,NA,NA,NA,NA,NA,NA,NA,NA,NA,43.4,62,6.3,6,4.2,4.3,0.9,0.8,5.7,5.2,4,4.4,0.8,0.5,"25C","018B",5.8,4.225,0.000790801702761623,0.7875,521.42,0.00160216332323271,0.00204365003260328,NA,NA,0.0940849805200519,6.06429181366,0.135775862068966,0.970553028489346,0.0294469715106536
"18","018C","4.95539315339165",-0.00717806169429071,"0.99421",0.0319237493648977,"0.00139877038795907","31.7655420289855","0.643781389961319",0.969570846569089,"0.00104256821093346","3.23387581066414",1.10678603174187e-07,18,"PE",0,45.5,4.7356,2.3121,NA,NA,NA,NA,NA,NA,NA,NA,NA,NA,NA,NA,53.6,71.9,8.9,9.2,7.4,7.4,1.5,1.4,8.6,8.9,6.9,6.6,0.9,1,"35C","018C",8.9,7.075,0.00149866535946847,0.9125,1423.79975,0.0017021354302106,0.00162389409044355,NA,NA,0.0738514455378089,2.24297615395947,0.10252808988764,0.991499896843408,0.008500103156592
"19","018D","3.34365022865322",-0.0153401260210851,"0.99162",0.0556193362492653,"0.00578316176056361","39.4284648529412","1.44885483663797",0.956920732453699,"0.00269349495055742","5.63423876205057",2.3652955252253e-07,18,"PE",0,37,3.1539,1.9066,NA,NA,NA,NA,NA,NA,NA,NA,NA,NA,NA,NA,64.9,84,6.9,7.5,5.3,5.3,0.7,0.9,6.3,6.3,4.7,4.9,0.7,0.8,"45C","018D",6.75,5.05,0.00137625320172135,0.85,956.8125,0.00130359919001894,0.00199265791364557,NA,NA,0.171864851777776,2.95690403620034,0.125925925925926,0.930169165397258,0.0698308346027419
"20","018E","5.01733016683626",-0.0565879010117689,"0.99875",0.134856379919351,"0.00647532615568573","54.4855384332432","0.803893140762376",0.915540006126503,"0.00262767200855855","13.6609512858303",8.72529396831913e-07,18,"PE",0,48,4.7058,2.5055,NA,NA,NA,NA,NA,NA,NA,NA,NA,NA,NA,NA,66.3,86.1,8.5,8.1,5.9,5.8,1.4,1.2,7.6,7.4,5.7,5.5,1.2,1.2,"55C","018E",7.9,5.725,0.00164547198417073,1.0875,1343.37525,0.00163788933881281,0.0018650782795053,NA,NA,0.53026086449697,3.59994117757374,0.137658227848101,0.926146434577103,0.0738535654228967
"21","019A","3.74729991926803",-0.00340781177917882,"0.99894",0.00621166724941877,"0.00114319458173747","5.698726640625","0.838549930951202",0.994048780565013,"0.000873739988711136","0.629241892366122",5.25450830131548e-08,19,"PE",0.15,57,3.5487,2.153,NA,NA,NA,NA,NA,NA,NA,NA,NA,NA,NA,NA,52.8,74.3,8.2,8.1,6.4,6.2,0.8,1.1,7.5,7.4,5.4,5.7,1,0.8,"10C","019A",7.8,5.925,0.00129383351845442,0.9375,1130.103,0.0012350201707278,0.00190513608051656,NA,NA,0.0406119352016199,6.49909968492486,0.120192307692308,0.986745002507702,0.0132549974922977
"22","019B","5.06238888745384",-0.00556839378367105,"0.99899",0.01503136384064,"0.000309784230882043","23.86745625","0.225872182478189",0.978272065810647,"0.000371133706533068","1.52267715705683",8.58591179831641e-08,19,"PE",0.05,68,4.8538,2.4037,NA,NA,NA,NA,NA,NA,NA,NA,NA,NA,NA,NA,61.5,81.1,9.2,8.3,6.8,6.9,1.1,0.9,8.4,8.2,6.2,7,1,0.9,"25C","019B",8.525,6.725,0.00164709775836896,0.899999999999999,1473.498296875,0.00166277762600485,0.0016312879391159,NA,NA,0.0521275179611599,3.3925660520286,0.105571847507331,0.987959675115301,0.0120403248846987
"23","019C","4.5041520743242",-0.0105362131314422,"0.99713",0.0318981165852212,"0.00147382833671343","31.7864677419355","0.67068398431095",0.969500838506327,"0.00105643781592125","3.23127921008291",1.62457972889961e-07,19,"PE",0,57,4.2958,2.2337,NA,NA,NA,NA,NA,NA,NA,NA,NA,NA,NA,NA,61.7,83.5,8.4,9.2,6.4,6.7,0.6,0.8,7.1,7.4,6.1,5.9,0.8,0.9,"35C","019C",8.025,6.275,0.00155553604048008,0.875,1344.363046875,0.00153388625549727,0.00166153034717243,NA,NA,0.104438578510737,3.17427172128027,0.109034267912773,0.973619126133553,0.0263808738664469
"24","019D","4.30733185571746",-0.0126918318947103,"0.99364",0.0549032930071992,"0.0056814167789555","39.2586034426229","1.43487588838302",0.957207161885621,"0.00269998427271643","5.56170358162928",1.95695479595196e-07,19,"PE",0,90,4.109,2.0896,NA,NA,NA,NA,NA,NA,NA,NA,NA,NA,NA,NA,51.4,71.4,8.5,8.5,6.9,6.7,0.9,1.2,8.5,8.1,6.1,6.9,1.4,1.1,"45C","019D",8.4,6.65,0.00135641404411393,0.875,1259.496,0.00160333974859785,0.00165907632894428,NA,NA,0.144274147296251,2.51533632142618,0.104166666666667,0.967713182133307,0.0322868178666931
"25","019E","3.68737330451545",-0.0610777498685672,"0.99916",0.133701075902716,"0.00656434049989032","54.3595212601639","0.830540988372946",0.915873812882841,"0.00277051227749807","13.5439189889451",9.4175842008326e-07,19,"PE",0,55,3.4277,1.7447,NA,NA,NA,NA,NA,NA,NA,NA,NA,NA,NA,NA,50.8,70.1,7.1,7.4,5.7,5.4,0.5,0.7,7.4,7.5,6.2,6.4,0.6,0.3,"55C","019E",7.35,5.925,0.00117300786499736,0.712499999999999,946.7443125,0.00177767109638697,0.00184284180740721,NA,NA,0.802857720042126,5.49970414443366,0.096938775510204,0.896137849079026,0.103862150920974
"26","020A","6.40522401496018",-0.00610069142549562,"0.99593",0.00624030920496749,"0.00101664677846872","5.47220007407407","0.86587558630999",0.994203366682205,"0.000832320957541919","0.632143322463207",9.40666205067097e-08,20,"PE",0,71.5,6.2218,3.2262,NA,NA,NA,NA,NA,NA,NA,NA,NA,NA,NA,NA,78.1,99.6,9.3,9.7,7.7,7.4,1.1,1.3,8.9,8.5,7.3,7,0.8,1.2,"10C","020A",9.1,7.35,0.0022327613148328,0.875,2061.969,0.0014527861476094,0.0015646210006067,NA,NA,0.0421301730201975,6.71216096507551,0.0961538461538461,0.99409133395647,0.00590866604353035
"27","020B","4.49467996425611",-0.00707323664275797,"0.9973",0.0152803912675228,"0.000573856146518496","23.8736825","0.211540957984649",0.97838590892148,"0.00041855947735511","1.54790363540006",1.09062304683672e-07,20,"PE",0.3,52.8,4.2686,2.1493,NA,NA,NA,NA,NA,NA,NA,NA,NA,NA,NA,NA,58.5,75.7,8.7,8.7,7.3,6.9,0.9,1,7.6,7.9,6.4,6,1.4,1.4,"25C","020B",8.225,6.65,0.0015116165751829,0.7875,1280.288078125,0.00165533057458736,0.00167876280090625,NA,NA,0.0721494501146732,4.61964645359983,0.0957446808510638,0.977870051432077,0.0221299485679234
"28","020C","4.83994660087921",-0.014224317707558,"0.99341",0.0320058776801283,"0.00133562163879745","31.72615","0.608868515597345",0.969718016814746,"0.00103500296322085","3.242195408997",2.19324893268967e-07,20,"PE",0.25,63.5,4.6212,2.3177,NA,NA,NA,NA,NA,NA,NA,NA,NA,NA,NA,NA,50.7,65.3,10.4,9.1,8,8.6,0.8,0.9,9.5,9.1,7,8,0.7,0.6,"35C","020C",9.525,7.9,0.00151713007028995,0.8125,1481.095828125,0.00155526736100265,0.00156485485678135,NA,NA,0.144565649026422,4.38006780737269,0.0853018372703412,0.960017364879531,0.039982635120469
"29","020D","4.42019005310218",-0.0196299636874777,"0.99938",0.0563227340652697,"0.00584328786150589","39.5853567105263","1.44483968003871",0.956676903770261,"0.00264484238171424","5.70549296081182",3.02674601281025e-07,20,"PE",0,50,4.1801,2.2192,NA,NA,NA,NA,NA,NA,NA,NA,NA,NA,NA,NA,56.5,72.1,8.4,8.4,6.7,6.8,1.2,0.9,8,8.3,7,6.5,1.2,0.9,"45C","020D",8.275,6.75,0.00146881237527774,0.7625,1234.273140625,0.00158870831379111,0.00179798127898681,NA,NA,0.20606757294225,3.50018675267767,0.0921450151057402,0.971237696975878,0.0287623030241215
"30","020E","4.34600914984615",-0.0800372922028915,"0.99921",0.135010106534341,"0.00645783095368914","54.5034208817105","0.80068013741584",0.915487000705594,"0.00261283669467411","13.6765237919287",1.23409578799052e-06,20,"PE",0.4,56,3.9353,2.0838,NA,NA,NA,NA,NA,NA,NA,NA,NA,NA,NA,NA,73.4,92,7.3,6.9,5.3,5.7,0.8,0.5,7.2,6.9,5.2,5.3,0.6,0.5,"55C","020E",7.075,5.375,0.00163144477297245,0.85,1151.279375,0.00160821086541223,0.00180998639014097,NA,NA,0.756443496240471,5.12935072309046,0.120141342756184,0.875938428301377,0.124061571698623
"31","021A","2.15707196317196",-0.00116364716364725,"0.99439",0.00619366199776234,"0.00122200059593938","5.86102685714286","0.768483882504658",0.993939552331835,"0.000881423241231849","0.627417960373326",1.79422869494866e-08,21,"LS",0,38,1.9568,0.9424,30.5,9,1.3,1.1,1.2,0.5,0.7,1.2,1,1.1,1.3,NA,30.5,41.9,9.4,7.8,7.5,8.6,1.7,2.6,7.7,7.2,6,5.9,1.6,2,"10C","021A",8.025,7,0.000768944071874272,0.5125,674.596546875,0.00150371359696267,0.00139698313661043,1.04444444444444,0.0367703385935345,0.023333669646159,3.74451450058805,0.0638629283489097,0.998718454258675,0.001281545741325
"32","021B","3.86213229458224",-0.00496904747060827,"0.99979",0.0149542180912385,"0.000255681047888568","23.88364","0.239567918615222",0.978204743292615,"0.000357163801715915","1.51486229264246",7.66177913447836e-08,21,"LS",0,82,3.6644,1.8958,22.9,11,0.9,1.1,1.5,0.4,0.8,0.9,1,1,11.4,0.8,46.9,58.4,9.3,8.9,7.3,7.9,2.1,1.7,9.4,9,7.8,7.4,1.5,2.7,"25C","021B",9.15,7.6,0.00134816736339826,0.775,1222.3485,0.00144688687391525,0.00155094884969385,1.98,0.0524971961724772,0.0568310681781059,3.71750767034621,0.0846994535519126,0.987278073052132,0.0127219269478683
"33","021C","2.78081651142252",-0.00908657124289739,"0.99458",0.031921525894895,"0.00157915151568187","31.8383740740741","0.704567891176875",0.969373012387717,"0.00107489400445052","3.23365057315287",1.40105930491866e-07,21,"LS",0,32,2.5675,1.3097,21.9,13,0.4,0.9,1,0.7,0.6,0.5,0.6,0.8,1.3,0.7,58.4,71.4,7.1,7.2,5.4,5.6,1.3,0.8,6.4,6.6,5.3,5.1,0.6,0.8,"35C","021C",6.825,5.35,0.00125217599986782,0.737500000000001,831.46415625,0.00151275312416692,0.00157517313302704,0.75,0.0869754294411829,0.111889966351899,3.39780479465884,0.108058608058608,0.968118937827953,0.0318810621720467
"34","021D","4.6828798699237",-0.0180181901981876,"0.99821",0.054021560834263,"0.00544390260697356","39.0417687037037","1.38317895101138",0.957589713229818,"0.00263677731983551","5.47238411251084",2.77822650151976e-07,21,"LS",0,56,4.4687,2.2419,21,8,1.1,1.2,0.8,0.6,1,0.9,1.3,1.2,NA,NA,42.1,55.9,12.4,10.9,8.8,10.7,0.6,1.1,9.9,10,8.6,8.4,1.1,1.3,"45C","021D",10.8,9.125,0.00142841934773421,0.8375,1630.044,0.00136609809305761,0.00137536164667948,1.0125,0.0352733686067019,0.194496560546218,3.44765872665256,0.0775462962962963,0.964253637506736,0.0357463624932639
"35","021E","2.59230074590244",-0.026603984689371,"0.99837",0.133575697838063,"0.00661641564807277","54.3434052740678","0.83859597423137",0.915926214284465,"0.00280172461635719","13.5312181909958",4.10207099031905e-07,21,"LS",0,45.5,2.3446,1.1669,30.5,4,0.8,0.6,0.7,0.7,NA,NA,NA,NA,NA,NA,30.5,48,8.2,9,6.6,6.8,1.2,1.3,8,8.3,6.9,6.8,1,1,"55C","021E",8.375,6.775,0.000802480573451343,0.8,841.6875,0.00139921289077003,0.00138638152520977,0.7,0.0156594078786396,0.511173868381223,3.50511023850436,0.0955223880597015,0.935637259064278,0.0643627409357223
"36","022A","2.46868570290086",-0.00180028689831044,"0.98544",0.0061838136287504,"0.00129405905063136","6.02279206","0.643145945056032",0.993834928481591,"0.000876128044545358","0.626420320592416",2.77586412187389e-08,22,"LS",0,69,2.2442,1.155,17.1,19,1.2,1.1,1.1,0.9,0.6,0.7,0.7,0.3,0.4,0.8,33.9,43.7,9.1,9.4,7.8,7.5,2.5,2.3,8.1,7.7,7,7.2,1.3,1.1,"10C","022A",8.575,7.375,0.000913237422453651,0.600000000000001,803.322078125,0.00135586961899797,0.0014377794802999,0.78,0.129575639779721,0.0303958647951132,4.88508773523498,0.0699708454810496,0.996235769372016,0.00376423062798359
"37","022B","5.15682295628036",-0.00533365718251256,"0.99934",0.0149259848606634,"0.000250898531434937","23.89764","0.247050067634816",0.978165821687069,"0.00035146934445853","1.51200226638521",8.22397120437108e-08,22,"LS",0,137,4.9398,2.6544,34.3,22,1.2,1.1,0.7,0.8,0.9,1.1,0.8,0.7,1.2,0.8,57.2,72.1,9.5,9.3,7.9,8.2,1.6,2.4,9.7,9.3,8,7.7,1.5,1.7,"25C","022B",9.45,7.95,0.00169815649297143,0.75,1609.6775625,0.00141978744889165,0.00164902590545987,0.93,0.0678729541703303,0.0484288181825976,3.17375470852573,0.0793650793650793,0.990548700446312,0.0094512995536884
"38","022C","2.72115218362192",-0.00208595380166197,"0.99175",0.0319881375018808,"0.00166440064237339","31.8953708333333","0.727934629096314",0.969253825868109,"0.00108273570372475","3.24039832894052",3.21633419837366e-08,22,"LS",0,69,2.4615,2.1963,21.3,15,1,0.8,0.6,0.5,0.6,0.5,0.8,0.4,0.3,0.2,48.7,61.6,10.1,8.4,6.3,8.7,0.4,0.5,9.1,8.3,8.2,6.5,1,1.3,"35C","022C",8.975,7.425,0.00137313517101266,0.775000000000001,1240.479625,0.000213788275643786,0.00177052484840289,0.57,0.0784652202911059,0.0234232890269766,0.709735366820801,0.0863509749303622,0.968702865761689,0.0312971342383115
"39","022D","3.33039619698674",-0.0166993770454522,"0.99838",0.0529132643621846,"0.00494578867132636","38.7629787234043","1.26153293614592",0.958093582329405,"0.00245118840524753","5.3601136798893",2.57487857305518e-07,22,"LS",0,64,3.1038,1.6085,18.2,15,1,0.5,0.8,0.6,0.9,0.8,0.9,1.11,0.9,0.7,42.42,72.32,7.67,7.32,6.3,6.31,1.44,2.93,6.66,6.76,5.33,5.71,1.96,1.51,"45C","022D",7.1025,5.9125,0.000946524324494394,0.595,912.054753,0.00163948490491557,0.00176360026052076,0.821,0.116040242756188,0.272035119058414,4.92570445009909,0.0837733192537839,0.956196081053969,0.043803918946031
"40","022E","3.81861644787772",-0.0634978340717805,"0.99956",0.131450384877199,"0.00658034189092655","54.0859093646154","0.855361524064868",0.916719358536256,"0.00292429472465077","13.3159239880602",9.79073721982742e-07,22,"LS",0,93,3.6133,1.9311,23.5,11,1.2,1.3,1.6,0.9,0.7,1,0.8,0.5,0.4,1.1,50.7,62,8.7,8.7,7.9,7.1,1.3,1.9,8.6,8.3,7,7.3,1.2,1.1,"55C","022E",8.575,7.325,0.0013658152601298,0.625,1139.7246875,0.00147597048519667,0.0016943565592458,0.95,0.0545871844178401,0.716841984830143,4.99917079070745,0.0728862973760932,0.879265247889669,0.120734752110331
"41","024A","2.04410035194659",-0.00247240666158727,"0.99114",0.00659569204938521,"0.00135637318416899","6.19706893103448","1.34367367506345",0.993900123609762,"0.00121541803674948","0.668143604602721",3.81220623947386e-08,24,"LS",0.15,67,1.8765,0.8417,37.5,19,1,1.6,0.6,0.9,0.9,0.9,0.5,0.6,0.8,0.7,37.5,49.7,7.3,7.3,6.1,6.1,1.5,2,6.4,6.6,5.6,4.8,0.9,1,"10C","024A",6.9,5.65,0.000812887099116359,0.625,591.55425,0.00174929011160008,0.00142286189305545,0.85,0.0734299516908213,0.0468971182297994,7.06689324737105,0.0905797101449276,0.99265558562041,0.00734441437959032
"42","024B","2.41763209066826",-0.00355618697658508,"0.99973",0.0141211966120355,"0.000585560753167457","24.3668243589744","0.10711767310972",0.976929187218378,"0.000350441774125523","1.4304772167992",5.48328816270454e-08,24,"LS",0.4,63.5,2.2008,1.0302,43.8,13,0.6,1,0.8,0.7,0.4,0.8,0.4,0.9,0.8,1,43.8,60,6.7,7,5.8,5.9,1.8,1.5,6.7,6.7,5.6,5.8,1.2,1.8,"25C","024B",6.775,5.775,0.000932251911989503,0.5,688.509375,0.00170019471412426,0.00149627592216882,0.74,0.0438086572646548,0.0588176660426766,4.0691094572099,0.0738007380073801,0.980266529984623,0.0197334700153771
"43","024C","2.56271593663805",-0.00909022128955711,"0.99994",0.0317845864498942,"0.00111694268173643","32.3473730434783","0.276604362031789",0.9679725138231,"0.000313517801806948","3.21977860737429",1.40162210596861e-07,24,"LS",0.1,57.5,2.5627,1.1597,15.5,8,0.7,1.1,0.6,0.5,0.7,0.5,0.4,0.9,NA,NA,39.6,71.2,6.7,6.5,4.5,4.7,1.2,1.3,6.4,5.9,4.5,5,1,0.9,"35C","024C",6.375,4.675,0.000793095065398743,0.85,723.403125,0.00193944420685216,0.00160311721075299,0.675,0.0809614168247944,0.17672813350111,5.38210481102244,0.133333333333333,0.963007840342124,0.0369921596578758
"44","024D","1.90952374831554",-0.0174057219861095,"0.99984",0.0604754299226013,"0.00238958293109542","41.0599848333333","0.577293087577167",0.953087405761023,"0.0012021468348672","6.12616105115951",2.68378996824879e-07,24,"LS",0.6,64.5,1.7414,0.8308,41.8,7,0.8,1,1.4,0.9,1.8,1.3,1,NA,NA,NA,41.8,52.6,6.2,5.9,5.2,4.9,1,1.7,6.1,6.3,4.6,4.8,0.9,1.1,"45C","024D",6.125,4.875,0.000804326259135327,0.625,493.33046875,0.00184582152873565,0.00168406383271862,1.17142857142857,0.0273410799726589,0.33366932109539,5.2585988728291,0.102040816326531,0.904568416428728,0.0954315835712717
"45","024E","2.3922765192098",-0.0282632573551984,"0.99853",0.139911763402746,"0.00101700772773911","55.2292143265385","0.0867078060369997",0.912650057447124,"0.000334058581932648","14.1730616326982",4.35791440426596e-07,24,"LS",0.8,58,2.1992,1.0267,53.7,15,1.2,0.8,0.6,0.7,1,0.6,1,1.1,0.7,0.8,53.7,66.3,6.3,6,4.4,4.8,1.5,1.9,6.4,6,4.5,5,1.6,1.7,"55C","024E",6.175,4.675,0.00104174426994874,0.75,632.015109375,0.00185517716682357,0.0016244864794693,0.85,0.0452355642005745,0.418328617682763,2.72877439090626,0.121457489878543,0.898336886993603,0.101663113006397
"46","026A","3.97441319134853",-0.010283004206957,"0.99933",0.00654215229584789,"0.00139098170505139","6.20024319753086","1.39309471691923",0.993868596522033,"0.00125428019749077","0.662720027569391",1.58553742017224e-07,26,"LS",0.1,62,3.7601,2.8168,32.4,13,1.3,1.1,0.9,0.9,1.5,1,1.1,0.4,0.7,1.5,60.3,73.4,9.3,9.1,7.8,7.5,0.6,0.5,8.5,9,7.3,6.4,0.9,0.7,"10C","026A",8.975,7.25,0.00170020638217789,0.8625,1478.10396875,0.000638182441792459,0.0019056846199947,1.04,0.0447058014374635,0.0932555857213777,14.1671721946261,0.096100278551532,0.926534506519665,0.0734654934803352
"47","026B","1.33408279155939",-0.000881932581025497,"0.99715",0.0141717493165285,"0.000537992806285538","24.376256","0.097938971952063",0.976937524727747,"0.000354894918681623","1.43559820576434",1.35985270563146e-08,26,"LS",0.03,35,1.1579,0.9733,21,15,0.6,1.5,0.4,0.9,0.9,0.9,1.3,0.9,0.8,1.1,37.1,50.8,7.3,7.9,5.5,5.5,1,0.9,6.1,6.2,4.6,5,0.7,0.4,"25C","026B",6.875,5.15,0.000801302476206246,0.862499999999999,600.2734375,0.000307526517862953,0.0016214277347563,0.93,0.103896103896104,0.016970529182309,1.16987299185067,0.125454545454545,0.981581798483207,0.0184182015167934
"48","026C","2.42857190009022",-0.00325192002971971,"0.9882",0.0318100303851879,"0.0011357898598706","32.3432859090909","0.282223989199944",0.967996080257388,"0.000299762955651868","3.22235607801953",5.01413866099548e-08,26,"LS",0.3,55,2.2195,1.8488,46.9,10,1.2,0.8,0.6,0.5,0.9,0.6,1,1.1,0.7,1.3,46.9,61.9,8.1,8,6.7,7.1,0.6,0.9,7.8,8.2,6.1,7,0.6,0.9,"35C","026C",8.025,6.725,0.00118240908101322,0.65,996.599671875,0.00037196480237904,0.00185510797582511,0.87,0.0265694225800238,0.0424061244243725,1.29044083657379,0.0809968847352025,0.950633935797141,0.0493660642028594
"49","026D","2.94461405382111",-0.0483688948477304,"0.98938",0.0602931907039079,"0.00230461054578577","41.0053261403509","0.537320038141524",0.953223185565191,"0.00106766939158057","6.10770021830587",7.45800460740524e-07,26,"LS",0.9,66,2.8151,2.2537,52.9,5,0.9,0.8,0.6,0.9,0.6,NA,NA,NA,NA,NA,52.9,65.6,8.6,9,7.2,6.7,0.9,0.6,8.7,8.6,6.6,7.4,1.7,0.8,"45C","026D",8.725,6.975,0.001450009943246,0.875,1248.46025,0.000449673908320269,0.00180518362518951,0.76,0.0108330038294669,0.514341618286403,8.13163725667521,0.100286532951289,0.811720698254364,0.188279301745636
"50","026E","3.2120044171159",-0.030334433962264,"0.99396",0.139942619614816,"0.00103930157778148","55.230812285102","0.089113270618032",0.912653399249726,"0.000343811793768289","14.1761873669809",4.6772693270293e-07,26,"LS",0.2,56,2.895,2.3507,25.2,10,1.1,0.6,1,1,0.5,0.9,0.9,0.5,0.9,0.8,40.7,79.8,8.2,8.6,6.9,6.7,0.8,0.5,7.9,7.7,6.5,6.7,0.8,0.5,"55C","026E",8.1,6.7,0.00103568885010895,0.7,1308.9195,0.000415839171163697,0.00179590876291476,0.82,0.0489907897315305,0.451609508641257,2.94522822517827,0.0864197530864197,0.769244901708617,0.230755098291383
