segment,TreeID,sp,lichen,apex_dist,treatment,sampleID,lenticel_size,LD,gbark,bark_thickness_ratio,Round,Tc
001A,1,CC,0.2,87,10C,001A,NA,NA,2.640293046,0.077823474,1,10.78177238
001B,1,CC,0.85,77.5,25C,001B,NA,NA,3.759630276,0.069857871,1,23.91111273
001C,1,CC,0.7,99.8,35C,001C,NA,NA,2.34101171,0.083435583,1,32.19708546
001D,1,CC,0.65,83,45C,001D,NA,NA,2.167358887,0.088266017,1,40.27912343
001E,1,CC,0.9,102,55C,001E,NA,NA,1.731846477,0.093441672,1,55.11831039
002A,2,CC,0.1,71,10C,002A,0.9925,0.00725319,3.108879625,0.089296363,5,10.35709998
002B,2,CC,0.1,127,25C,002B,0.96,0.015659745,3.82933176,0.079885057,5,25.35214805
002C,2,CC,0.2,135,35C,002C,0.86,0.001956492,3.250732835,0.065027322,5,33.94501488
002D,2,CC,0.15,149,45C,002D,0.853333333,0.005078512,2.305092406,0.061952007,5,39.63106141
002E,2,CC,0.05,103,55C,002E,NA,NA,2.086864144,0.103604806,5,55.39029467
003A,3,CC,0.85,150,10C,003A,NA,NA,3.009750488,0.075297788,4,10.90791577
003B,3,CC,0,145,25C,003B,NA,NA,7.311780603,0.053263316,4,23.3462038
003C,3,CC,0.25,125,35C,003C,NA,NA,2.389695346,0.074418058,4,33.05233827
003D,3,CC,0,115,45C,003D,NA,NA,4.601205047,0.085572139,4,42.25331
003E,3,CC,0.8,131,55C,003E,NA,NA,2.900691961,0.058007566,4,55.20752413
004A,4,LS,0.05,96,10C,004A,0.9125,0.014482642,5.427790173,0.080935702,5,10.29781028
004B,4,LS,0.05,84,25C,004B,1.064285714,0.015672459,6.940119768,0.084128361,5,25.2672381
004C,4,LS,0.3,41,35C,004C,0.974,0.019528416,4.035612097,0.109182349,5,33.90519386
004D,4,LS,0.15,79,45C,004D,1.165,0.021698938,3.182876377,0.08692422,5,39.7085284
004E,4,LS,0,73,55C,004E,1.0625,0.007310716,4.019773015,0.076622248,5,55.39516429
005A,5,MG,0.05,92,10C,005A,0.945,0.060291331,6.837396706,0.093209229,4,11.03068969
005B,5,MG,0,82,25C,005B,0.909,0.042234483,6.461222021,0.087161942,4,23.35853026
005C,5,MG,0,57,35C,005C,0.782,0.04077557,4.168575703,0.105527638,4,33.19117333
005D,5,MG,0,56,45C,005D,0.999,0.059084256,3.956026877,0.100807502,4,42.35057333
005E,5,MG,0.01,56,55C,005E,0.793,0.044942204,4.408092916,0.079562982,4,55.19976041
006A,6,MG,0,52,10C,006A,1.091,0.073415546,6.50106762,0.078092605,3,10.84909386
006B,6,MG,0,54,25C,006B,0.846,0.084354429,3.600288863,0.094400819,3,24.53488
006C,6,MG,0,40,35C,006C,1.191,0.07634949,3.807099998,0.078205517,3,32.80954144
006D,6,MG,0,37,45C,006D,1.14,0.076605107,3.821036152,0.078567538,3,40.78096129
006E,6,MG,0,51,55C,006E,1.125,0.094717476,2.796333632,0.086438923,3,55.1326562
007A,7,TD,0.2,67.8,10C,007A,1.44,0.033282092,15.86906602,0.093068953,1,10.85644679
007B,7,TD,0.1,74,25C,007B,NA,NA,6.138850276,0.098712446,1,23.928466
007C,7,TD,0,117,35C,007C,1.598,0.020059538,4.201153039,0.088902292,1,32.20041402
007D,7,TD,0.3,67,45C,007D,0.9775,0.011759563,6.068177781,0.093184687,1,40.22314606
007E,7,TD,0.25,116,55C,007E,1.244,0.011740622,5.291783527,0.093004338,1,55.11904737
008A,8,MG,0,38,10C,008A,1.022,0.049407399,8.092104328,0.120190671,2,11.21274917
008B,8,MG,0.2,42,25C,008B,1.285,0.056538701,7.527965815,0.10923913,2,23.73020965
008C,8,MG,0,42,35C,008C,1.272,0.050867384,4.381139384,0.104313824,2,33.6623727
008D,8,MG,0.03,49,45C,008D,1.14,0.0571327,6.908955978,0.107603093,2,41.06609124
008E,8,MG,0.03,65,55C,008E,1.249,0.067421649,3.780477085,0.080063208,2,47.97967853
009A,9,TD,0.2,86,10C,009A,1.117,0.039772845,6.040865491,0.087122368,2,11.24009543
009B,9,TD,0.2,61,25C,009B,1.231,0.019320311,7.660174817,0.069366197,2,23.73456604
009C,9,TD,0.2,63,35C,009C,1.55,0.012267036,7.156300949,0.112485042,2,33.74141118
009D,9,TD,0.05,60,45C,009D,1.355,0.035176308,5.004968436,0.092879963,2,41.05773772
009E,9,TD,0.1,116,55C,009E,1.425,0.024806832,3.455140432,0.060805577,2,50.65172606
010A,10,TD,0.15,67,10C,010A,1.247,0.054688026,5.093104995,0.087537651,3,10.88005432
010B,10,TD,0.1,44,25C,010B,1.362,0.026303344,12.42822253,0.081196581,3,24.53175686
010C,10,TD,0.08,58,35C,010C,1.595,0.031764671,3.926828553,0.085384916,3,32.68141087
010D,10,TD,0.3,67,45C,010D,2.07,0.002365513,4.898376368,0.089622642,3,40.80432525
010E,10,TD,0.1,66,55C,010E,1.766666667,0.009695943,5.888455698,0.085869974,3,55.122915
011A,11,TD,0,112,10C,011A,NA,NA,4.047242659,0.054812834,5,10.24989453
011B,11,TD,0.02,107,25C,011B,NA,NA,5.040375266,0.077464789,5,25.21858333
011C,11,TD,0,80,35C,011C,NA,NA,2.585776194,0.097672894,5,33.57036946
011D,11,TD,0.4,82,45C,011D,NA,NA,2.325783213,0.071518987,5,39.87834944
011E,11,TD,0.4,79,55C,011E,NA,NA,3.566322628,0.081145207,5,55.39607471
012A,12,TD,0.15,70,10C,012A,1.17,0.015722974,8.932330625,0.095441595,4,10.74341919
012B,12,TD,0,75,25C,012B,1.16875,0.012077223,9.381637171,0.076651264,4,23.32133256
012C,12,TD,0,69,35C,012C,0.853333333,0.00900059,5.109318071,0.076243094,4,32.95128256
012D,12,TD,0,49,45C,012D,NA,NA,5.21066401,0.074696707,4,42.21597305
012E,12,TD,0.02,60,55C,012E,1.242,0.009653358,9.184724393,0.08515999,4,55.21609293
013A,13,MG,0,57,10C,013A,0.872,0.052663163,2.321527301,0.102305896,5,10.21058253
013B,13,MG,0.05,24,25C,013B,0.904,0.087304271,4.389883836,0.098929708,5,25.14360104
013C,13,MG,0,55,35C,013C,0.817,0.068637087,2.51173364,0.097002944,5,33.41999156
013D,13,MG,0,48,45C,013D,0.861,0.083162355,1.475364456,0.099218532,5,39.95695484
013E,13,MG,0,66,55C,013E,0.803,0.105552325,2.899922571,0.085808581,5,55.39890537
014A,14,CC,0.15,117,10C,014A,NA,NA,3.926749276,0.081566299,2,11.22398774
014B,14,CC,0.03,81,25C,014B,NA,NA,3.884152332,0.060478655,2,23.73254545
014C,14,CC,0.15,101,35C,014C,NA,NA,3.303046929,0.052126772,2,33.68701116
014D,14,CC,0.08,71,45C,014D,NA,NA,3.631275297,0.053626782,2,41.06259642
014E,14,CC,0.3,103,55C,014E,NA,NA,2.88788726,0.065331928,2,50.16387745
015A,15,CC,0.2,105,10C,015A,NA,NA,2.608922755,0.053308247,3,10.80747645
015B,15,CC,0.5,86,25C,015B,NA,NA,3.249483301,0.085362047,3,24.5279186
015C,15,CC,0.35,103,35C,015C,NA,NA,2.604720213,0.07984608,3,32.97181747
015D,15,CC,0.1,63,45C,015D,NA,NA,2.188588495,0.075147518,3,40.74091882
015E,15,CC,0.3,106,55C,015E,NA,NA,1.921423685,0.074903793,3,55.122915
016A,16,PE,0,56.5,10C,016A,NA,NA,7.036514826,0.126687847,1,11.05963482
016B,16,PE,0,36,25C,016B,NA,NA,7.022229043,0.192213366,1,23.93834624
016C,16,PE,0,53,35C,016C,NA,NA,3.545598601,0.110027855,1,32.20180256
016D,16,PE,0,43.5,45C,016D,NA,NA,5.774803815,0.13022306,1,40.11545284
016E,16,PE,0.1,61,55C,016E,NA,NA,3.558381402,0.097506234,1,55.11904737
017A,17,PE,0,93,10C,017A,NA,NA,4.252800739,0.084275066,2,11.19878711
017B,17,PE,0,64,25C,017B,NA,NA,3.707508598,0.093645017,2,23.72337769
017C,17,PE,0,72,35C,017C,NA,NA,3.398873424,0.113460183,2,33.60613968
017D,17,PE,0,49,45C,017D,NA,NA,2.898855389,0.103419093,2,41.07388084
017E,17,PE,0,62,55C,017E,NA,NA,4.923884985,0.073398216,2,47.58815432
018A,18,PE,0,70,10C,018A,NA,NA,4.067682182,0.100641417,3,10.83019252
018B,18,PE,0,66,25C,018B,NA,NA,5.075080035,0.088081306,3,24.53123516
018C,18,PE,0,44,35C,018C,NA,NA,2.62381681,0.113449088,3,32.90194637
018D,18,PE,0,54,45C,018D,NA,NA,4.784225135,0.107105263,3,40.7529625
018E,18,PE,0,59,55C,018E,NA,NA,4.127397569,0.087374335,3,55.12338231
019A,19,PE,0,72,10C,019A,NA,NA,4.03199168,0.111381454,4,10.62280091
019B,19,PE,0,58,25C,019B,NA,NA,3.483246132,0.129053828,4,23.30020222
019C,19,PE,0,64,35C,019C,NA,NA,2.57031283,0.106356199,4,32.8588033
019D,19,PE,0,60,45C,019D,NA,NA,5.427915622,0.0955928,4,42.13856292
019E,19,PE,0,60,55C,019E,NA,NA,4.49893852,0.094228504,4,55.22897154
020A,20,PE,0,69,10C,020A,NA,NA,4.813615149,0.093361801,5,10.17942412
020B,20,PE,0.15,72,25C,020B,NA,NA,7.841633595,0.097618188,5,25.090456
020C,20,PE,0,80,35C,020C,NA,NA,3.812596865,0.112837838,5,33.33573874
020D,20,PE,0,74,45C,020D,NA,NA,7.655320864,0.105147059,5,40.079437
020E,20,PE,0,78,55C,020E,NA,NA,6.505245393,0.088570379,5,55.39943
021A,21,LS,0,55,10C,021A,1.237,0.067628099,6.196756462,0.093541848,2,11.27872628
021B,21,LS,0,61,25C,021B,1.342,0.037000391,10.23143547,0.074703121,2,23.74197917
021C,21,LS,0,43,35C,021C,1.292,0.070477301,7.672826398,0.080635754,2,33.79845667
021D,21,LS,0,46,45C,021D,1.366,0.147591936,6.056647936,0.096211366,2,41.04978415
021E,21,LS,0,62,55C,021E,1.442,0.053414187,6.75183737,0.068187884,2,54.67952567
022A,22,LS,0,51,10C,022A,1.146,0.087483405,8.672033743,0.078716318,3,10.85762428
022B,22,LS,0,76,25C,022B,1.122,0.097627478,9.855060844,0.072613459,3,24.5395697
022C,22,LS,0,46,35C,022C,0.696,0.21222329,5.07383802,0.066237542,3,32.75991131
022D,22,LS,0,47,45C,022D,0.786,0.077546555,3.480671314,0.102969166,3,40.80015464
022E,22,LS,0,57,55C,022E,0.768,0.102559743,6.502072686,0.093952484,3,55.12986677
023A,23,MG,0,53,10C,023A,1.245,0.045524083,4.244220905,0.0790938,1,10.67001341
023B,23,MG,0.02,46,25C,023B,1.227,0.070762076,8.664753928,0.08698922,1,23.89764188
023C,23,MG,0,48.5,35C,023C,1.272,0.084287022,3.443437892,0.083432658,1,32.18482983
023D,23,MG,0,49,45C,023D,1.406,0.065283526,2.915389616,0.081989581,1,40.31897309
023E,23,MG,0,46,55C,023E,1.269,0.050252874,3.085663454,0.084702397,1,55.11831039
024A,24,LS,0.55,47,10C,024A,1.362,0.087295075,7.331301698,0.009146341,1,10.98738793
024B,24,LS,0.75,75,25C,024B,0.833,0.080451656,6.913057045,0.07306968,1,23.93427813
024C,24,LS,0.7,55,35C,024C,1.032,0.066425818,3.949182639,0.097975946,1,32.20098097
024D,24,LS,0.5,72,45C,024D,0.665,0.077542759,4.317179145,0.083773319,1,40.12709944
024E,24,LS,0.3,55,55C,024E,1.057,0.108018896,6.86689466,0.077769626,1,55.11904737
025A,25,LS,0,68,10C,025A,1.088,0.100480921,5.086902205,0.090137068,4,10.51400492
025B,25,LS,0,53,25C,025B,1.281,0.080876341,6.806924606,0.091570649,4,23.26503125
025C,25,LS,0.3,60,35C,025C,1.092,0.115617037,3.443598894,0.08225758,4,32.72834848
025D,25,LS,0.4,81,45C,025D,1.191,0.065256662,2.417652681,0.116648107,4,42.07683158
025E,25,LS,0,58,55C,025E,1.142,0.076543168,3.78089805,0.097629239,4,55.23140667
