"","segment","int","slope","R2","D","D_sd","Tc","Tc_sd","mf","mf_sd","vpd","RH","RH_sd","D_early","D_late","mf_early","mf_late","vpd_early","vpd_late","RH_early","RH_late","Tc_early","Tc_late","mols_per_sec","TreeID","sp","lichen","apex_dist","fresh_mass","dry_mass","length_counted_lenticel","n_lenticels","lenticel_diam1","lenticel_diam2","lenticel_diam3","lenticel_diam4","lenticel_diam5","lenticel_diam6","lenticel_diam7","lenticel_diam8","lenticel_diam9","lenticel_diam10","exposed_length","total_length","basal_diam1","basal_diam2","basal_xylem_diam1","basal_xylem_diam2","basal_pith_diam1","basal_pith_diam2","distal_diam1","distal_diam2","distal_xylem_diam1","distal_xylem_diam2","distal_pith_diam1","distal_pith_diam2","treatment","sampleID","diam","wood_diam","sa","bark_thickness","vol","water_content","density","lenticel_size","LD","E","gs","bark_thickness_ratio","RWC_end","LossFrac_end"
"1","001A","3.0955301035549",-0.00108131762958855,"0.99149",0.0081316094714663,"0.00167539528643413","10.781772375","0.929781452847375",0.991269245315924,"0.00114981089918311","0.823732039459536",36.2039552678571,"13.5186257741981",0.00801682521422048,0.00830251047669897,0.991665203182643,0.990679708047698,0.812104394200535,0.841044311289606,34.7840491044776,38.3180377777778,10.2460642686567,11.5793822222222,1.66728470619964e-08,1,"CC",0.2,87,2.7745,1.7358,NA,NA,NA,NA,NA,NA,NA,NA,NA,NA,NA,NA,31.28,57.85,8.28,8.04,7.1,6.53,1.05,1.1,7.47,7.82,6.42,6.64,0.83,1.34,"10C","001A",7.9025,6.6725,0.000776570916359392,0.615,903.175984140625,0.00115005272310061,0.00192188458338119,NA,NA,0.0214698319377702,2.61724129481289,0.0778234735843088,0.993742177722153,0.00625782227784721
"2","001B","4.12024193690311",-0.00397074988954408,"0.99129",0.0125856572640077,"0.000640889312519927","23.9111127272727","0.249964011027603",0.97697181547242,"0.00020476348020132","1.27492708084398",57.095972,"1.60852492491279",0.012143428524233,0.0132490003736699,0.97698235943331,0.976955999531083,1.2301293095048,1.34212373785276,58.25649,55.355195,23.7804833333333,24.1070568181818,6.12250312195487e-08,1,"CC",0.85,77.5,3.9325,2.3894,NA,NA,NA,NA,NA,NA,NA,NA,NA,NA,NA,NA,44.18,63.24,9.88,10.15,8.58,8.72,0.89,0.83,8.61,8.65,7.29,7.49,0.97,0.9,"25C","001B",9.3225,8.02,0.00129392164012835,0.65125,1374.0313888125,0.00112304566879918,0.00173897046272358,NA,NA,0.0473174180883746,3.67305281588022,0.0698578707428265,0.976346315857689,0.0236536841423111
"3","001C","3.77013387376858",-0.00467022878285366,"0.99918",0.0305852540531708,"0.000482155354661619","32.197085462963","0.14322580882253",0.967781127293098,"0.000245402025544552","3.0982862355862",35.6277805555556,"0.685883121764331",0.0303527246937985,0.0309367519219894,0.967749717417058,0.967828607338274,3.07473101148179,3.13389296969753,36.0015769230769,35.0627395348837,32.1656295384615,32.2446351162791,7.20103030879845e-08,1,"CC",0.7,99.8,3.2246,2.2377,NA,NA,NA,NA,NA,NA,NA,NA,NA,NA,NA,NA,39.28,61.59,8.06,8.48,7.19,6.78,1.69,1.63,7.92,8.14,6.6,6.59,1.08,0.79,"35C","001C",8.15,6.79,0.00100572433937901,0.68,1022.74044375,0.000964956461857921,0.0021879451562463,NA,NA,0.0716004378818631,2.26558695139579,0.0834355828220859,0.958151788428413,0.0418482115715875
"4","001D","4.21560803303249",-0.00903098686911634,"0.99412",0.0569775025305848,"0.00534430752935387","40.2791234285714","1.30742878451064",0.954340023153747,"0.00284816178716579","5.77182100634824",23.2507466666667,"1.3706242939643",0.0582647554539918,0.0550466231454743,0.953443898109639,0.955684210719909,5.90221972748937,5.57622292463655,23.1471920634921,23.4060785714286,40.6553592063492,39.7147697619048,1.39248874491178e-07,1,"CC",0.65,83,3.8784,2.4566,NA,NA,NA,NA,NA,NA,NA,NA,NA,NA,NA,NA,49.99,93.55,7.21,7.5,5.85,5.94,1.34,1.08,7.14,6.87,5.76,6.1,0.66,0.8,"45C","001D",7.18,5.9125,0.00112760619628621,0.63375,1205.681755,0.00117924982616993,0.00203751942816784,NA,NA,0.123490696441538,2.06839732994665,0.088266016713092,0.947390631593754,0.0526093684062461
"5","001E","4.45861757544006",-0.0178930733156324,"0.99932",0.138659357834589,"0.000702527195298595","55.1183103896104","0.0935732974512433",0.912856257550027,"0.000367864811079268","14.0461929486438",11.3848987012987,"0.11272452272956",0.138562525924061,0.138803043895372,0.912869798952446,0.912836163856114,14.0363838761074,14.0607483466012,11.4117086956522,11.3451161290323,55.1100280434783,55.1306003225806,2.75893471721296e-07,1,"CC",0.9,102,4.1748,2.6878,NA,NA,NA,NA,NA,NA,NA,NA,NA,NA,NA,NA,42.45,71.77,9.26,9.17,7.57,7.19,1.47,1.18,7.95,8.08,6.49,6.77,0.8,0.78,"55C","001E",8.615,7.005,0.0011489016391682,0.805,1331.6605020625,0.00111665097650408,0.00201838230978323,NA,NA,0.240136720425468,1.58092689401773,0.0934416715031921,0.923604572965703,0.0763954270342971
"6","002A","3.8114155207854",-0.00166324352571546,"0.9912",0.00827788019898214,"0.00174789909736304","10.357099975","0.52368263784225",0.991713774947089,"0.00101763023019637","0.83854926415689",33.24464975,"14.3581240553137",0.00806041630669355,0.00860407603741502,0.991835398609924,0.991531339452835,0.816520171868057,0.871592902590141,33.7476939583333,32.4900834375,10.0792437083333,10.773884375,2.56455681219785e-08,2,"CC",0.1,71,3.5568,2.1991,65.77,4,0.78,0.63,1.13,1.43,NA,NA,NA,NA,NA,NA,37.83,65.77,9.3,8.84,7.47,7.18,1.47,1.35,7.89,7.51,6.31,6.59,0.82,0.71,"10C","002A",8.385,6.8875,0.000996527483965256,0.74875,1156.0429895625,0.00117443729364582,0.00190226489832549,0.9925,0.00725319047449375,0.0257349330897858,3.08311874888217,0.0892963625521765,0.991971716874125,0.00802828312587489
"7","002B","3.69996941251326",-0.00402093275621125,"0.99966",0.0138338961468419,"0.00100162268647246","25.3521480519481","0.658676204417536",0.974940268981866,"0.000784120873783666","1.40137367967509",56.787244025974,"1.59909733737939",0.0131348293719227,0.0149092252089643,0.975399857998208,0.974227531146794,1.33055821537577,1.51030451366808,57.8660014893617,55.1341651612903,24.9270680851064,26.0093096774194,6.19988013294401e-08,2,"CC",0.1,127,3.177,2.2163,58.72,8,0.78,1.36,0.9,1.44,0.79,0.5,0.83,1.08,NA,NA,42.82,58.72,8.69,8.72,7.43,7.34,1.08,1.12,8.75,8.64,7.11,7.36,0.7,1.11,"25C","002B",8.7,7.31,0.00117035007761242,0.695,1111.1292,0.000864615924052757,0.00199463752730106,0.96,0.0156597450593504,0.0529745778766651,3.73336973590531,0.0798850574712644,0.972936400541272,0.0270635994587278
"8","002C","3.959110572354",-0.00702763163336606,"0.99908",0.0348232253725466,"0.00257831208805856","33.945014875","0.95515530839064",0.964943849417181,"0.00145551511831202","3.52759273023897",33.70733,"1.63812314932576",0.0355175400429324,0.0337817533669678,0.964704442288477,0.965302960110236,3.59792680634906,3.42209161607384,33.0901314583333,34.6331278125,34.1528854166667,33.6332090625,1.08359120599693e-07,2,"CC",0.2,135,3.6661,2.2152,55.86,1,0.86,NA,NA,NA,NA,NA,NA,NA,NA,NA,33.3,55.86,9.09,9.08,7.67,8.28,0.96,1,9.58,8.85,7.67,8.22,1.54,1.47,"35C","002C",9.15,7.96,0.000957227573585542,0.595000000000001,1169.1847125,0.00124095019759335,0.00189465357895705,0.86,0.00195649154110882,0.113201002133491,3.13677465507512,0.0650273224043716,0.967744158797987,0.0322558412020126
"9","002D","4.90047912891578",-0.0104532383817297,"0.99974",0.0533139916661709,"0.00252647738918334","39.6310614102564","0.615192262127135",0.955146750473163,"0.00116914149043427","5.40070735578311",25.4767282051282,"0.996494850456512",0.0538160376971406,0.0525528251030877,0.954958956357021,0.955431470584734,5.45156461872034,5.32360118294278,25.2458638297872,25.8267483870968,39.7421810638298,39.4625896774194,1.61178584416021e-07,2,"CC",0.15,149,4.6887,2.8855,54.52,3,0.94,1.01,0.61,NA,NA,NA,NA,NA,NA,NA,38.53,54.52,11.01,10.52,10.17,9.11,1.14,1.53,11.17,10.64,9.74,8.95,1.62,1.25,"45C","002D",10.835,9.4925,0.0013115286961554,0.671250000000001,1600.12417675,0.00112691253978955,0.00180329754523222,0.853333333333333,0.00507851210429503,0.122893677346518,2.20170152154834,0.0619520073834795,0.962677462289263,0.0373225377107367
"10","002E","4.88890839557275",-0.0270072887609107,"0.99459",0.138907576636221,"0.000905519987093393","55.3902946666667","0.118348430952882",0.910930939204759,"0.000502484080149767","14.0713375132492",12.3739866666667,"0.21484982393953",0.138639742300838,0.139309328139297,0.911184149932577,0.910551123113033,14.0442058950749,14.1120349405107,12.32908,12.4413466666667,55.3392,55.4669366666667,4.1642564843891e-07,2,"CC",0.05,103,4.6583,2.8312,NA,NA,NA,NA,NA,NA,NA,NA,NA,NA,NA,NA,48.84,67.1,9.25,9.9,7.56,7.95,0.92,1,8.82,9.48,7.24,6.94,0.73,0.65,"55C","002E",9.3625,7.4225,0.00143653879394741,0.97,1470.43621484375,0.00124255644791376,0.0019254150376736,NA,NA,0.289881241072947,1.90098911508593,0.103604806408545,0.90662798971047,0.09337201028953
"11","003A","4.0364463736175",-0.00224610129985513,"0.99633",0.00827877240538112,"0.00185906483929021","10.9079157682927","0.951388683865792",0.991234361405839,"0.00116859412461461","0.838639644665107",35.6664437804878,"14.5033666226791",0.00785962300561289,0.00890114575655213,0.991395456909524,0.990995158991278,0.796179810468586,0.90168606513873,36.950507755102,33.7598033333333,10.4680733265306,11.5610151515152,3.46326578181153e-08,3,"CC",0.85,150,3.8688,2.3785,NA,NA,NA,NA,NA,NA,NA,NA,NA,NA,NA,NA,50.19,66.63,8.45,9.34,7.15,8.34,1.05,0.75,8.03,9.44,7.71,6.75,0.79,0.73,"10C","003A",8.815,7.4875,0.00138991865852557,0.66375,1294.3581279375,0.00115138149777351,0.00183759034587285,NA,NA,0.0249170392854887,2.98336810276627,0.0752977878615995,0.992686036368516,0.00731396363148384
"12","003B","5.28831168179905",-0.00943571249473798,"0.99845",0.0110756880820128,"0.000845913666234689","23.3462037974684","0.296635624035504",0.977196660442318,"0.000308796327763359","1.1219672027079",60.9496330379747,"2.44650709214458",0.0104725848337675,0.0120095253696185,0.977220647427927,0.977159519303312,1.06087284366065,1.21656491994235,62.6188064583333,58.3651064516129,23.1559666666667,23.640764516129,1.45489342854417e-07,3,"CC",0,145,5.1054,3.0339,NA,NA,NA,NA,NA,NA,NA,NA,NA,NA,NA,NA,57.2,69.08,10.4,11.18,9.66,9.45,1.42,1.29,9.75,8.66,8.88,7.74,0.97,0.77,"25C","003B",9.9975,8.9325,0.0017965417501039,0.532499999999999,1726.1366079375,0.00120007882949378,0.00175762450436939,NA,NA,0.0809830012834399,7.14504758718267,0.0532633158289571,0.969152787834902,0.0308472121650979
"13","003C","7.51957818208358",-0.0126549415793305,"0.99922",0.0323945554538813,"0.00262898234627907","33.0523382716049","0.998766857691011",0.966277223552026,"0.00151343238179906","3.28156846747818",35.1922011111111,"1.8382218965008",0.0312280776553841,0.0340912504335135,0.966858650211112,0.965431512047901,3.16340426649041,3.45344366891492,36.000426875,34.0166,32.6333752083333,33.6617390909091,1.95126667463066e-07,3,"CC",0.25,125,7.3053,4.4703,NA,NA,NA,NA,NA,NA,NA,NA,NA,NA,NA,NA,75.46,93.71,11.38,10.81,9.27,10.11,1.89,2.28,9.87,10.47,8.35,8.47,1.49,1.94,"35C","003C",10.6325,9.05,0.00252058916428609,0.791250000000001,2648.48019279688,0.00107042522262783,0.00168787367644205,NA,NA,0.0774131184200074,2.30910818454916,0.0744180578415237,0.969488536155203,0.0305114638447972
"14","003D","2.6911492495278",-0.0202219665633841,"0.99434",0.0648187090915978,"0.00921709857623157","42.25331","2.03303986846715",0.949869426166679,"0.00498082725779466","6.56613523097886",21.6640303797468,"1.80350751374708",0.0648286911340627,0.0648032530258457,0.949630885005194,0.950238780223173,6.56714641188055,6.56456953151817,21.9171125,21.2721612903226,42.3003058333333,42.1805422580645,3.11802699390371e-07,3,"CC",0,115,2.4959,1.3864,NA,NA,NA,NA,NA,NA,NA,NA,NA,NA,NA,NA,44.15,58.69,7.56,8.26,5.9,6.89,1.69,1.95,7,7.33,6.25,5.95,0.87,1.01,"45C","003D",7.5375,6.2475,0.00104546116675702,0.645,833.602039453125,0.00133097083199062,0.00166314372372401,NA,NA,0.298244171380914,4.3705439972094,0.0855721393034826,0.887156376746282,0.112843623253718
"15","003E","3.32329533253868",-0.0336007808699037,"0.99865",0.138138209931915,"0.00100779283052591","55.2075241333333","0.111420796812868",0.911925667923552,"0.000485943655012271","13.993400666103",12.0945986666667,"0.34730217915649",0.137918289128569,0.138468091136933,0.911808851254186,0.912100892927602,13.9711226887241,14.0268176321713,12.23858,11.8786266666667,55.20841,55.2061953333333,5.18090767484042e-07,3,"CC",0.8,131,3.1561,1.87,NA,NA,NA,NA,NA,NA,NA,NA,NA,NA,NA,NA,51.9,62.42,7.65,8.17,7.22,6.61,0.7,0.85,8.2,7.7,7.2,7.01,0.68,0.58,"55C","003E",7.93,7.01,0.00129297586365999,0.46,981.3188645,0.0013105831820071,0.00190559874842801,NA,NA,0.400696395072293,2.64521545408008,0.0580075662042875,0.837104424228287,0.162895575771713
"16","004A","4.49220969190676",-0.00379494404317775,"0.99339",0.00834941542211485,"0.00169361522526458","10.2978102758621","0.541214853351981",0.991798204759031,"0.00101737122091913","0.845795782260235",32.3754905747126,"14.0840731453639",0.00816606661180191,0.00862181936886552,0.991951479288904,0.991570482600363,0.827222547775533,0.873390302066077,32.4972540384615,32.1945848571429,10.0015018076923,10.73804,5.85142791621851e-08,4,"LS",0.05,96,4.294,2.0829,55.28,8,1.28,1.27,1.26,1.03,0.68,0.66,0.71,0.41,NA,NA,41.13,55.28,10.47,9.46,7.99,8.87,2.15,1.97,10.59,9.45,7.7,8.94,1.85,2.57,"10C","004A",9.9925,8.375,0.00129116795562767,0.80875,1379.927777375,0.00160233023514181,0.00150942682229518,0.9125,0.0144826420104514,0.0453188749822559,5.38327254984225,0.0809357017763322,0.98995974854145,0.0100402514585499
"17","004B","3.06782388002153",-0.00588134129771569,"0.99751",0.0137383110758089,"0.00101031401360686","25.2672380952381","0.691584262767142",0.975051306102579,"0.000837879171172933","1.39169091197944",56.8724342857143,"1.55695266367233",0.0130097320810499,0.0148642967949819,0.97558026557559,0.974233823280652,1.31788585981035,1.50575326533167,57.9341247058824,55.23164,24.7965705882353,25.9946333333333,9.06844587501352e-08,4,"LS",0.05,84,2.866,1.5219,51.65,7,1.27,1.44,1.07,0.91,0.96,0.67,1.13,NA,NA,NA,35.01,51.65,9.21,8.24,6.84,7.59,1.67,1.14,8.48,8.66,6.97,7.37,1.25,1.27,"25C","004B",8.6475,7.1925,0.00095111395574184,0.7275,965.587146328125,0.00139200278826335,0.0015761394564824,1.06428571428571,0.0156724590396085,0.0953455242693859,6.76697284381632,0.0841283607979185,0.96838032884458,0.03161967115542
"18","004C","3.47886647373786",-0.0105896347111144,"0.99882",0.0347287913933157,"0.00259499309954177","33.9051938554217","0.970364823505649",0.96501082852737,"0.00149088297713332","3.51802656814288",33.7429373493976,"1.62045488608426",0.0353413846849909,0.0338006197392623,0.9648244907401,0.965293158508083,3.58008226858958,3.42400277958727,33.1656762,34.6175754545455,34.079718,33.6407633333333,1.6328168074722e-07,4,"LS",0.3,41,3.2507,1.5206,66.46,10,1.61,0.99,0.67,0.98,1.48,1.09,0.52,0.85,1.2,0.35,48.13,66.46,7.88,8.45,6.21,6.25,2.24,2.91,7.53,6.96,5.76,5.87,1.42,2.15,"35C","004C",7.705,6.0225,0.00116503340328512,0.84125,986.383120375,0.00175398378607924,0.00154159166817646,0.974,0.0195284160911805,0.140151930654352,3.89440937315482,0.109182349123945,0.957863707300156,0.0421362926998441
"19","004D","3.38667379006968",-0.0134313536192484,"0.9997",0.0536375410143416,"0.0029874679726032","39.7085283950617","0.723654603188663",0.954998966673423,"0.00137726247486388","5.4334829047528",25.359524691358,"1.14866457947162",0.054454268454344,0.0524495738288834,0.95467859420986,0.95546496298406,5.51621739442505,5.31314182886589,24.9988541666667,25.8841363636364,39.8930941666667,39.4400690909091,2.07098172268337e-07,4,"LS",0.15,79,3.1687,1.6497,60.26,11,1.16,1.46,0.92,1.06,1.34,1.2,1.06,1.63,0.87,0.95,45.9,60.26,8.53,8.45,6.79,7.07,1.98,1.78,8.39,8.28,6.83,7.11,1.1,1.41,"45C","004D",8.4125,6.95,0.00121307495230308,0.73125,1066.15240390625,0.00142474940208789,0.0015473397555131,1.165,0.0216989380835597,0.170721662231301,3.03964365137597,0.086924219910847,0.940289664252798,0.0597103357472021
"20","004E","4.47447089204739",-0.0467423876123981,"0.99584",0.139047546600796,"0.000946852037170491","55.3951642857143","0.112649720295331",0.910964235548083,"0.000484299942688032","14.0855164706607",12.3060952380952,"0.282998149299905",0.138975445942599,0.139153576980498,0.911200390297616,0.910616949151712,14.0782126739853,14.0962573481245,12.201214,12.4603323529412,55.3592562,55.4479702941176,7.20721329837753e-07,4,"LS",0,73,4.2141,2.0648,63.4,4,1.21,0.89,0.85,1.3,NA,NA,NA,NA,NA,NA,47.56,63.4,9.09,8.79,7.62,7.77,1.31,1.45,8.15,8.49,6.7,7.14,1.68,1.38,"55C","004E",8.63,7.3075,0.00128944408519882,0.66125,1180.458865,0.00182073265212846,0.00174915031876185,1.0625,0.00731071641365495,0.558939575675064,3.66186945199571,0.0766222479721901,0.854557297724841,0.145442702275159
"21","005A","4.89061370699765",-0.00652103199761922,"0.99797",0.0082827878598015,"0.00190577475757021","11.0306896923077","0.799445329728613",0.991137117674161,"0.00111318016323181","0.839046410197892",36.2010767948718,"14.6642621383303",0.00788347546563744,0.0088881969735341,0.991232259744391,0.990992870019296,0.798596064669073,0.900374353419004,37.7641208510638,33.8313003225806,10.6840743829787,11.5562032258065,1.00547855882143e-07,5,"MG",0.05,92,4.6885,2.612,34.79,20,0.77,1.12,0.94,0.97,0.92,0.76,0.76,0.94,0.95,1.32,59.27,71.74,9.31,9.54,7.46,7.85,2.86,3.62,9.9,9.39,7.69,8.03,3.29,2.84,"10C","005A",9.535,7.7575,0.00177543794437378,0.88875,1630.582495375,0.00127347129377986,0.00160188154074308,0.945,0.0602913307246279,0.0566327064264741,6.776797663265,0.093209229155742,0.979484709848302,0.0205152901516976
"22","005B","2.96859965384906",-0.00628866824437755,"0.99746",0.0110902496973438,"0.000859331240794001","23.3585302631579","0.295709217089914",0.977182873910217,"0.000306575095028685","1.12344229434093",60.9280460526316,"2.49213258246618",0.0104683549967969,0.0120438215715158,0.977187482388394,0.977175807577014,1.06044436117553,1.22003912519455,62.6763415217391,58.2473263333333,23.1741434782609,23.6412566666667,9.69650369078291e-08,5,"MG",0,82,2.7421,1.4778,30.86,10,0.81,0.99,0.76,1.01,0.96,0.89,1.11,0.79,1.08,0.69,56.14,69.95,7.83,7.65,6.66,6.48,1.22,2.59,7.82,7.39,6.05,6.15,2.85,3.54,"25C","005B",7.6725,6.335,0.00135319124129024,0.66875,1029.44114367188,0.00122814209221366,0.0014355361732764,0.909,0.0422344828926059,0.0716565655682005,6.31379550392277,0.0871619420006516,0.967650083049909,0.032349916950091
"23","005C","3.43905551735057",-0.0142284718020219,"0.98977",0.0326765421919902,"0.00252634303683681","33.1911733333333","0.902589025908298",0.966040553821838,"0.00130728317311103","3.31013372404861",35.1173638666667,"1.88855761387397",0.031407014617444,0.0345808335538095,0.966580967649163,0.965229933080849,3.18153058074708,3.5030384390009,36.1225975555556,33.6095133333333,32.7707513333333,33.8218063333333,2.19388945291964e-07,5,"MG",0,57,3.2831,1.809,36.15,11,0.79,0.9,0.83,0.72,0.64,0.86,0.45,0.9,0.62,1.11,68.7,84.88,7.5,7.44,6.17,5.34,2.6,2.71,7.47,7.44,6.01,6.03,3.09,2.48,"35C","005C",7.4625,5.8875,0.00161061208668833,0.7875,1181.718590625,0.00124742050408157,0.00153082130919446,0.782,0.0407755698733409,0.136214639828677,4.02701318045189,0.105527638190955,0.936232277321756,0.0637677226782443
"24","005D","6.19138131499905",-0.0416241036689688,"0.9953",0.0652515481044822,"0.00954275464416176","42.3505733333333","2.10368159986115",0.949636390248817,"0.00515788171180452","6.60998182298405",21.5799291666667,"1.86528902064687",0.0668024933688873,0.0629518706434678,0.948536575595078,0.951267149907809,6.76709257826829,6.37702449618328,21.5918558139535,21.5622448275862,42.7370853488372,41.7774693103448,6.4180245986507e-07,5,"MG",0,56,6.0984,3.1461,40.56,23,1,1.25,0.78,1.26,0.89,0.74,0.98,0.95,0.8,1.34,82.46,93.87,9.52,10.12,7.66,7.58,3.98,3.99,9.56,9.19,7.99,7.42,4.14,3.92,"45C","005D",9.5975,7.6625,0.0024862873707386,0.9675,2161.63850667188,0.00136576952662888,0.00145542374004238,0.999,0.0590842556899423,0.258136878069091,3.75678708322924,0.100807501953634,0.913321816888528,0.0866781831114722
"25","005E","5.13381763846578",-0.0690306015571139,"0.99578",0.138072851088163,"0.000963806304507084","55.1997604109589","0.110273016398674",0.91195138419101,"0.000507606767391019","13.986779815231",12.1033479452055,"0.349723666751332",0.137792145051646,0.13849874990219,0.911803145295518,0.912176298377275,13.9583442937317,14.0299233650919,12.2865431818182,11.8253965517241,55.2007988636364,55.1981848275862,1.06438351772486e-06,5,"MG",0.01,56,4.9562,2.6314,34.32,15,0.92,0.63,0.75,0.53,1.04,0.78,0.77,0.86,0.9,0.75,57.24,72.18,10.03,9.34,8.5,8.54,3.48,4.15,9.78,9.75,7.81,7.86,4.26,3.43,"55C","005E",9.725,8.1775,0.00174879582495464,0.77375,1706.617153125,0.00136222702071349,0.00154188067029657,0.793,0.0449422043252377,0.60863795677947,4.0199664364272,0.0795629820051414,0.817618719889883,0.182381280110117
"26","006A","2.99883041047026",-0.00514413765574154,"0.99059",0.00873238268519646,"0.00199188788099506","10.8490938556701","0.504535794806556",0.991527146871893,"0.00111732033272421","0.884590366010402",31.8681542268041,"15.6543448677174",0.00867844246844973,0.00881260146907622,0.991607948181619,0.991406980821531,0.879126222053958,0.89271652881742,31.7546755172414,32.0369174358974,10.7217897241379,11.0384179487179,7.93175086146245e-08,6,"MG",0,52,2.8853,1.5558,28.24,15,0.76,1.32,1.01,1.3,1.23,1.37,1.26,0.82,0.9,0.94,61.47,79.11,7.44,7.39,6.46,6.11,3.78,2.62,7.24,6.87,5.94,5.91,2.7,3.29,"10C","006A",7.235,6.105,0.00139717762251095,0.565,1035.2576874375,0.00128422132589116,0.00150281424507068,1.091,0.0734155456928568,0.0567698103209514,6.44598502896751,0.078092605390463,0.968033095148552,0.0319669048514479
"27","006B","2.76417478529912",-0.00368972007591559,"0.99796",0.0122423004345867,"0.000587445769341338","24.53488","0.232653591272335",0.97568309094496,"0.000219461622561027","1.24014503402363",59.7951404210526,"1.46486626491753",0.0119268908615097,0.0127154147942021,0.975770713939645,0.975551656452933,1.20819404427093,1.28807151865268,60.5056461403509,58.7293818421053,24.4000894736842,24.7370657894737,5.6891829786153e-08,6,"MG",0,54,2.6445,1.4346,30.76,19,0.74,0.79,0.72,0.61,0.88,0.94,1.08,1.05,0.8,0.85,56.11,72.61,7.75,7.05,5.77,6.1,2.28,3.14,7.56,6.93,5.85,6.04,2.53,3.26,"25C","006B",7.3225,5.94,0.00129077195787368,0.69125,973.319010953125,0.00124306623664445,0.00147392579807433,0.846,0.084354428896098,0.0440758179158712,3.51274096644372,0.0944008193922841,0.975204562360525,0.0247954376394746
"28","006C","3.63859265976727",-0.0113355871644304,"0.99848",0.03094984877794,"0.00220276713718602","32.809541443299","0.887026704558537",0.96624461527003,"0.00134328678492309","3.13521968120532",37.1991525773196,"1.4317129171179",0.0310065614466038,0.0308655068604399,0.966296166945376,0.966167948675925,3.14096467454096,3.12667584496257,37.0548672413793,37.4137307692308,32.8000068965517,32.823721025641,1.74783528890019e-07,6,"MG",0,40,3.4425,1.8523,41.29,26,1.03,0.97,1.38,0.9,1.2,1.25,1.8,1.18,0.93,1.27,57.25,71.93,8.04,8.38,6.9,6.78,2.2,3.73,8.47,8.1,6.85,7.3,2.81,3.46,"35C","006C",8.2475,6.9575,0.00148336383975008,0.645,1223.19224051563,0.001300040948044,0.00151431634263734,1.191,0.0763494900845137,0.117829169220861,3.67858987287032,0.0782055168232798,0.943403345491133,0.0565966545088668
"29","006D","4.52784722458786",-0.0236576961655029,"0.999",0.0575188115530295,"0.00113701304795418","40.7809612903226","0.273026096165636",0.952763943312083,"0.000559881947217989","5.82665561032189",24.3180225806452,"0.48327120213257",0.0574174346492034,0.0576722468669285,0.952812383788675,0.95269062799616,5.81638612996431,5.84219860761986,24.3549571428571,24.2621216216216,40.7554823214286,40.8195240540541,3.6477824758734e-07,6,"MG",0,37,4.3183,2.3516,28.44,20,1.12,1.24,1.04,1.13,1.22,1.62,1.14,0.76,1.19,0.94,57.55,71.18,9.54,9.11,7.91,7.96,3.39,2.57,9.15,8.92,7.7,7.38,3.57,3.68,"45C","006D",9.18,7.7375,0.00165973167322537,0.72125,1499.627358,0.0013114591365037,0.00156812289896888,1.14,0.0766051068028399,0.21978145833565,3.64054547124461,0.0785675381263616,0.908882900289825,0.0911170997101748
"30","006E","3.31574342699945",-0.0376890841905523,"0.99639",0.13697127849411,"0.00108606140279743","55.1326561956522","0.13888401710149",0.911903142086625,"0.000533158911996405","13.8751905114534",12.5251173913043,"0.212182995149193",0.137032057288704,0.136880931637282,0.911913611182086,0.911887579917697,13.8813474033457,13.8660383748567,12.4975709090909,12.5660648648649,55.1352114545455,55.1288578378378,5.8112835620269e-07,6,"MG",0,51,3.1762,1.7417,42.26,29,1.17,1.21,0.9,1.02,1.23,1.52,1.08,0.82,1.16,1.14,66.66,81.69,7.49,7.36,6.37,6.08,3.16,3.49,6.96,7.17,5.77,5.75,2.65,2.65,"55C","006E",7.245,5.9925,0.0015172375127587,0.626250000000001,1071.9775355625,0.00133818102750378,0.00162475419700477,1.125,0.094717475733546,0.383017392673121,2.54998542535664,0.0864389233954452,0.806692227256884,0.193307772743116
"31","007A","2.03153331653059",-0.0074508090897327,"0.99571",0.00812529556856915,"0.0017136841307675","10.8564467850467","0.882710637979401",0.991204472481741,"0.00113540653479743","0.823092441096055",36.5883513084112,"13.7077858607803",0.00792076954137167,0.00842970639974681,0.991519787482306,0.990735166434389,0.80237395454095,0.853929258294351,36.0471421875,37.3938718604651,10.36456415625,11.5885511627907,1.14884097920899e-07,7,"TD",0.2,67.8,1.9653,0.9614,55.82,13,1.6,1.89,1.49,1.34,1.23,1.24,1.2,1.73,1.28,1.4,40.53,55.82,7.13,7.26,6.02,6.09,0.71,0.59,6.63,6.97,5.55,5.12,0.94,0.84,"10C","007A",6.9975,5.695,0.000890982929874335,0.65125,683.30666221875,0.00146917929460875,0.00140698174503123,1.44,0.0332820917129,0.128940851804088,15.7294892124551,0.0930689531975705,0.931766112162566,0.0682338878374342
"32","007B","2.90765413080874",-0.00574201426585162,"0.99979",0.012643168980895,"0.000644394428882699","23.928466","0.25579287992081",0.976969843297326,"0.000214671905180238","1.28075301776466",56.9451682,"1.61055312601602",0.0121909996589228,0.0133214229638531,0.9770000815779,0.976924485876464,1.23494826544888,1.34946014623832,58.101344,55.2109045,23.783915,24.1452925,8.85361738888633e-08,7,"TD",0.1,74,2.7968,1.2904,NA,NA,NA,NA,NA,NA,NA,NA,NA,NA,NA,NA,47.95,63.32,7.58,7.9,6.33,6.3,0.66,0.59,7.13,7.68,5.75,5.93,0.87,0.71,"25C","007B",7.5725,6.0775,0.00114071661220835,0.7475,907.7358314375,0.0016595136468442,0.00142155895505029,NA,NA,0.0776145213818383,5.99747159170246,0.0987124463519313,0.968335103558152,0.0316648964418483
"33","007C","5.3170029595797",-0.0119030992482008,"0.99502",0.0306169657497543,"0.000477122728581272","32.2004140196078","0.146642736947741",0.96778798925054,"0.000250846256900125","3.10149863045011",35.573168627451,"0.666112502908308",0.0303898135396226,0.0309549239160477,0.967769154190757,0.967816012144364,3.07848811156377,3.13573379269563,35.9220196721311,35.0541463414634,32.1652724590164,32.252697804878,1.83534003236894e-07,7,"TD",0,117,5.1752,2.5046,62.54,13,1.31,1.4,1.52,1.63,2.03,1.6,1.94,1.81,1.08,1.66,43.83,62.54,10.49,11.08,8.63,8.13,0.82,1.27,9.61,10.27,8.94,8.38,0.98,0.77,"35C","007C",10.3625,8.52,0.00142687486224589,0.92125,1678.90828671875,0.0015906765254101,0.00149180275052128,1.598,0.020059538252575,0.128626558707477,4.06582545224048,0.0889022919179734,0.96109488504456,0.0389051149554405
"34","007D","1.69014121709818",-0.0165397617144826,"0.99683",0.0568047038343837,"0.0054565466709687","40.2231460606061","1.3259097809235",0.954469160018173,"0.00288287224119528","5.75431649842307",23.2655888888889,"1.4104120929055",0.0580576248717036,0.0549566453043368,0.953616793558998,0.955726400545457,5.88123739950357,5.56710816932932,23.1479694915254,23.4390775,40.5834108474576,39.6917555,2.55026746962742e-07,7,"TD",0.3,67,1.6851,0.7877,57.24,4,1.72,1.17,0.67,0.35,NA,NA,NA,NA,NA,NA,39.63,57.24,6.1,6.3,5.1,5.08,0.89,1.05,5.84,5.53,4.61,4.55,1.29,1.34,"45C","007D",5.9425,4.835,0.00073984907545103,0.55375,505.3334124375,0.00177585724179873,0.00155877284306314,0.9775,0.0117595628029741,0.344701041637812,5.79188854903042,0.0931846865797223,0.855025629596612,0.144974370403388
"35","007E","3.09071110549913",-0.0422926346628507,"0.9998",0.138670156127379,"0.00070073311581434","55.1190473684211","0.0939698298727618",0.912856125397773,"0.00037030728250835","14.0472868157035",11.3811223684211,"0.108459799740038",0.138578611220539,0.138803043895372,0.912869876682026,0.912836163856114,14.0380133166406,14.0607483466012,11.4059266666667,11.3451161290323,55.1110886666667,55.1306003225806,6.52110545770817e-07,7,"TD",0.25,116,2.8814,1.3692,46.19,5,0.97,1.58,1.35,1.19,1.13,NA,NA,NA,NA,NA,30.68,46.19,9.65,9.7,7.94,7.59,1.31,0.59,8.68,8.85,7.22,7.27,1.35,1.08,"55C","007E",9.22,7.505,0.000888661057283883,0.8575,981.634499,0.0015404919056334,0.00139481650389714,1.244,0.0117406224126603,0.733812447868411,4.83063700681559,0.093004338394794,0.823568311069964,0.176431688930036
"36","008A","3.07704822317821",-0.00608337777236948,"0.99778",0.00840882625992321,"0.00209640404624916","11.2127491694915","0.585695028685298",0.991049065121581,"0.00120950502226261","0.851814100130222",35.9313192372881,"16.2716636415419",0.00850879984437982,0.0082578023344675,0.991300126854936,0.990669801652045,0.861941424235675,0.836515376481557,34.2219378873239,38.5135761702128,10.9839141126761,11.5584361702128,9.37996611205334e-08,8,"MG",0,38,2.9115,1.4639,71.67,26,1.18,1.02,0.86,0.84,0.72,0.88,1.03,1.42,1.32,0.95,59.76,71.67,7.97,7.37,5.92,5.64,2.96,2.68,6.74,7.29,5.13,5.62,3.33,3.03,"10C","008A",7.3425,5.5775,0.00137849252896483,0.8825,965.973747234375,0.00149859145152189,0.00151546561611142,1.022,0.049407398634427,0.0680450993745841,8.01967242951485,0.120190670752468,0.959311964631114,0.0406880353688864
"37","008B","4.23991644299855",-0.00683455097273492,"0.99988",0.0110909293648344,"0.000680258379667869","23.7302096491228","0.173437670306343",0.976543236916005,"0.000145560111242528","1.12351114465772",61.7760397368421,"1.97554880427033",0.0105975035557748,0.0118203414304007,0.976494989434312,0.976614559280245,1.07352711019999,1.19740058689959,63.2075929411765,59.6598306521739,23.6168735294118,23.89775,1.05382008012934e-07,8,"MG",0.2,42,4.0117,2.1196,30.76,16,1.13,1.2,0.99,1,2.09,1.41,1.27,1.37,1.12,1.27,43.67,61.77,9.4,9.46,7.52,7.22,2.62,2.73,9.24,8.7,7.41,6.61,1.62,1.61,"25C","008B",9.2,7.19,0.00126217883087685,1.005,1307.0532,0.00144760748835625,0.00162166314270911,1.285,0.056538700740657,0.083492137116358,7.35138410448803,0.109239130434783,0.965752338671318,0.0342476613286824
"38","008C","5.08720239490466",-0.0166381200654134,"0.99753",0.0334489166026784,"0.00166366188064188","33.6623726956522","0.466331761309293",0.965124398921987,"0.000520959888419347","3.38837525185132",35.216065826087,"1.57509738069322",0.0324295339959586,0.0349779905127581,0.965377410732899,0.964744881205617,3.28511179379061,3.54327043894239,36.2347128985507,33.6880952173913,33.3974513043478,34.0597547826087,2.56543335333694e-07,8,"MG",0,42,4.9416,2.4917,31.74,16,1.03,1.29,1.39,1.1,1.32,1.45,1.3,1.26,1.49,1.09,56.23,72.41,10.34,9.65,7.49,7.68,2.93,3.11,9.8,9.85,8.28,7.92,2.94,3.05,"35C","008C",9.91,7.8425,0.00175061889117152,1.03375,1777.81213025,0.00137804212172604,0.00140155416739654,1.272,0.0508673842782904,0.146544365896803,4.22834451505763,0.104313824419778,0.937140291440467,0.062859708559533
"39","008D","4.33198278320031",-0.0421985631592297,"0.99127",0.0590589848695656,"0.00825520027881843","41.066091238938","1.76795089883596",0.952068463073542,"0.0044384282606032","5.98267516728699",23.9222159292035,"1.64148583642155",0.0605024423051535,0.0568608294437837,0.950963966372129,0.953739429537451,6.12889740551205,5.76000202265529,23.9627220588235,23.8731086956522,41.4683338235294,40.4556436956522,6.50660056340286e-07,8,"MG",0.03,49,4.1584,2.0875,20.3,9,0.86,1.21,1.39,0.78,1.36,1.06,0.96,1.72,1.35,0.71,65.41,84.32,7.74,7.8,5.89,6.09,2.14,2.85,7.87,7.63,6.36,6.02,1.85,2.18,"45C","008D",7.76,6.09,0.00159461462565735,0.835,1269.387008,0.0016314173588895,0.00164449453700412,1.14,0.0571327002183739,0.408035926593902,6.57779909981548,0.107603092783505,0.818726157709209,0.181273842290791
"40","008E","5.1508898674216",-0.0430343153371423,"0.99286",0.107716839274913,"0.0531854068230991","47.9796785344828","12.8967722466288",0.926974185714781,"0.0270752030723833","10.9117158185487",23.3545823275862,"19.7284706585245",0.0871487820984432,0.139016056717368,0.937152504953173,0.911485439047661,8.82817162657229,14.0823265454694,30.7977621428571,12.0280043478261,43.15343,55.3239697826087,6.63546527311234e-07,8,"MG",0.03,65,4.9484,2.6717,37.5,24,1.39,0.98,1.32,1.39,1.45,1.16,1.48,1,1.16,1.16,54.64,73.15,9.7,9.55,8.02,7.68,1.84,1.39,9.36,9.36,7.95,8.24,0.79,0.77,"55C","008E",9.4925,7.9725,0.00162945048995595,0.76,1647.84193492188,0.00138162523464846,0.00162133269179526,1.249,0.0674216486700026,0.407221042554765,3.50440466754433,0.0800632077956281,0.868449949488294,0.131550050511706
"41","009A","3.28952246882365",-0.00364768482815646,"0.99593",0.00827802748948252,"0.00212848550249803","11.2400954311927","0.601388291701475",0.990959321803367,"0.00121519708639465","0.838564184684579",37.0573153211009,"16.4241636616897",0.00814393126780033,0.00847612418060393,0.991087632413703,0.990769772038097,0.824980237428174,0.858631379495178,37.1237152307692,36.9592245454545,11.0176184923077,11.5687545454545,5.62436878915574e-08,9,"TD",0.2,86,3.1465,1.5351,30.69,10,0.99,0.73,1.35,1.24,1.02,0.89,1.3,1.19,1.17,1.29,43.7,60.56,8.82,8.63,7.11,7.03,1.84,2,7.63,7.69,6.44,6.48,1.67,1.75,"10C","009A",8.1925,6.765,0.00112472865449515,0.71375,1016.152231625,0.00158578601694659,0.00151069884238222,1.117,0.0397728453483619,0.0500064505930126,5.98625196985703,0.0871223680195301,0.979334739977659,0.0206652600223406
"42","009B","2.70045743363365",-0.00575729042602287,"0.99956",0.011146759098352,"0.000673059989558282","23.7345660377358","0.179127221023969",0.976563456033312,"0.000129930471121251","1.12916669666306",61.5943739622642,"1.92970422759585",0.010664577011841,0.0118666798565949,0.976527552808112,0.976618759383486,1.0803216512995,1.20209466947306,62.97714109375,59.5271165116279,23.617415625,23.9085255813953,8.87717171513242e-08,9,"TD",0.2,61,2.5838,1.27,72.9,10,1.5,1.89,1.63,2.29,0.7,0.6,1,0.77,0.84,1.09,46.61,72.9,7.94,7.19,6.6,6.02,1.02,0.52,6.99,6.28,6.78,5.06,0.53,0.64,"25C","009B",7.1,6.115,0.00103965039844512,0.492500000000001,918.72225,0.00143002958728821,0.0013823546779236,1.231,0.0193203114434205,0.0853861233392389,7.48064679336094,0.0693661971830987,0.960724615618816,0.0392753843811844
"43","009C","1.38061927482792",-0.00852429656157095,"0.99847",0.0337354949496195,"0.00154561304174233","33.7414111764706","0.435354854373217",0.965041448492772,"0.000494595391538367","3.41740563839646",34.9402516666667,"1.45554863936068",0.0328505758762521,0.0350520818636539,0.965248216965115,0.964733817350994,3.32776333626434,3.55077589278814,35.8357178688525,33.6079726829268,33.5164660655738,34.0760856097561,1.31436211704283e-07,9,"TD",0.2,63,1.236,0.5515,39.02,3,1.5,1.53,1.62,NA,NA,NA,NA,NA,NA,NA,27.65,39.02,6.35,6.18,4.98,4.54,0.78,0.76,6.5,6.04,5.23,4.68,1.24,1.33,"35C","009C",6.2675,4.8575,0.000544426618593742,0.705,383.19158121875,0.00178631273114856,0.00143922786154628,1.55,0.0122670362043173,0.241421354532193,6.90612703393766,0.112485041882728,0.897005113221329,0.102994886778671
"44","009D","1.8343617115737",-0.0209068080936477,"0.99814",0.0591672556863964,"0.00872463463757851","41.0577377227723","1.8691515004161",0.952119749221253,"0.00469137781721783","5.99364300103196",23.8045475247525,"1.69679463634195",0.0607816191934137,0.0568047725053955,0.950973555699611,0.953797105594388,6.15717802429281,5.75432345479656,23.7661766666667,23.8607,41.48386,40.4341441463415,3.22362277615442e-07,9,"TD",0.05,60,1.7315,0.8686,31.14,6,1.45,1.24,1.73,1.13,1.83,1.05,1.78,1.38,0.79,1.17,63.26,72.6,5.57,5.34,4,4.72,0.83,0.57,5.35,5.65,4.84,4.28,0.94,0.64,"45C","009D",5.4775,4.46,0.00108858274606001,0.50875,544.5545634375,0.00158459786757262,0.0015950651382241,1.355,0.0351763080530001,0.296130247132974,4.76532929178766,0.0928799634869922,0.799860934059566,0.200139065940434
"45","009E","5.21262932527063",-0.0468652307988823,"0.99487",0.118686311295101,"0.0445394937941359","50.6517260576923","10.7710735911459",0.921390985259779,"0.0226763365415783","12.0229233341937",19.2243498076923,"16.3723017029645",0.104870422753308,0.139081194380604,0.928105389860607,0.911479245134747,10.6233738249101,14.0889249907552,24.1126496774194,12.0082880952381,47.4831516129032,55.3291454761905,7.2261545012657e-07,9,"TD",0.1,116,4.9406,2.4526,37.47,9,1.93,1.44,1.57,1.38,1.3,1.47,0.93,1.24,1.34,1.65,57.93,74.61,10.13,9.89,8.45,8.74,1.46,1.56,9.18,9.53,8.4,8.43,1.04,1.06,"55C","009E",9.6825,8.505,0.00176214201740544,0.588750000000001,1748.68691357813,0.0014227818488726,0.0014025380878396,1.425,0.0248068322977514,0.410077872832601,3.18353524647843,0.0608055770720373,0.845377813504823,0.154622186495177
"46","010A","2.28037935785382",-0.00342653939444999,"0.99546",0.00886122916559388,"0.00196697541332762","10.8800543238095","0.496709548774415",0.991565291394252,"0.001082174516995","0.89764251447466",31.0353386666667,"15.3263703508533",0.00894067419723972,0.00874206161812511,0.991703819654093,0.991357499004491,0.905690296180384,0.885570841916074,29.9628473015873,32.6440757142857,10.7634016507937,11.0550333333333,5.28338442954165e-08,10,"TD",0.15,67,2.1287,1.1744,35.8,13,1.59,0.93,2.19,1.04,1.23,1.4,1.34,0.91,0.77,1.07,56.12,72.45,6.86,6.62,5.94,5.4,0.61,0.69,6.51,6.57,5.15,5.42,1.12,1.16,"10C","010A",6.64,5.4775,0.00117067303333721,0.58125,798.57288,0.00119500677258161,0.00147062344516383,1.247,0.0546880258464024,0.0451311705240227,5.05014613834525,0.0875376506024096,0.968877711411506,0.0311222885884938
"47","010B","1.85057740355379",-0.00691545425820932,"0.99984",0.0122445038704772,"0.000566941824736012","24.5317568627451","0.225768498583032",0.97569002490896,"0.000215861980918229","1.24036824207934",59.7790708823529,"1.41468905273803",0.0119660725392269,0.012658755363313,0.975779646286533,0.975556685786229,1.21216314822368,1.2823319183036,60.389857704918,58.8703392682927,24.4060229508197,24.7188243902439,1.06629456559612e-07,10,"TD",0.1,44,1.746,0.7812,29.54,5,1.26,1.05,0.81,1.54,1.34,1.13,1.81,1.98,1.31,1.39,34.66,55.49,6.33,6.81,6.07,5.23,0.8,0.78,6.51,6.09,4.9,5.36,0.42,0.55,"25C","010B",6.435,5.39,0.000700691714837972,0.5225,574.4494738125,0.00167952107884585,0.00135991072428936,1.362,0.0263033438388889,0.152177418830005,12.1260927465444,0.0811965811965811,0.938951077943615,0.0610489220563849
"48","010C","1.65422388970828",-0.00580215970473237,"0.99805",0.0306698810303211,"0.00239343284709999","32.6814108737864","0.99300380609632",0.966444825289577,"0.00151809694013964","3.10685894837152",37.3456165048544,"1.49364539028611",0.0304461206770024,0.0310082503450956,0.966684034028648,0.966083095001226,3.08419202458034,3.14113575995819,37.3608646774194,37.3225582926829,32.5497403225806,32.8805224390244,8.94635569967453e-08,10,"TD",0.08,58,1.4469,0.75,54.13,11,2.41,1.68,1.63,1.58,1.81,1.38,1.02,1.58,1.24,1.62,36.96,54.13,6.43,6.64,5.17,5.21,1.46,1.85,6.25,6.27,5.48,5.36,1.27,1.28,"35C","010C",6.3975,5.305,0.000742834609489552,0.54625,553.858244578125,0.00125826419814483,0.00135413710519246,1.595,0.0317646711450521,0.120435364553385,3.79506313504809,0.0853849159828058,0.9305495766968,0.0694504233031998
"49","010D","2.02735954805896",-0.0146722932419222,"0.9922",0.0576226272823002,"0.00120274206912466","40.8043252525253","0.287407369841965",0.952720938097543,"0.000584595692773699","5.83717214369701",24.276704040404,"0.500810078042787",0.0575869404587543,0.0576752653470306,0.952748642981844,0.9526800733932,5.8335570684718,5.8425043796542,24.2812440677966,24.2700075,40.7919798305085,40.82253475,2.26232232396336e-07,10,"TD",0.3,67,1.8139,0.9762,63.81,1,2.07,NA,NA,NA,NA,NA,NA,NA,NA,NA,38.51,63.81,7.35,6.55,6.29,5.45,1.06,0.85,6.76,5.84,5.45,4.56,0.68,0.61,"45C","010D",6.625,5.4375,0.000801510606719547,0.59375,700.1651953125,0.00119643193578926,0.00139424239670225,2.07,0.00236551318330066,0.282257315748156,4.66678572858269,0.0896226415094339,0.860689984481318,0.139310015518682
"50","010E","1.59972771152481",-0.0370844625085741,"0.99132",0.136818436168774,"0.000958242756539254","55.122915","0.125420598191462",0.911900256941893,"0.00048828252312746","13.8597075838968",12.5814958333333,"0.174821489991008",0.13667199699838,0.137035570111082,0.911861792751278,0.911957290052114,13.8448732959359,13.8817032522526,12.6557279069767,12.4714275862069,55.1182288372093,55.1298634482759,5.71805688599624e-07,10,"TD",0.1,66,1.5456,0.7744,46.51,3,1.35,1.88,2.07,NA,NA,NA,NA,NA,NA,NA,33.96,46.51,6.89,6.7,5.97,5.65,1.11,0.84,6.25,6.77,5.07,5.35,0.77,0.69,"55C","010E",6.6525,5.51,0.000709745156547087,0.57125,514.583805796875,0.00149868688309329,0.00150490550086546,1.76666666666667,0.00969594251469602,0.805649300069141,5.36968426412828,0.0858699736941,0.704486514522822,0.295513485477178
"51","011A","3.20608468954286",-0.00219454750766251,"0.98909",0.00839369051718755,"0.00164693734591713","10.2498945268817","0.554695318435218",0.991859553539367,"0.00101184302041942","0.850280849391099",31.78466,"13.8116802357869",0.0082162463919834,0.00866225459857762,0.992032560106001,0.99159770576284,0.832305759507919,0.877486390835913,31.7458894642857,31.8433397297297,9.93276233928571,10.7298783783784,3.3837749394195e-08,11,"TD",0,112,3.0076,1.3207,NA,NA,NA,NA,NA,NA,NA,NA,NA,NA,NA,NA,33.91,46.47,9.06,9.54,8.4,8.09,0.95,0.56,9.15,9.65,8.56,8.25,0.77,0.64,"10C","011A",9.35,8.325,0.000996068654358199,0.512499999999999,1015.63089375,0.0016609380537564,0.00130037399229123,NA,NA,0.0339713023255388,4.01429629657703,0.0548128342245989,0.993301321951509,0.00669867804849122
"52","011B","4.2135489808044",-0.00590756988021929,"0.99931",0.0136904417501351,"0.00103623238379651","25.2185833333333","0.721592901390444",0.975117245744886,"0.000878017652914862","1.38684174928869",56.9039008888889,"1.56312455750585",0.0129321631016764,0.0148278597228233,0.975703221102872,0.974238282707907,1.31002812219982,1.502062189922,57.9641437037037,55.3135366666667,24.7090351851852,25.9829055555556,9.10888775192085e-08,11,"TD",0.02,107,4.0275,1.978,NA,NA,NA,NA,NA,NA,NA,NA,NA,NA,NA,NA,41.53,54.97,11.21,10.18,8.72,9.71,1.48,1.27,9.11,9.97,8.22,7.55,1.08,0.69,"25C","011B",10.1175,8.55,0.00132003369432701,0.78375,1406.73460739062,0.00145692015340523,0.00140609322441354,NA,NA,0.0690049639722629,4.91495684649431,0.0774647887323944,0.983703342278604,0.0162966577213957
"53","011C","2.83180776833946",-0.00529244444195897,"0.99714",0.0339523617141989,"0.00351787167192307","33.5703694565217","1.42307348048593",0.96551995387872,"0.0021559494872643","3.43937424164835",34.1680282608696,"2.11331422759546",0.0337494772771371,0.0342539466882096,0.965825700891971,0.965065465075239,3.41882204817399,3.46992479951564,34.0615438181818,34.3263159459459,33.4184327272727,33.7962213513513,8.16042523957282e-08,11,"TD",0,80,2.5886,1.1167,NA,NA,NA,NA,NA,NA,NA,NA,NA,NA,NA,NA,38.79,60.05,7.57,7.68,6.69,4.97,1.01,0.81,7.93,7.33,6.04,6.85,0.56,0.76,"35C","011C",7.6275,6.1375,0.000929505296072286,0.745,873.408578203125,0.00168523648236677,0.00127855396416807,NA,NA,0.087793208646099,2.49661851144208,0.0976728941330711,0.972484543786942,0.0275154562130581
"54","011D","2.98471733058391",-0.0105545695999197,"0.99868",0.0543543826431485,"0.00367026305201093","39.8783494382022","0.881706207221595",0.954680752397239,"0.00167049202611451","5.50609896175094",25.0893842696629,"1.39718514569138",0.0556994275047387,0.0523741777080295,0.954118866288448,0.95550797361296,5.64235200623003,5.30550420182339,24.5348113207547,25.9058388888889,40.1904662264151,39.4188441666667,1.62741011456196e-07,11,"TD",0.4,82,2.7552,1.3883,NA,NA,NA,NA,NA,NA,NA,NA,NA,NA,NA,NA,51.87,68.1,7.85,8.01,7.11,7.02,0.45,0.57,8.02,7.72,6.31,6.64,0.66,0.84,"45C","011D",7.9,6.77,0.00128733984643945,0.565,1062.53025,0.00128645749144554,0.00130659809450131,NA,NA,0.126416510687763,2.22038046740727,0.0715189873417721,0.942278147633331,0.057721852366669
"55","011E","2.70859834824505",-0.0228819552031352,"0.99421",0.139088102127987,"0.000954910952080706","55.3960747126437","0.110775878312496",0.91097767929729,"0.000481149644577218","14.089624745565",12.2843137931034,"0.30122771776029",0.139050461352343,0.139144025566086,0.911213734453539,0.910626968779434,14.0858117349923,14.0952897898445,12.1672923076923,12.4581742857143,55.3624540384615,55.4460254285714,3.52817090133351e-07,11,"TD",0.4,79,2.3715,1.0028,NA,NA,NA,NA,NA,NA,NA,NA,NA,NA,NA,NA,28.65,53.4,7.65,7.79,6.63,6.37,0.81,0.73,8.18,7.99,6.41,7.07,0.6,0.65,"55C","011E",7.9025,6.62,0.000711277389824059,0.64125,833.7009084375,0.00164171585534815,0.00120282944381028,NA,NA,0.496033045870646,3.24884031105837,0.0811452072129073,0.885073427339811,0.114926572660189
"56","012A","2.3972421796422",-0.00409196999081669,"0.99714",0.00827370349637545,"0.00179478045262788","10.7434191931818","1.10310771689509",0.99136472450361,"0.00122771244854177","0.838126164182833",34.9468385227273,"14.2573799236092",0.0079695080940447,0.00873434224847631,0.991658604175565,0.990919706714651,0.807311169926728,0.88478886977065,34.9356241509434,34.9638202857143,10.2094733773585,11.5519657142857,6.30941251416805e-08,12,"TD",0.15,70,2.2364,1.0873,48.32,6,0.83,1.05,0.99,1.41,1.38,1.36,NA,NA,NA,NA,34.41,48.32,8.3,7.9,6.51,6.22,1.19,1.21,7.89,7.5,6.22,6.61,0.75,1.02,"10C","012A",7.8975,6.39,0.000853737149851171,0.753750000000001,753.4357155,0.00152514670642794,0.00144312245574719,1.17,0.0157229737803689,0.0739034551239565,8.85519748936158,0.0954415954415955,0.973109389957358,0.026890610042642
"57","012B","4.93970031984456",-0.00941729620949529,"0.99886",0.0110947405341469,"0.000832468917490298","23.3213325581395","0.306431724836578",0.977248440057138,"0.000347777098108909","1.12389721610908",60.8213490697674,"2.42504274433287",0.0105169121711921,0.0119367190058812,0.977327576432997,0.977133127052316,1.06536320294176,1.20918963529576,62.3423162745098,58.6050825714286,23.1060764705882,23.6349914285714,1.45205381972897e-07,12,"TD",0,75,4.7092,2.1133,72.02,8,0.84,2.08,1.05,0.88,0.99,1.2,1.34,0.97,NA,NA,48.28,72.02,9.39,9.92,7.94,8.41,0.82,0.82,8.94,8.54,7.16,7.64,1.21,1.23,"25C","012B",9.1975,7.7875,0.00139504086826761,0.705,1523.11508253125,0.00170433608712344,0.00138748543970028,1.16875,0.0120772226675279,0.10408683019675,9.16819029045343,0.0766512639304158,0.974228591240032,0.0257714087599678
"58","012C","4.58320494339619",-0.0188839951228489,"0.99841",0.0322202398809644,"0.00264652308571784","32.9512825581395","1.05178133398556",0.966464937139545,"0.0016533285276051","3.26391029994169",35.1782824418605,"1.78555311271453",0.0310430002308134,0.0340498693811554,0.9671266755516,0.965419480992779,3.1446559233814,3.44925176831104,35.8955344230769,34.0840828571429,32.4996021153846,33.6588168571429,2.91172504717737e-07,12,"TD",0,69,4.4369,2.0265,73.66,6,1.16,0.85,0.68,0.73,0.65,1.05,NA,NA,NA,NA,62.21,73.66,9.36,9.6,7.89,7.93,1.69,1.54,8.68,8.56,7.41,7.45,1.04,1.22,"35C","012C",9.05,7.67,0.00176871823476738,0.69,1508.2345375,0.00159815992809407,0.0013436239189689,0.853333333333333,0.00900058953861478,0.164623453862922,4.9379767679297,0.076243093922652,0.942665117822768,0.0573348821772321
"59","012D","1.9680924441271",-0.0154449681539823,"0.99561",0.0646694781049221,"0.00908097526539834","42.2159730487805","2.00517756823056",0.949966900977551,"0.00491490821699372","6.55101813202861",21.6752707317073,"1.77256090999058",0.06382045093929,0.0659301548054063,0.950223396050437,0.949586044657204,6.46501168015007,6.67872468178765,22.0575448979592,21.1076515151515,42.0665424489796,42.4378548484848,2.3814611439077e-07,12,"TD",0,49,1.8119,0.8237,NA,NA,NA,NA,NA,NA,NA,NA,NA,NA,NA,NA,31.19,49.94,7.05,7.36,6.15,6.17,0.63,0.48,7.15,7.29,6.2,6.02,1.23,1,"45C","012D",7.2125,6.135,0.000706726007467171,0.53875,649.47165078125,0.00152154447205093,0.0012682616693264,NA,NA,0.336970922075246,4.94995834115144,0.0746967071057193,0.896984416110099,0.103015583889901
"60","012E","3.99256478816889",-0.073697653177189,"0.99239",0.138290114206771,"0.00110477742166154","55.2160929268293","0.114022470543568",0.911937099375275,"0.000482403045306182","14.0087885691459",12.0342829268293,"0.388420635808903",0.138196188539024,0.138429579592213,0.91183210659645,0.912092997743834,13.9992738990031,14.0229164126911,12.1270183673469,11.8965848484848,55.2237748979592,55.2046863636364,1.13634483210902e-06,12,"TD",0.02,60,3.6941,1.4312,52.2,5,1.1,1.89,1.25,0.79,1.18,NA,NA,NA,NA,NA,28.7,52.2,9.94,10.04,8.61,8.41,0.77,0.71,9.81,9.9,7.63,8.28,1.2,1.45,"55C","012E",9.9225,8.2325,0.000894649404120523,0.845,1284.8508815625,0.00176121605430826,0.00111390358253833,1.242,0.00965335758256758,1.27015658522244,8.3758909212286,0.0851599899218947,0.789252728799328,0.210747271200672
"61","013A","3.59683008904431",-0.00185969358280116,"0.99284",0.00842577273758774,"0.00161054438440416","10.2105825306122","0.566569109613552",0.991907654990485,"0.00100770467554862","0.853530778317638",31.3332528571429,"13.5994289292028",0.0083245093919264,0.00857896600410105,0.992145151154507,0.991548365921837,0.843272801402144,0.869049256215436,30.5406883050847,32.5322607692308,9.86128115254237,10.7390128205128,2.8674633465486e-08,13,"MG",0,57,3.4062,1.7524,22.17,10,1.03,0.92,0.76,0.98,0.81,0.91,0.87,0.74,0.86,0.84,54.48,65.91,8.54,8.98,6.26,7.47,3.84,3.26,8.68,8.06,6.37,7.15,2.97,3.98,"10C","013A",8.565,6.8125,0.00146593373392925,0.87625,1208.7766299375,0.00136816013731628,0.0014497302120166,0.872,0.0526631629864332,0.0195606614417878,2.3027407010673,0.102305896088733,0.990627645422663,0.00937235457733698
"62","013B","4.02625818161209",-0.00544228718882394,"0.99138",0.0136045848996531,"0.00105732449087818","25.1436010416667","0.75721559475903",0.975213014597076,"0.000928615380131062","1.37814445033486",56.9886654166667,"1.54993074398752",0.0128427310409447,0.0147674144734712,0.975829786810503,0.974271625429214,1.3009686544477,1.49593908616264,58.0208044827586,55.4132952631579,24.6152396551724,25.9500473684211,8.39146791690156e-08,13,"MG",0.05,24,3.8798,1.8077,19.88,15,1.26,0.95,0.77,0.98,0.76,0.59,0.62,0.98,1.06,1.07,51.75,66.45,8.61,9.06,6.91,7.25,0.92,1.02,8.59,8.31,6.67,6.9,0.99,0.75,"25C","013B",8.6425,6.9325,0.00140507535082263,0.855,1240.83424382813,0.0016699248995638,0.00145684245014308,0.904,0.0873042710995507,0.0597225473494259,4.28107184964794,0.0989297078391669,0.978138120747068,0.0218618792529318
"63","013C","4.33847324599867",-0.00916084604296972,"0.99722",0.0336089128765341,"0.0038243333928566","33.4199915625","1.57180082854856",0.965748973077342,"0.00238302392112285","3.4045828743929",34.3512645833333,"2.2546919590928",0.033142314012457,0.0343575157040632,0.96621677149152,0.965020584173588,3.35731640946189,3.4804163408216,34.399745,34.2461561538462,33.1587948275862,33.8305356410256,1.41251174357572e-07,13,"MG",0,55,4.1473,2.0758,29.63,19,1,1.01,0.73,0.78,0.95,0.72,0.62,0.8,0.78,0.78,57.01,72.15,9.08,9.81,7.72,7.65,1.07,1.37,9.61,8.87,6.87,7.88,1.34,0.93,"35C","013C",9.3425,7.53,0.00167326227716493,0.90625,1574.35459898437,0.00131577727237329,0.00131850855032221,0.817,0.0686370869119822,0.0844166370599705,2.42570418301838,0.097002943537597,0.965918416606324,0.034081583393676
"64","013D","4.40388969422817",-0.00918491021625354,"0.99703",0.054691476515749,"0.00393469011853463","39.9569548387097","0.940719805364849",0.954535188138479,"0.00177668844377921","5.54024657104538",24.9594344086021,"1.49995738334349",0.0562380211455176,0.0523507603193426,0.953881214451126,0.955524986151771,5.69691154204093,5.3031320203494,24.3322339285714,25.9087108108108,40.3174966071429,39.41127,1.41622220079805e-07,13,"MG",0,48,4.1755,2.1193,38.93,29,0.8,0.95,0.96,0.69,0.87,1.03,0.78,0.93,1.04,0.56,62.37,77.65,9.35,8.75,7.47,6.87,4.02,4.39,8.85,8.88,7.2,7.18,3.85,3.33,"45C","013D",8.9575,7.18,0.00175514270605287,0.888750000000001,1557.59700132813,0.00132011039970334,0.00136062152032453,0.861,0.0831623546388356,0.080689860483367,1.40828728833421,0.0992185319564611,0.966297052815874,0.0337029471841261
"65","013E","6.00401319770376",-0.05172907784019,"0.99763",0.139197693361859,"0.000983160263723615","55.3989053684211","0.106382162036673",0.911011173045329,"0.000473555194114969","14.1007263375563",12.2270473684211,"0.345216071666164",0.139240642531694,0.139133269607107,0.911249387311285,0.910653851646396,14.1050770884606,14.0942002111999,12.0803333333333,12.4471184210526,55.3703178947368,55.4417865789474,7.9761115502738e-07,13,"MG",0,66,5.6972,2.9695,27.9,29,0.65,0.73,0.95,0.76,0.81,0.73,0.8,0.84,0.91,0.85,63.87,80.68,10.35,9.84,8.45,8.29,5.62,3.99,9.2,10,8.39,7.5,4.21,4.38,"55C","013E",9.8475,8.1575,0.00197593556562312,0.845000000000001,1955.9505785625,0.00139456488824206,0.00151818764366858,0.803,0.105552325290428,0.403662532778922,2.64186186293614,0.0858085808580859,0.891666972174359,0.108333027825641
"66","014A","5.58528298552181",-0.00382810090893748,"0.99542",0.00835425735062024,"0.00211172479282356","11.2239877368421","0.592783243960951",0.991011762981261,"0.00121342393201059","0.84628626961783",36.3999944736842,"16.3532750835056",0.00842336383925809,0.00825209993263385,0.991252772712944,0.990655487725729,0.853286756916845,0.835937723175809,34.9055351470588,38.6091952173913,10.9890117941176,11.5713434782609,5.90255251982619e-08,14,"CC",0.15,117,5.4145,3.3308,NA,NA,NA,NA,NA,NA,NA,NA,NA,NA,NA,NA,64.77,82.69,8.8,9.35,7.46,7.16,1.71,2.23,8.53,8.69,7.47,7.51,4.72,4.38,"10C","014A",8.8425,7.4,0.00179928035495985,0.72125,1616.37876970312,0.00128911616451304,0.00206065562257524,NA,NA,0.0328050740039226,3.8914547228958,0.081566299123551,0.986850314344675,0.0131496856553247
"67","014B","2.98159333358851",-0.0033875659071987,"0.99952",0.0111173703577309,"0.000677920394446416","23.7325454545455","0.176145828157565",0.976552337127971,"0.000139907176221001","1.12618961723814",61.6906102727273,"1.9584555769075",0.0106267974152145,0.0118532297715056,0.976508494650839,0.976618100843668,1.07649457816122,1.20073217585352,63.1078215151515,59.5647934090909,23.6175212121212,23.9050818181818,5.2232911715911e-08,14,"CC",0.03,81,2.8258,1.7251,NA,NA,NA,NA,NA,NA,NA,NA,NA,NA,NA,NA,49.81,65.77,8.14,8.27,7.25,7.04,2.33,2.76,7.05,7.46,6.45,6.44,2.05,2.55,"25C","014B",7.73,6.795,0.00120961150348213,0.4675,982.48705825,0.00112032010066429,0.00175585010053235,NA,NA,0.0431815600013288,3.79307803763193,0.0604786545924968,0.971836104297265,0.0281638957027347
"68","014C","2.39935794264235",-0.00568747902108122,"0.99625",0.0335400029283355,"0.00163990893979837","33.6870111607143","0.458612432212344",0.965099401695277,"0.000512141687618344","3.39760229664039",35.1270354464286,"1.55751811177871",0.0325569634783092,0.0350036394428191,0.965335862731841,0.964747337485282,3.29802040035273,3.54586867555757,36.1174953731343,33.6523506666667,33.4342885074627,34.0632871111111,8.76952944186086e-08,14,"CC",0.15,101,2.1787,1.3572,NA,NA,NA,NA,NA,NA,NA,NA,NA,NA,NA,NA,28.02,37.5,9.19,9.7,8.13,8.52,0.86,0.87,8.38,8.7,7.66,7.91,1.39,1.3,"35C","014C",8.9925,8.055,0.000791586629686122,0.46875,758.10990234375,0.00108361597370022,0.00179024175228964,NA,NA,0.110784203686438,3.18776861539098,0.0521267723102585,0.938527084601339,0.061472915398661
"69","014D","5.22166883669436",-0.0238664275338034,"0.99232",0.0590889081487127,"0.00840359800126925","41.0625964220184","1.79977616935259",0.952086284022732,"0.0045178445781873","5.9857063954646",23.8868091743119,"1.66045069515062",0.0605833657134364,0.05688118674628,0.950965266755923,0.95374233225779,6.1370949467711,5.76206421739816,23.9095184615385,23.8532613636364,41.4722338461538,40.4574502272727,3.67996678588081e-07,14,"CC",0.08,71,4.9989,2.8308,NA,NA,NA,NA,NA,NA,NA,NA,NA,NA,NA,NA,67.69,78.79,8.13,8.06,7.5,7.25,1.17,1.21,8.28,7.79,6.86,7.19,1.11,0.92,"45C","014D",8.065,7.2,0.00171505779020884,0.4325,1281.2086219375,0.00169223026045618,0.0022094762332454,NA,NA,0.214568092509157,3.45728740413931,0.0536267823930564,0.906323509063235,0.0936764909367649
"70","014E","4.40522911566859",-0.0248114128668008,"0.99101",0.116684916212396,"0.046435487227959","50.1638774528302","11.2383213886401",0.922409880872486,"0.0236414780526718","11.8201820123157",19.9786336792453,"17.1117902342433",0.10198735866451,0.139080969673033,0.929583110575378,0.911471266296824,10.3313194327148,14.0889022278783,25.20917296875,12.0127953488372,46.7741703125,55.3301955813954,3.82567416641145e-07,14,"CC",0.3,103,4.0095,2.4952,NA,NA,NA,NA,NA,NA,NA,NA,NA,NA,NA,NA,38.08,62.05,10,9.7,9.22,8.38,1.37,1.92,9.15,9.11,7.79,7.61,0.93,0.88,"55C","014E",9.49,8.25,0.00113530623988016,0.62,1397.05730125,0.00108392118107475,0.00178603984086225,NA,NA,0.336972882912657,2.66381574306433,0.065331928345627,0.865878623786568,0.134121376213432
"71","015A","4.77158316615348",-0.00257746061727078,"0.99789",0.00857820981215538,"0.00200789464518376","10.8074764494382","0.506327035982091",0.991485525246593,"0.00115719830198469","0.86897265397134",32.8404568539326,"15.9821268072177",0.00848935849323232,0.00871529470420812,0.991592315470879,0.991320763186267,0.859972015364434,0.882859353536282,32.7452459259259,32.9873537142857,10.6295852592593,11.0819371428571,3.97418903605837e-08,15,"CC",0.2,105,4.6441,2.929,NA,NA,NA,NA,NA,NA,NA,NA,NA,NA,NA,NA,70.9,94.1,8.07,8.53,7.18,7.53,1.42,1.19,7.56,7.73,7.49,6.29,1.29,1.06,"10C","015A",7.9725,7.1225,0.00177578603283979,0.425,1495.26679078125,0.00114701938849581,0.00195884775750931,NA,NA,0.0223798867800697,2.5867091485282,0.0533082470994042,0.992828406506909,0.0071715934930906
"72","015B","4.12428418240107",-0.00314471793795549,"0.99871",0.012228953633631,"0.000624833801432503","24.5279186046512","0.244346631080486",0.97568883103693,"0.000222531697818446","1.23879300308682",59.8248156976744,"1.55348930380652",0.0118022892497459,0.0128506645930064,0.975746132777942,0.975605334214311,1.19557190099926,1.30177232327155,60.864708627451,58.3095431428571,24.3792098039216,24.7446085714286,4.84884365129596e-08,15,"CC",0.5,86,3.8981,2.3239,NA,NA,NA,NA,NA,NA,NA,NA,NA,NA,NA,NA,48.49,80.87,7.93,8.61,7.06,6.13,0.92,1.16,7.75,7.75,6.35,7.03,0.56,0.68,"25C","015B",8.01,6.6425,0.00122020998045828,0.68375,1297.15682175,0.00121357724340241,0.00179153357638348,NA,NA,0.0397377806193231,3.17048456327799,0.0853620474406991,0.985897598780333,0.014102401219667
"73","015C","4.82664329721344",-0.00767383768293421,"0.99823",0.0313222442478875,"0.00199697362068108","32.9718174712644","0.780076449142957",0.965992114617283,"0.00116862227925871","3.17294334231101",36.9929793103448,"1.35410407855011",0.0317448727856591,0.0306943389917699,0.965817591049848,0.966251406774616,3.21575561318726,3.10933653986629,36.6196980769231,37.5475685714286,33.1127,32.7625062857143,1.18322977971635e-07,15,"CC",0.35,103,4.6342,2.8172,NA,NA,NA,NA,NA,NA,NA,NA,NA,NA,NA,NA,44.41,58.9,10.29,10.42,8.16,8.44,1.4,1.53,10.79,10.08,8.87,9.47,1.12,1.33,"35C","015C",10.395,8.735,0.00145029095870887,0.83,1591.124968125,0.00114195932839969,0.00177057117224414,NA,NA,0.0815856826943009,2.51613918608906,0.0798460798460799,0.969179966978536,0.030820033021464
"74","015D","3.48456692681088",-0.0102240049979421,"0.99905",0.0573571153393905,"0.00099364728694377","40.7409188235294","0.236125084246685",0.952845980240611,"0.00048464797258113","5.81027578388025",24.3674541176471,"0.462646281770873",0.057100280620884,0.0577423674171502,0.952924338372832,0.95272844304228,5.78425842689555,5.84930181935731,24.5009019607843,24.1672823529412,40.688972745098,40.8188379411765,1.57644032638807e-07,15,"CC",0.1,63,3.3277,2.1174,NA,NA,NA,NA,NA,NA,NA,NA,NA,NA,NA,NA,55.5,71.98,7.36,7.18,6.73,6.27,1.46,1.31,7.16,7.11,5.76,5.72,0.95,0.88,"45C","015D",7.2025,6.12,0.00125581632035517,0.54125,933.50873246875,0.00129650635061469,0.00226821659653932,NA,NA,0.125531122731565,2.08538774975174,0.0751475182228393,0.939684375774601,0.0603156242253986
"75","015E","4.4040028071368",-0.0225112610309377,"0.99886",0.136818436168774,"0.000958242756539254","55.122915","0.125420598191462",0.911900256941893,"0.00048828252312746","13.8597075838968",12.5814958333333,"0.174821489991008",0.13667199699838,0.137035570111082,0.911861792751278,0.911957290052114,13.8448732959359,13.8817032522526,12.6557279069767,12.4714275862069,55.1182288372093,55.1298634482759,3.47101353081904e-07,15,"CC",0.3,106,4.1566,2.5324,NA,NA,NA,NA,NA,NA,NA,NA,NA,NA,NA,NA,46.21,64.52,9.27,8.73,7.32,8.19,0.83,0.97,9.41,8.97,7.94,7.48,1.36,0.97,"55C","015E",9.095,7.7325,0.00132034840337109,0.68125,1334.25787325,0.00121730591406874,0.00189798392857263,NA,NA,0.262886183825187,1.75214675221799,0.0749037932930182,0.915897057012683,0.0841029429873171
"76","016A","5.56069114151064",-0.00589310647478754,"0.99428",0.00810044048006891,"0.00181726596844713","11.0596348210526","0.711712929226339",0.991023988628426,"0.00107669743975769","0.820574620630981",37.6974030526316,"14.1612081744212",0.00783994831394908,0.00849117872924865,0.991209601920427,0.990745568690426,0.794186764203042,0.860156405272889,38.1401175438596,37.0333313157895,10.6917685614035,11.6114342105263,9.08658661299917e-08,16,"PE",0,56.5,5.4315,2.544,NA,NA,NA,NA,NA,NA,NA,NA,NA,NA,NA,NA,53.74,72.93,9.49,9.26,7.03,7.42,1.6,1.01,9.78,9.24,6.86,6.89,0.73,0.55,"10C","016A",9.4425,7.05,0.00159416961905797,1.19625,1625.62439995313,0.00177624056336953,0.00156493714050635,NA,NA,0.0569988695328959,6.97335498863158,0.126687847498014,0.987567099567099,0.0124329004329007
"77","016B","3.99541756425376",-0.00651678105143941,"0.99955",0.0126735339765919,"0.000658269341061461","23.9383462365591","0.26263557226165",0.976967433306614,"0.000222462731266033","1.28382899182876",56.8683961290323,"1.64455382651412",0.0122021564348866,0.0133869702559297,0.977014552956799,0.976896117079307,1.23607844685401,1.35610008692568,58.0500419642857,55.0799591891892,23.7788,24.1798216216216,1.00482310501595e-07,16,"PE",0,36,3.8003,1.8183,NA,NA,NA,NA,NA,NA,NA,NA,NA,NA,NA,NA,44.07,66.21,7.85,8.28,5.96,6.42,1.49,1.32,8.82,7.67,1.69,6.01,1.34,0.76,"25C","016B",8.155,5.02,0.00112905965412739,1.5675,1100.8078738125,0.00180049584232679,0.0016517868769439,NA,NA,0.0889964583662799,6.86048908410822,0.192213366033109,0.978859737638749,0.0211402623612513
"78","016C","4.55576896040284",-0.0107873049967572,"0.99879",0.0306625133370711,"0.000489678308136544","32.2018025555556","0.155930987965839",0.96780685643434,"0.000261159999863146","3.1061126010453",35.4828366666667,"0.657571728295805",0.0304276008997787,0.0310148819930096,0.967832495920112,0.967768397205682,3.08231597114759,3.14180754589187,35.7820444444444,35.034025,32.1485948148148,32.2816141666667,1.66329560806734e-07,16,"PE",0,53,4.417,2.1804,NA,NA,NA,NA,NA,NA,NA,NA,NA,NA,NA,NA,60.29,79.34,8.22,8.6,6.5,6.46,1.38,1.8,8,7.49,6.11,6.13,0.83,1.14,"35C","016C",8.0775,6.3,0.00152993198181351,0.88875,1294.15453396875,0.00172823255746829,0.00168480652253593,NA,NA,0.10871696440359,3.4314546366072,0.110027855153203,0.969194312796208,0.0308056872037915
"79","016D","4.04781771603735",-0.0271800381745363,"0.99019",0.0564780471226239,"0.00568792007929524","40.1154528409091","1.36450320369929",0.954717938793196,"0.00295781074222573","5.7212261735218",23.2899318181818,"1.48700017906495",0.0575997442862968,0.0547794771319192,0.9539975647625,0.955808790896822,5.83485409620187,5.54916103346342,23.1467962264151,23.50668,40.4254854716981,39.6459748571429,4.19089273330076e-07,16,"PE",0,43.5,3.9327,1.8555,NA,NA,NA,NA,NA,NA,NA,NA,NA,NA,NA,NA,51.4,74.07,8.34,7.94,6.18,5.98,1.14,2.25,8.21,7.34,5.76,5.62,1.23,0.92,"45C","016D",7.9575,5.885,0.00128496009000436,1.03625,1172.56154723437,0.00177150615666983,0.0015824329259103,NA,NA,0.326149641992893,5.51330879528342,0.130223060006283,0.900057770075101,0.0999422299248989
"80","016E","8.08597550622639",-0.0678310181150701,"0.99944",0.138670156127379,"0.00070073311581434","55.1190473684211","0.0939698298727618",0.912856125397773,"0.00037030728250835","14.0472868157035",11.3811223684211,"0.108459799740038",0.13859043782465,0.13879239085823,0.912867475580976,0.912838721783528,14.039211351637,14.0596691939387,11.4030782608696,11.3474566666667,55.1122019565217,55.1295436666667,1.04588712894878e-06,16,"PE",0.1,61,7.9137,4.1644,NA,NA,NA,NA,NA,NA,NA,NA,NA,NA,NA,NA,67.3,90.48,10.05,10.12,8.19,7.98,1.23,1.41,9.91,10.02,8.02,8.09,1.62,1.2,"55C","016E",10.025,8.07,0.0021195775855056,0.9775,2273.3241375,0.00164925887081072,0.00183185491734568,NA,NA,0.493441304579232,3.24829025933782,0.0975062344139651,0.886538820579842,0.113461179420158
"81","017A","6.44199911609491",-0.00406478408236927,"0.99093",0.00847267436851317,"0.00206510845896388","11.1987871129032","0.574634853558019",0.991093487459107,"0.0011965504688267","0.858281913530384",35.3813997580645,"16.0644873076641",0.00855959662092945,0.00834402943493707,0.99133932993337,0.990729640597197,0.867087137700154,0.845250181759125,33.7545458108108,37.7891436,10.9682527297297,11.539978,6.26749453545557e-08,17,"PE",0,93,6.2997,3.0469,NA,NA,NA,NA,NA,NA,NA,NA,NA,NA,NA,NA,53.25,72.75,10.78,9.69,7.98,9.33,1.08,0.77,10.88,10.24,8.77,8.5,1.84,1.74,"10C","017A",10.3975,8.645,0.00173939578703602,0.876250000000001,1966.21436367188,0.00165434657588679,0.00154962757687822,NA,NA,0.0360325958138347,4.21492311566374,0.0842750661216639,0.986811362518446,0.0131886374815542
"82","017B","5.13239284861651",-0.00423624466700243,"0.99933",0.0110561948459587,"0.000675550453221877","23.7233776859504","0.170660590787486",0.976537836242961,"0.000144570671715317","1.11999253789562",61.8797248760331,"1.96544359222336",0.0105738866688071,0.0117897051987101,0.976488110939224,0.976613460142394,1.07113471955016,1.19429713662933,63.2830643835616,59.745479375,23.6140424657534,23.8896583333333,6.53186977789353e-08,17,"PE",0,64,4.9996,2.4733,NA,NA,NA,NA,NA,NA,NA,NA,NA,NA,NA,NA,56.8,74.38,9,8.76,7.07,7.2,1.78,1.29,8.63,9.33,7.63,7.13,1.69,1.51,"25C","017B",8.93,7.2575,0.00159349119212443,0.83625,1482.8564155,0.00170367135590007,0.00166792952719299,NA,NA,0.0409909374471364,3.62052242366448,0.0936450167973124,0.988441594426632,0.0115584055733683
"83","017C","8.25743192438567",-0.0173559480517766,"0.99572",0.0333144085987753,"0.00171486662268753","33.60613968","0.515055513434476",0.965215710621542,"0.000648184307389942","3.37474959105593",35.27887976,"1.5637596634886",0.0324088228908034,0.034672787160733,0.965395772142386,0.964945618340276,3.28301375883839,3.51235333938226,36.2389345333333,33.8387976,33.3873845333333,33.9342724,2.67611532046632e-07,17,"PE",0,72,7.9342,3.7603,NA,NA,NA,NA,NA,NA,NA,NA,NA,NA,NA,NA,70.59,88.27,10.6,10.82,9.08,8.88,2.4,1.84,10.56,10.59,7.33,7.62,1.34,1.67,"35C","017C",10.6425,8.2275,0.0023601342829994,1.2075,2499.42697692188,0.00166994276629769,0.00150446483722878,NA,NA,0.113388265224696,3.28518918985168,0.113460183227625,0.956826948417547,0.0431730515824531
"84","017D","3.73112807061606",-0.0167871957194025,"0.99656",0.0590373332995119,"0.00804556704245235","41.0738808403361","1.7234831392008",0.952041449853655,"0.00432706512540459","5.98048186324056",23.9577058823529,"1.60775579509452",0.0604827987974692,0.0568992489171168,0.950915612936937,0.953706750292967,6.12690751818363,5.76389391530393,24.0139676056338,23.8744854166667,41.4830466197183,40.4686564583333,2.58841934294457e-07,17,"PE",0,49,3.5668,1.7377,NA,NA,NA,NA,NA,NA,NA,NA,NA,NA,NA,NA,65.19,76.88,7.93,7.41,6.11,6.16,1.82,1.69,7.05,7.15,5.55,5.61,1.88,1.85,"45C","017D",7.385,5.8575,0.00151245113927132,0.76375,1048.2246845,0.00174495032128773,0.00165775527489021,NA,NA,0.171140691803878,2.75983048772408,0.103419092755586,0.910830463069269,0.0891695369307309
"85","017E","6.68841684126577",-0.0653858039357199,"0.99979",0.106110648022762,"0.0541409649830972","47.5881543220339","13.1320380588035",0.927795075266399,"0.0275672538263632","10.7490086447058",23.9471097457627,"20.0772656545693",0.0843262386306621,0.139019011146998,0.938598796605327,0.911474560052274,8.54224797328608,14.0826258291909,31.8339218309859,12.0329893617021,42.4661746478873,55.3256129787234,1.00818434770249e-06,17,"PE",0,62,6.4197,3.0585,NA,NA,NA,NA,NA,NA,NA,NA,NA,NA,NA,NA,66.42,85.53,9.27,9.46,8.04,8.25,1.52,1.84,9.34,8.92,7.6,7.67,1.61,1.32,"55C","017E",9.2475,7.89,0.00192962574101564,0.67875,1828.55134926563,0.00183817643477713,0.00167263555449419,NA,NA,0.522476626566893,4.56835624042726,0.0733982157339822,0.865940735451624,0.134059264548376
"86","018A","5.34150311121114",-0.00392290282497301,"0.99156",0.0086596840850403,"0.00200185515834026","10.830192516129","0.506800530296354",0.991506878965838,"0.00113648519255406","0.877225997814583",32.3306533333333,"15.8199169027128",0.00859077605646072,0.00876397731748508,0.991596786799226,0.991370802245034,0.870245614519471,0.887790902261238,32.2376532142857,32.4714102702703,10.6836304285714,11.0520162162162,6.04872768649263e-08,18,"PE",0,70,5.0871,2.6189,NA,NA,NA,NA,NA,NA,NA,NA,NA,NA,NA,NA,66.78,84.69,8.03,8.88,6.92,6.93,1.64,1.74,7.77,8.06,6.58,5.72,1.26,1.15,"10C","018A",8.185,6.5375,0.00171717663737406,0.82375,1418.4352288125,0.00174008650508938,0.00184633034121164,NA,NA,0.0352248426565043,4.03313486513299,0.100641417226634,0.993233935661616,0.00676606433838434
"87","018B","5.30678074498432",-0.00782481461052877,"0.99248",0.0122450241011691,"0.000611368806242252","24.5312351648352","0.238504690554214",0.975690959902311,"0.000220698095409973","1.24042094144843",59.7788642857143,"1.52643563425761",0.0118692210996597,0.0127847313509732,0.975754678843641,0.9755778353209,1.20235209739553,1.29509328585359,60.6770734545455,58.5164381081081,24.3930018181818,24.7416486486486,1.20650892688638e-07,18,"PE",0,66,5.1429,2.5407,NA,NA,NA,NA,NA,NA,NA,NA,NA,NA,NA,NA,76.13,91.52,8.62,8.39,7.11,6.95,1.42,1.44,7.68,7.78,6.29,6.4,1.03,1.33,"25C","018B",8.1175,6.6875,0.00194145799996667,0.715,1507.650287,0.00172599708462762,0.00168520513139398,NA,NA,0.0621444773416214,4.95170971074569,0.0880813058207576,0.976289293674583,0.0237107063254169
"88","018C","6.03769659013164",-0.0104723634586616,"0.99258",0.0311576015452301,"0.00209923754923602","32.9019463736264","0.829962173010201",0.966098874629109,"0.00124725255110982","3.1562650365318",37.0906461538462,"1.40067442255648",0.0314166624919693,0.0307618139877118,0.966027354478833,0.966208141525364,3.18250791043649,3.1161717569552,36.8171836363636,37.5084361111111,32.9750745454545,32.7902227777778,1.614734741635e-07,18,"PE",0,44,5.9542,3.0814,NA,NA,NA,NA,NA,NA,NA,NA,NA,NA,NA,NA,74.01,90.14,8.73,8.26,6.12,6.29,1.75,1.93,8.61,8.38,6.83,7.03,1.94,2.21,"35C","018C",8.495,6.5675,0.00197516626812207,0.96375,1626.238838375,0.00176653018745427,0.00189480162894096,NA,NA,0.0817518387031913,2.53486646766958,0.113449087698646,0.977548036758563,0.0224519632414368
"89","018D","6.52326912517703",-0.0336300686349276,"0.99125",0.0574076755341825,"0.00102619747972937","40.7529625","0.244106821135159",0.952822467497728,"0.000499414372226998","5.81539753161268",24.3497488636364,"0.467208217136228",0.0572186009542574,0.0576939884694976,0.952889168787681,0.952721462687227,5.79624427666627,5.84440103196011,24.4393924528302,24.2140028571429,40.7122794339623,40.8145682857143,5.18542355818191e-07,18,"PE",0,54,6.3888,3.0948,NA,NA,NA,NA,NA,NA,NA,NA,NA,NA,NA,NA,63.26,82.34,10.15,8.95,7.58,7.52,1.22,1.19,9.87,9.03,6.82,7.94,1.2,1.36,"45C","018D",9.5,7.465,0.00188800293702786,1.0175,1857.79625,0.0017730684944595,0.0016658446802226,NA,NA,0.274651244258387,4.55851719862401,0.107105263157895,0.922404371584699,0.0775956284153007
"90","018E","6.5389661867972",-0.0782800769731746,"0.99858",0.136900132767738,"0.00118043902100632","55.1233823076923","0.157043059368208",0.911936253445434,"0.000615053547455109","13.8679834493719",12.5321714285714,"0.20807497809188",0.136999222851729,0.13675551480732,0.911911999130132,0.911971651635334,13.8780212748802,13.8533336499815,12.5102388888889,12.5641810810811,55.1332305555556,55.1090091891892,1.20700126924932e-06,18,"PE",0,59,6.4218,3.1791,NA,NA,NA,NA,NA,NA,NA,NA,NA,NA,NA,NA,80.42,99.48,8.65,8.63,7.04,7.04,1.31,1.27,8.25,8.29,6.74,7.09,1.13,1.14,"55C","018E",8.455,6.9775,0.0021361293805603,0.73875,1777.88231175,0.00182391150334813,0.00178813860680731,NA,NA,0.565041275230588,3.76392347588171,0.0873743347131875,0.817251056218583,0.182748943781417
"91","019A","5.58675003859926",-0.00414485974652684,"0.98988",0.0082691366936076,"0.00174610038454694","10.6228009139785","1.18725510353457",0.991459906081332,"0.00125985813544068","0.837663547062449",34.4270256989247,"14.0442292532288",0.00793499823613799,0.00877485976437241,0.991789605428834,0.990960901663492,0.803815321320778,0.888893294130925,34.3435514285714,34.5533651351351,10.0245586607143,11.5282486486486,6.39096328000891e-08,19,"PE",0,72,5.4003,2.4265,NA,NA,NA,NA,NA,NA,NA,NA,NA,NA,NA,NA,65.98,79.9,9.48,9.12,6.93,7.39,1.61,1.81,9.37,9.02,7.48,6.95,1.62,2.19,"10C","019A",9.2475,7.1875,0.00191684291466745,1.03,1708.18721859375,0.00174090987663996,0.00142051174109451,NA,NA,0.0333410903476025,3.99755809215697,0.111381454447148,0.991963144797902,0.0080368552020984
"92","019B","3.55763035098828",-0.00359304772485121,"0.99821",0.0111103198232428,"0.000816987783531808","23.3002022222222","0.315281873520009",0.977292064645332,"0.000396330238318751","1.1254753980945",60.7123756666667,"2.42485473026345",0.0105797950313123,0.0119061070111386,0.97740585825,0.97712137423833,1.07173323667193,1.20608864022834,62.0495892592593,58.7065552777778,23.0783740740741,23.6329444444444,5.54012378635619e-08,19,"PE",0,58,3.4063,1.5651,NA,NA,NA,NA,NA,NA,NA,NA,NA,NA,NA,NA,60.94,72.82,7.18,7.7,5.87,5.51,1.16,0.97,7.49,7.54,5.23,5.58,0.52,0.68,"25C","019B",7.4775,5.5475,0.00143155732755625,0.965,1017.89627878125,0.00180882869736444,0.00153758298622914,NA,NA,0.0386999785458366,3.40414880367969,0.12905382815112,0.989734955463828,0.0102650445361721
"93","019C","4.17533534475765",-0.00810500252682499,"0.99585",0.0320810161708507,"0.00263671368182981","32.8588032967033","1.09249953307598",0.9666464766984,"0.00177629863048043","3.24980693810717",35.1211592307692,"1.75226595270507",0.03073480655793,0.0341377253017018,0.967490856401895,0.965356452151395,3.1134359043183,3.45815157306239,35.8215598181818,34.0511027777778,32.3114256363636,33.6950747222222,1.24971112898868e-07,19,"PE",0,64,3.9882,1.804,NA,NA,NA,NA,NA,NA,NA,NA,NA,NA,NA,NA,60.72,77.7,8.08,7.61,6.27,5.92,1.08,0.69,8.17,7.92,6.4,6.43,1.12,1.31,"35C","019C",7.945,6.255,0.00151556838458185,0.845,1226.164760625,0.00178132667822444,0.00147125415599162,NA,NA,0.0824582474603071,2.48458384103975,0.106356198867212,0.971064920794799,0.0289350792052011
"94","019D","4.17469052595963",-0.0347167234431054,"0.99236",0.064404995518891,"0.00876646286841579","42.1385629213483","1.94370123467106",0.950191526405901,"0.00478079817941337","6.52422604606366",21.6407359550562,"1.70955529207074",0.0637273129942012,0.065450562842698,0.950454894899667,0.94978518644409,6.45557680631259,6.63014201596531,21.8767925925926,21.2765342857143,42.0094812962963,42.3377174285714,5.35297496888835e-07,19,"PE",0,60,3.9918,1.9674,NA,NA,NA,NA,NA,NA,NA,NA,NA,NA,NA,NA,60.51,73.44,8.39,8.22,6.63,6.56,1.1,0.82,7.67,7.94,6.03,6.84,0.65,0.55,"45C","019D",8.055,6.515,0.00153123754918053,0.77,1191.252339,0.00169938805887205,0.00165153925460624,NA,NA,0.349584881310748,5.15755943005468,0.095592799503414,0.879470460383324,0.120529539616676
"95","019E","4.65053471309276",-0.0552842268453979,"0.99988",0.138556461717839,"0.00132536277982217","55.2289715384615","0.115029337291001",0.911973357999893,"0.000472591096828387","14.0357695720171",11.9197362637363,"0.508805368489428",0.138732074995462,0.138300161258605,0.911908934824529,0.912067381012586,14.0535591970403,14.0098063354967,11.8940703703704,11.9571945945946,55.2491788888889,55.1994797297297,8.52428032163652e-07,19,"PE",0,60,4.3786,2.0616,NA,NA,NA,NA,NA,NA,NA,NA,NA,NA,NA,NA,51.27,65.75,7.85,8.71,6.19,7.3,1.01,1.41,9.08,8.32,7.8,6.27,0.8,0.79,"55C","019E",8.49,6.89,0.00136747967591767,0.8,1184.81664375,0.00195557684998971,0.00174001606989157,NA,NA,0.623357002795392,4.10291206937533,0.0942285041224971,0.873974967630556,0.126025032369444
"96","020A","2.98952050761808",-0.00342162058399733,"0.99736",0.00845789118137888,"0.00157754422853426","10.1794241165049","0.569927386411385",0.991949231349216,"0.00100045423343258","0.85678437667368",30.9212512621359,"13.3941538688456",0.00840967798661183,0.00853079893931929,0.992218133184998,0.991542599304863,0.851900380043779,0.864169932553044,29.6612614516129,32.8266017073171,9.82375780645161,10.7172609756098,5.27580011091407e-08,20,"PE",0,69,2.8011,1.2166,NA,NA,NA,NA,NA,NA,NA,NA,NA,NA,NA,NA,64.05,78.42,6.53,6.43,5.18,5.38,0.87,1.12,6.54,6.26,4.87,5.52,1.34,1.06,"10C","020A",6.44,5.2375,0.00129585042093802,0.60125,813.089928,0.00194873893456961,0.00149626745837639,NA,NA,0.0407130331222572,4.77486184741079,0.093361801242236,0.987945724203219,0.0120542757967812
"97","020B","2.98150293521956",-0.00851015954500645,"0.99797",0.0135462424768975,"0.0010749146394598","25.090456","0.786681459711963",0.975281439851086,"0.000970226698205574","1.37223436290972",57.0423928,"1.54130274563867",0.0127657035742998,0.014717050830794,0.975934905072401,0.974301242019114,1.29316577207657,1.49083724915943,58.074861,55.4936905,24.536265,25.9217425,1.31218232908189e-07,20,"PE",0.15,72,2.8229,1.1983,NA,NA,NA,NA,NA,NA,NA,NA,NA,NA,NA,NA,56.76,67.38,7.4,6.7,5.46,5.85,1.19,1.23,6.67,6.94,5.51,5.48,0.9,0.85,"25C","020B",6.9275,5.575,0.00123528962519551,0.67625,808.39586653125,0.00200965896445142,0.00148231831657155,NA,NA,0.106224670095016,7.64779970347179,0.0976181883796464,0.955250523205712,0.044749476794288
"98","020C","2.79375464310501",-0.00865159201684891,"0.99831",0.0334529207669244,"0.00379834238181356","33.3357387378641","1.56990341380726",0.965910728086115,"0.0024022944521409","3.38878087368944",34.3421291262136,"2.22906013483574",0.0328796276039603,0.0342706602205718,0.966480129343666,0.965080392961594,3.33070627628118,3.47161788034392,34.401040483871,34.2759926190476,33.0186806451613,33.7964688095238,1.33398981568993e-07,20,"PE",0,80,2.6015,1.1631,NA,NA,NA,NA,NA,NA,NA,NA,NA,NA,NA,NA,44.99,58.55,7.83,8.01,6.23,5.86,1.19,1.11,6.95,6.81,5.39,5.44,0.86,0.7,"35C","020C",7.4,5.73,0.00104591787578904,0.835,801.5495,0.00179452423088031,0.00145106446950563,NA,NA,0.127542500856827,3.68262821422596,0.112837837837838,0.949388209121246,0.0506117908787541
"99","020D","3.00596792418934",-0.0282562553738351,"0.99301",0.055225747997098,"0.00427850137732636","40.079437","1.01443399577042",0.954312725583951,"0.00190346077967314","5.59436827210603",24.745859,"1.64559001031223",0.0571762081923095,0.0523000577042807,0.953476490820677,0.955567077728863,5.79194988988096,5.29799584544364,23.9701383333333,25.90944,40.5367603333333,39.393452,4.3568347680776e-07,20,"PE",0,74,2.8357,1.35,NA,NA,NA,NA,NA,NA,NA,NA,NA,NA,NA,NA,48.24,64.16,7.23,7.02,5.86,5.49,0.53,0.89,6.61,6.34,4.9,5.23,0.82,0.76,"45C","020D",6.8,5.37,0.00103054292134237,0.715,741.6896,0.00200312907178421,0.00182016843703889,NA,NA,0.422770820879781,7.30557011907469,0.105147058823529,0.848421619438648,0.151578380561352
"100","020E","2.84700575788994",-0.0522445402735311,"0.99756",0.139223712997319,"0.000989429904042768","55.39943","0.105332017677042",0.911020241438382,"0.00047279310950673","14.1033621266284",12.2128309278351,"0.355515741670002",0.13932365696187,0.139075078383371,0.911239997970558,0.910693424031558,14.1134864502375,14.0883054402354,12.0561293103448,12.4458743589744,55.3770727586207,55.4326792307692,8.05559075307355e-07,20,"PE",0,78,2.5918,1.163,NA,NA,NA,NA,NA,NA,NA,NA,NA,NA,NA,NA,41.62,56.22,6.97,6.76,5.85,5.46,1.02,0.94,6.77,6.71,5.61,5.47,0.8,0.63,"55C","020E",6.8025,5.5975,0.000889447869163975,0.6025,650.38115784375,0.00219686561144697,0.00178818218512936,NA,NA,0.905684417530315,5.92641022827295,0.0885703785373025,0.790593505039194,0.209406494960806
"101","021A","4.88588976517931",-0.00578900261489671,"0.99144",0.00810777598926737,"0.00216147017174656","11.2787262828283","0.618106748493168",0.990839891545551,"0.00121234769657247","0.821317707712785",38.5376249494949,"16.5239851067047",0.0078861223812246,0.00843471506113045,0.990834957770843,0.990847168863244,0.798864197218052,0.854436635692515,39.7065506779661,36.8134595,11.1550118983051,11.461205,8.92606877004272e-08,21,"LS",0,55,4.6537,2.3176,41.11,24,1.3,1.29,1.59,1.13,1.65,1.55,0.94,0.89,0.6,1.43,65.51,80.97,9.12,8.77,7.33,7.25,3.24,2.09,8.2,8.44,6.66,6.83,2.26,2.07,"10C","021A",8.6325,7.0175,0.00177661800511428,0.8075,1508.47223864063,0.00154865296169136,0.00153638889774235,1.237,0.0676280987141996,0.0502419132551151,6.13999350088575,0.0935418476686939,0.982920251701554,0.0170797482984463
"102","021B","3.57009586285006",-0.00928174779189788,"0.99934",0.0112191699039379,"0.000666350332842254","23.7419791666667","0.186645008909634",0.976586592032081,"0.000112512825043583","1.13650191126891",61.362985,"1.88036689206683",0.0107488334274186,0.0119370518944146,0.9765662718594,0.976617607032487,1.08885682619751,1.2092233569042,62.6907648275862,59.3363736842105,23.6193413793103,23.9291631578947,1.43115359601804e-07,21,"LS",0,61,3.3606,1.617,26.87,9,1.41,1.62,1.19,1.18,1.65,1.42,1.13,1.45,1.14,1.23,43.84,56.69,9.35,9.02,7.8,7.88,3.13,2.48,8.78,9.06,7.48,7.64,2.6,2.14,"25C","021B",9.0525,7.7,0.00124677748705189,0.67625,1161.40457545312,0.0015012856302204,0.00139227968803991,1.342,0.0370003906624581,0.114788212883289,9.99188269586655,0.0747031206848937,0.957272310162881,0.0427276898371186
"103","021C","2.79018892864025",-0.0148463693191182,"0.99944",0.0339401575443211,"0.0014171780247065","33.7984566666667","0.397123676696546",0.964980749529656,"0.000454118851317194","3.43813795923973",34.7449944791667,"1.34180129234577",0.0331572275988595,0.0350844397723034,0.965147368750493,0.964737229129971,3.35882715576447,3.55405374893434,35.5539226315789,33.5627148717949,33.6055478947368,34.0804002564103,2.28916313126015e-07,21,"LS",0,43,2.5934,1.2314,48,29,1.31,0.88,1.25,1.49,1.45,1.41,1.07,1.32,1.04,1.7,32.64,48,8.24,9.02,6.95,7.59,1.67,1.1,8.54,8.49,7.22,7,1.12,1.72,"35C","021C",8.5725,7.19,0.000879037730667407,0.69125,881.853075,0.00154447496823663,0.00139637773559955,1.292,0.07047730144843,0.260416936770406,7.40412976889585,0.0806357538641003,0.914610866372981,0.0853891336270189
"104","021D","3.15622362737498",-0.0259986805899927,"0.99829",0.059223501197392,"0.0090412685984319","41.0497841489362","1.93703178278387",0.952154432727651,"0.00486121422197255","5.99934067129581",23.739120212766,"1.74014404363484",0.0608966050411458,0.0567578744802812,0.951013166876117,0.953836298193071,6.16882609066807,5.74957268485248,23.6573553571429,23.8596157894737,41.4782196428571,40.4184055263158,4.008739092283e-07,21,"LS",0,46,2.9817,1.4641,26.12,29,1.14,1.91,1.74,1.38,1.56,1.46,1.22,1.05,1.26,0.94,47.29,58.16,7.45,8.22,6.09,6,1.05,1.03,7.28,7.14,6.2,6.01,1.19,1.32,"45C","021D",7.5225,6.075,0.0011175871075352,0.723750000000001,822.789610875,0.00184445693035198,0.00177943423282046,1.366,0.147591935780204,0.358695896297887,5.76686417986195,0.0962113659022932,0.869267264101212,0.130732735898788
"105","021E","4.51617738939944",-0.0833154678684121,"0.99888",0.135171829520285,"0.0159453673186726","54.6795256666667","3.52086341820785",0.912972710908759,"0.00792116380238416","13.6929063304048",13.0680055555556,"5.04920740553664",0.132537844554644,0.139122806968746,0.913959999387431,0.91149177819075,13.4260836533854,14.093140345934,13.788962962963,11.9865694444444,54.2457222222222,55.3302308333333,1.2846420105046e-06,21,"LS",0,62,4.3468,2.1874,27.98,14,1.64,1.39,1.42,2.02,1.16,1.25,1.38,1.75,1.21,1.2,47.83,63.81,9.62,9.4,8.14,8.01,0.9,1.25,9.46,8.99,8.42,7.79,2.12,1.43,"55C","021E",9.3675,8.09,0.00140758281299909,0.63875,1399.83277232812,0.00154261283396631,0.00156261522321844,1.442,0.0534141871514844,0.912658209975909,6.16424326763883,0.0681878836402455,0.712281189219228,0.287718810780772
"106","022A","2.23040771753443",-0.00399451979666833,"0.99532",0.00876656913844251,"0.00198633240812964","10.8576242828283","0.50292022664806",0.991536991222096,"0.00110821062048476","0.888053453724226",31.6488258585859,"15.572776353722",0.00871887310923126,0.00883692078152909,0.991617321853137,0.99141850354131,0.883221845965127,0.895180075168897,31.5071657627119,31.8577745,10.7344746440678,11.03927,6.15915396490018e-08,22,"LS",0,51,2.0467,1.0357,19.38,14,1.18,0.96,1.3,1.14,1.19,1.1,0.82,1.12,1.28,1.37,31.23,43.55,8.24,8.12,6.97,6.92,2.29,2.09,8.35,8.32,7.03,6.91,2.33,1.92,"10C","022A",8.2575,6.9575,0.000810159332755063,0.65,742.378409296875,0.00136183917438755,0.00139511061613569,1.146,0.0874834054915208,0.0760239833805912,8.5986422455002,0.0787163184983348,0.967457962413452,0.0325420375865477
"107","022B","2.78583719548906",-0.00838602981420862,"0.99985",0.0122566555139819,"0.000587536210024975","24.5395696969697","0.230972274798118",0.975681763889745,"0.000215225046105881","1.24159920356637",59.7592568686869,"1.46481827573172",0.0119450673309413,0.0127162480839669,0.975770666472476,0.975550632580218,1.21003532062435,1.28815593090585,60.4575952542373,58.72920775,24.4051559322034,24.73783,1.2930427538007e-07,22,"LS",0,76,2.6208,1.3706,26.93,21,1.02,1.18,1.03,1.02,1.12,1.41,1.13,1.07,1,1.24,42.66,55.08,8.04,7.97,6.92,6.85,1.68,1.51,8.04,7.9,6.71,6.83,1.42,1.23,"25C","022B",7.9875,6.8275,0.0010704874865346,0.579999999999999,878.5281515625,0.00142306196765177,0.0015601093687918,1.122,0.0976274779510085,0.120790085831508,9.61540314729725,0.0726134585289514,0.944728843385058,0.0552711566149418
"108","022C","1.83636284394925",-0.00841962937508459,"0.99753",0.0308388987120851,"0.00228430410402471","32.7599113131313","0.930405937900716",0.966321046108249,"0.00141395533230456","3.12398043953422",37.2610525252525,"1.46144291426096",0.0307734085128297,0.0309396528647857,0.9664543307792,0.966115992768325,3.11734628234965,3.1341868352028,37.1850416666667,37.3779923076923,32.6976216666667,32.8557415384615,1.29822347336455e-07,22,"LS",0,46,1.7039,0.8592,25.83,33,0.75,0.65,0.88,0.82,0.85,0.75,0.39,0.54,0.96,0.37,43.87,59.51,6.34,6.16,5.69,5.26,0.84,1.01,5.84,5.74,5,4.94,1.17,0.77,"35C","022C",6.02,5.2225,0.000829686451672165,0.39875,539.166551,0.00156667730673077,0.00159357066644144,0.696,0.21222328976968,0.156471576792425,4.90295646364992,0.0662375415282392,0.92044512844797,0.0795548715520302
"109","022D","2.13984651259565",-0.0136930140091984,"0.99306",0.0576012491044445,"0.0012031850628681","40.8001546391753","0.288263512349746",0.952727022088527,"0.000587883219753045","5.83500653428022",24.288081443299,"0.498878646175996",0.0575548729135201,0.0576732542429849,0.952755306522416,0.952683106783278,5.83030862613959,5.84230065481437,24.3005576271186,24.2687105263158,40.7863950847458,40.8215181578947,2.11132716369388e-07,22,"LS",0,47,1.9841,1.0133,33.38,17,1.01,0.92,0.65,0.76,0.65,0.72,0.45,1.24,0.56,0.9,51.04,69.09,7.33,6.99,5.88,5.28,1.77,1.16,6.04,5.91,4.6,5.1,1.19,0.83,"45C","022D",6.5675,5.215,0.0010530781937651,0.67625,744.998441578125,0.00130308997417976,0.00136013707337902,0.786,0.0775465547320162,0.200491015405532,3.31612961580861,0.102969166349448,0.891223733003708,0.108776266996292
"110","022E","1.8079485823454",-0.0540827510402764,"0.99862",0.136993407724382,"0.0011749867718497","55.1298667676768","0.152098024130978",0.911934530756847,"0.000589691186180184","13.8774322024799",12.4996797979798,"0.228649190781111",0.137136568130567,0.136782246125259,0.911920745614311,0.911954863842088,13.8919343516265,13.8560415324888,12.4561271186441,12.56392,55.1412554237288,55.1130685,8.33902465022846e-07,22,"LS",0,57,1.6246,0.8482,32.01,19,0.64,0.51,1.01,0.59,0.72,0.66,1.06,0.58,0.96,0.95,51.49,68.42,6,6.25,4.99,5.04,2.94,2.8,5.55,5.35,4.4,4.37,0.97,1.04,"55C","022E",5.7875,4.7,0.000936189505681696,0.54375,572.93464765625,0.00135512837838675,0.0014804480815915,0.768,0.102559742736982,0.890741094577461,5.92946460419179,0.0939524838012959,0.577279752704791,0.422720247295209
"111","023A","4.51947015344716",-0.00317325841077768,"0.99322",0.00812982120124965,"0.00161918596218552","10.6700134083333","0.991352901988524",0.991360289089263,"0.00116230327288727","0.823550887686589",35.72475075,"13.1893424432687",0.00796440743117212,0.00837794185636595,0.99177349493249,0.990740480324421,0.806794472777735,0.84868551004987,34.4499859722222,37.6368979166667,10.0811640138889,11.5532875,4.89285023413717e-08,23,"MG",0,53,4.2895,2.2162,25.61,11,1.24,1.72,1.2,1.42,1.12,0.83,0.99,1.32,1.07,1.54,47.84,69.71,9.71,9.64,8.16,8.14,3.1,2.83,8.73,9.66,7.44,8.03,2.98,2.77,"10C","023A",9.435,7.9425,0.00141802193268789,0.74625,1551.3825436875,0.00133642086436782,0.00142853225274295,1.245,0.0455240825500604,0.0345047570940083,4.20755206306541,0.079093799682035,0.990015916654609,0.00998408334539125
"112","023B","5.14773799568212",-0.0113533313002134,"0.99507",0.0125387175153035,"0.000649040864922214","23.8976418803419","0.24834514540888",0.9769721124552,"0.000198667421895652","1.27017208430025",57.2218351282051,"1.6384505531697",0.0120901509155827,0.0132067954297814,0.976971960339587,0.976972339010367,1.22473228774852,1.33784837703686,58.4167975714286,55.4421038297872,23.7712042857143,24.0859531914894,1.75057125892474e-07,23,"MG",0.02,46,4.8368,2.5406,34.01,24,1.55,1.47,1.14,0.99,1.14,1.31,1.08,1.12,1.55,0.92,51.43,71.92,10.26,11.11,9.26,8.45,2.24,1.36,9.4,9.12,7.82,7.42,2.42,2.41,"25C","023B",9.9725,8.2375,0.00161127786871144,0.867499999999999,1788.124597375,0.00128413870228667,0.00142081821576061,1.227,0.0707620758615154,0.108644901845806,8.4652229491762,0.0869892203559788,0.950744708649072,0.0492552913509277
"113","023C","4.40889452354486",-0.0108541242945516,"0.99614",0.0305237824654665,"0.000528528177403086","32.184829826087","0.147805983426963",0.967783172314754,"0.000238586974968819","3.09205916375176",35.7136286956522,"0.747245974176992",0.030254265154838,0.0309280584314093,0.967747943389322,0.967836015702902,3.06475706018509,3.13301231910176,36.1460956521739,35.0649282608696,32.1478668115942,32.2402743478261,1.67359848210205e-07,23,"MG",0,48.5,4.2382,2.2441,31.11,22,1.5,1.23,1.11,1.48,0.88,1.42,1.08,1.3,1.43,1.29,60.41,81.35,8.39,8.77,7.33,6.83,2.15,1.89,8.06,8.34,6.74,7.06,1.35,1.61,"35C","023C",8.39,6.99,0.00159228450638619,0.700000000000001,1431.59933375,0.00139291766417393,0.00156754753030074,1.272,0.0842870218291893,0.105106749163842,3.33250124726701,0.0834326579261026,0.947795998194674,0.0522040018053257
"114","023D","5.63888612584821",-0.0195418582838469,"0.99654",0.0570924800870141,"0.00524782912634434","40.3189730909091","1.29039577556921",0.954244605158582,"0.0028169425341925","5.78346823281453",23.2498009090909,"1.33910346685881",0.0583459937514626,0.0552122095903414,0.953339562709233,0.955602168832605,5.91044916702317,5.59299683150158,23.1812015151515,23.3527,40.6934365151515,39.7572779545455,3.01316103204349e-07,23,"MG",0,49,5.4613,2.8034,30.4,20,1.39,1.31,1.88,1.36,1.22,1.4,1.67,1.14,1.57,1.12,57.18,79.48,10.31,10.18,8.68,8.35,1.31,1.23,9.96,9.86,8.32,8.35,1.11,1.59,"45C","023D",10.0775,8.425,0.00181028449008739,0.82625,2017.9178441875,0.00131714975793288,0.00138925378358442,1.406,0.0652835263549596,0.166446823609367,2.78199481320391,0.0819895807491937,0.935099138417548,0.0649008615824525
"115","023E","3.38861858402344",-0.0326431441723738,"0.99963",0.138659357834589,"0.000702527195298595","55.1183103896104","0.0935732974512433",0.912856257550027,"0.000367864811079268","14.0461929486438",11.3848987012987,"0.11272452272956",0.138562525924061,0.138803043895372,0.912869798952446,0.912836163856114,14.0363838761074,14.0607483466012,11.4117086956522,11.3451161290323,55.1100280434783,55.1306003225806,5.03324957918035e-07,23,"MG",0,46,3.2154,1.6425,17.15,8,1.04,0.95,1.17,1.45,1.33,1.18,1.16,1.7,1.27,1.44,40.34,53.88,9.24,9.27,7.91,7.92,4.14,3.57,8.96,9.66,7.37,7.64,3.7,3.41,"55C","023E",9.2825,7.71,0.00117638837577225,0.786249999999999,1160.6399401875,0.0013552006488299,0.00141516756672587,1.269,0.050252874032534,0.42785611306948,2.81676719296819,0.0847023969835712,0.868840994341662,0.131159005658338
"116","024A","2.92011226195989",-0.00421019780280188,"0.99232",0.00810983886086296,"0.00178074255257056","10.9873879292929","0.781724147988856",0.991088490806092,"0.00110094854843937","0.821526676605418",37.2986483838384,"14.0093946219907",0.00791191829154154,0.00841433204443438,0.991339348966263,0.990702555175061,0.801477322933158,0.852371836101202,37.0910733333333,37.6179946153846,10.5784084166667,11.6165871794872,6.49170809261465e-08,24,"LS",0.55,47,2.7452,1.3274,27.94,16,0.97,1.21,1.05,1.36,1.5,1.72,1.37,1.6,1.48,1.36,52.98,86.88,6.8,6.92,5.51,5.27,1.31,2.07,6.36,6.16,9.87,5.11,1.48,1.02,"10C","024A",6.56,6.44,0.00109185675684395,0.0600000000000001,934.689792,0.00151686689224054,0.00142015031228671,1.362,0.0872950748118791,0.0594556754072684,7.26596873504047,0.00914634146341464,0.97637184370151,0.0236281562984904
"117","024B","2.89353227683713",-0.00694854785530627,"0.99953",0.0126615795233925,"0.000651246483695634","23.934278125","0.259469599964853",0.97696870945451,"0.000219058605857935","1.28261800571966",56.898036875,"1.62686579317948",0.0121985011074067,0.0133683834214762,0.977010059893217,0.97690559562701,1.2357081621803,1.35421724059553,58.0664337931034,55.1146942105263,23.7803362068966,24.1692421052632,1.07139727055562e-07,24,"LS",0.75,75,2.7463,1.2851,28.09,15,1.51,0.85,0.76,0.51,0.89,0.86,0.74,0.98,0.76,0.47,58.7,79.39,6.55,6.85,5.94,5.75,1.97,1.53,6.72,6.43,5.37,5.61,1.94,1.4,"25C","024B",6.6375,5.6675,0.00122403125668247,0.484999999999999,874.409523046875,0.00167107054702293,0.00146967749793264,0.833,0.0804516555945076,0.087530221528775,6.75384041992908,0.0730696798493408,0.961675335340816,0.0383246646591839
"118","024C","3.77215022014301",-0.00869740975280595,"0.99987",0.0306500950553074,"0.000486778921530975","32.2009809677419","0.153552465634109",0.967802899115191,"0.000257894274366501","3.10485462910264",35.5058731182796,"0.659270534154456",0.0304140117618775,0.0310074103102283,0.967821264147965,0.967775103389911,3.08093939147819,3.14105066442612,35.8166982142857,35.0354351351351,32.1502646428571,32.2777408108108,1.34105445685951e-07,24,"LS",0.7,55,3.5248,1.6774,24.73,14,1.19,0.9,1.14,1.7,1.35,0.79,0.93,1.04,0.78,0.5,41.38,63.25,8.8,9.15,7.18,7.19,2.22,1.64,7.93,8.21,6.84,6.2,2.03,2.53,"35C","024C",8.5225,6.8525,0.00110791736388726,0.835,1148.50941132813,0.00160851968802213,0.00146050174552795,1.032,0.0664258177225742,0.121042823280092,3.82203040728501,0.0979759460252274,0.963299772653459,0.0367002273465411
"119","024D","2.95200762803894",-0.0149740818774944,"0.99794",0.056502132147407,"0.00563582611840384","40.1270994444444","1.35385122142653",0.954687143054915,"0.00293620080081862","5.72366598653233",23.2996744444444,"1.47554358405325",0.0576103541099266,0.0548397992036276,0.953959655538523,0.955778374329502,5.83592887133556,5.55527165932747,23.1749333333333,23.4867861111111,40.4372005555556,39.6619477777778,2.30885514307459e-07,24,"LS",0.5,72,2.7359,1.3207,25.42,14,0.56,0.22,0.39,0.56,0.69,0.95,0.98,1.04,0.76,0.5,42.42,72.32,7.67,7.32,6.3,6.31,1.44,2.93,6.66,6.76,5.33,5.71,1.96,1.51,"45C","024D",7.1025,5.9125,0.000946524324494394,0.595,912.054753,0.00155166123014547,0.001448049029574,0.665,0.0775427586002535,0.243929826558648,4.12155542406101,0.0837733192537839,0.922979084228378,0.0770209157716224
"120","024E","2.86911213996429",-0.0533514440591501,"0.9989",0.138670156127379,"0.00070073311581434","55.1190473684211","0.0939698298727618",0.912856125397773,"0.00037030728250835","14.0472868157035",11.3811223684211,"0.108459799740038",0.13859043782465,0.13879239085823,0.912867475580976,0.912838721783528,14.039211351637,14.0596691939387,11.4030782608696,11.3474566666667,55.1122019565217,55.1295436666667,8.22626435558378e-07,24,"LS",0.3,55,2.6241,1.2434,25.81,19,1.46,0.63,1.06,0.94,1.03,1.08,1.06,1.09,1.25,0.97,40.35,68.65,6.88,6.92,5.84,5.7,1.33,1.36,6.57,6.89,5.83,5.65,1.71,2.27,"55C","024E",6.815,5.755,0.000863891641245553,0.530000000000001,797.0990115625,0.00173215620640842,0.00155990658872183,1.057,0.108018896484639,0.952233354604891,6.2684868527924,0.0777696258253853,0.756862461070471,0.243137538929529
"121","025A","3.13051831650247",-0.00347176120764154,"0.99325",0.00826426185533494,"0.00170116911191742","10.5140049183673","1.2487491281759",0.99154534887535,"0.00128185354269863","0.83716972594543",33.9648917346939,"13.8292079454296",0.00791783763088018,0.00878833952822804,0.991922515611914,0.990974763299522,0.802076952008163,0.8902587942095,33.6639030508475,34.4202335897436,9.8488200338983,11.5203102564103,5.35311198734497e-08,25,"LS",0,68,2.9914,1.5427,24.91,21,1.05,1.57,1.05,1.22,0.9,0.96,1.02,0.88,1.13,1.1,48.31,59.01,8.51,8.41,6.81,6.78,0.84,2.61,8.65,7.99,6.61,7.31,1.57,1.97,"10C","025A",8.39,6.8775,0.0012733531617864,0.756250000000001,1038.45945525,0.00139504724298672,0.00148556594309078,1.088,0.100480920826298,0.0420394918549935,5.04389422159864,0.0901370679380215,0.990198108649134,0.00980189135086618
"122","025B","2.06283427056351",-0.00422978372596687,"0.99863",0.0111482523302139,"0.000804898461006918","23.26503125","0.334639673399849",0.977370438786501,"0.000490904321537726","1.12931796105066",60.4865196875,"2.50901170699098",0.0106987582263014,0.0118343222782908,0.977545566259757,0.977103138958898,1.08378420832433,1.19881684679086,61.5044724137931,58.9328023684211,23.0306775862069,23.6227289473684,6.52190764661824e-08,25,"LS",0,53,1.9517,1.0021,41.99,28,1.23,1.26,1.2,1.9,1.25,1.35,1.22,1,1.12,1.28,33.18,41.99,8.24,8.3,6.43,6.67,1.72,1.94,8.31,8.13,6.96,6.88,2.51,1.69,"25C","025B",8.245,6.735,0.000859442674809172,0.755000000000001,713.6203124375,0.00133067961134187,0.00140424814503548,1.281,0.0808763413738377,0.0758853130962614,6.6528868885874,0.091570648878108,0.963984835720303,0.0360151642796965
"123","025C","2.50047136724984",-0.00629240509201474,"0.99947",0.0319191269940641,"0.00258602728147013","32.7283484848485","1.13653279515641",0.966919521293049,"0.00193778110884206","3.23340756449869",34.9643483838384,"1.76387073512431",0.0303753297394884,0.0342941996934113,0.968016305181149,0.965232161465204,3.07702090261018,3.47400242894257,35.5882998333333,34.0044230769231,32.0548385,33.7645176923077,9.70226553979415e-08,25,"LS",0.3,60,2.3159,1.1518,45.7,44,1.22,1.41,1.4,1.09,1.13,0.83,1.01,1.03,0.87,0.93,33.74,45.7,8.29,8.61,6.78,7.07,1.64,1.62,8.33,8.08,7.07,6.91,1.82,1.71,"35C","025C",8.3275,6.9575,0.000882692816640226,0.684999999999999,792.29240265625,0.00146928078080419,0.00145375620937227,1.092,0.115617036958694,0.109916670407761,3.32968299391654,0.0822575803062143,0.971308306846491,0.0286916931535091
"124","025D","3.29806885844323",-0.0116574103729158,"0.99816",0.0642298534575787,"0.00851282360225136","42.0768315789474","1.89679760158016",0.950386383191177,"0.00468869460031241","6.50648415525272",21.5698368421053,"1.67816123531481",0.0636223102153784,0.0651411683208791,0.950713090194919,0.949896322685563,6.44494002481783,6.59880035090505,21.6918789473684,21.3867736842105,41.9389471929825,42.2836581578947,1.79745724076016e-07,25,"LS",0.4,81,3.0857,1.6091,29.01,17,0.92,1.18,0.91,1.24,1.2,1.51,1.47,1.36,1.12,1,41.03,53.11,9.76,9.47,7.21,6.98,2.67,3.04,8.36,8.33,6.95,6.4,1.61,1.49,"45C","025D",8.98,6.885,0.00115751792825957,1.0475,1070.702911,0.00137909403703863,0.00150284451781041,1.191,0.0652566621294093,0.155285477388916,2.29770418696718,0.116648106904232,0.958553433563592,0.0414465664364079
"125","025E","2.34959918088737",-0.0296088737201365,"0.9996",0.138617467884115,"0.00137464090803058","55.2314066666667","0.114965266071534",0.911985539181887,"0.000474670684149643","14.0419494966609",11.8913408602151,"0.538840944555707",0.138827116904541,0.138291339812234,0.911931465115175,0.912053010887231,14.06318694243,14.0089127229793,11.8478303571429,11.9683631578947,55.25250125,55.2008092105263,4.56539512263055e-07,25,"LS",0,58,2.1511,1.0863,24.09,14,1.04,0.77,1.22,1.45,1.03,0.83,1.26,1.62,1.12,1.08,36.52,48.29,7.79,7.87,5.98,6.44,1.68,1.86,7.28,7.43,6.14,5.88,1.79,1.53,"55C","025E",7.5925,6.11,0.000871094841961336,0.74125,695.932014078125,0.00153003451265351,0.00156092833498827,1.142,0.0765431683650366,0.524098514043685,3.44812434688348,0.0976292393809681,0.853024042073629,0.146975957926371
