"","segment","int","slope","R2","D","D_sd","Tc","Tc_sd","mols_per_sec","TreeID","sp","lichen","apex_dist","fresh_mass","dry_mass","length_counted_lenticel","n_lenticels","lenticel_diam1","lenticel_diam2","lenticel_diam3","lenticel_diam4","lenticel_diam5","lenticel_diam6","lenticel_diam7","lenticel_diam8","lenticel_diam9","lenticel_diam10","exposed_length","total_length","basal_diam1","basal_diam2","basal_xylem_diam1","basal_xylem_diam2","basal_pith_diam1","basal_pith_diam2","distal_diam1","distal_diam2","distal_xylem_diam1","distal_xylem_diam2","distal_pith_diam1","distal_pith_diam2","treatment","sampleID","diam","wood_diam","sa","bark_thickness","vol","water_content","density","lenticel_size","LD","E","gs","bark_thickness_ratio"
"1","001A","3.0955301035549",-0.00108131762958855,"0.99149",0.0811908529185427,"0.0167281629722266","10.781772375","0.929781452847375",1.66728470619964e-08,1,"CC",0.2,87,2.7745,1.7358,NA,NA,NA,NA,NA,NA,NA,NA,NA,NA,NA,NA,31.28,57.85,8.28,8.04,7.1,6.53,1.05,1.1,7.47,7.82,6.42,6.64,0.83,1.34,"10C","001A",7.9025,6.6725,0.000776570916359392,0.615,903.175984140625,0.00115005272310061,0.00192188458338119,NA,NA,0.0214698319377702,0.264436585723647,0.0778234735843088
"2","001B","4.12024193690311",-0.00397074988954408,"0.99129",0.125667364612147,"0.00639933649351678","23.9111127272727","0.249964011027603",6.12250312195487e-08,1,"CC",0.85,77.5,3.9325,2.3894,NA,NA,NA,NA,NA,NA,NA,NA,NA,NA,NA,NA,44.18,63.24,9.88,10.15,8.58,8.72,0.89,0.83,8.61,8.65,7.29,7.49,0.97,0.9,"25C","001B",9.3225,8.02,0.00129392164012835,0.65125,1374.0313888125,0.00112304566879918,0.00173897046272358,NA,NA,0.0473174180883746,0.376529087201061,0.0698578707428265
"3","001C","3.77013387376858",-0.00467022878285366,"0.99918",0.305399222905769,"0.00481449308100404","32.197085462963","0.14322580882253",7.20103030879845e-08,1,"CC",0.7,99.8,3.2246,2.2377,NA,NA,NA,NA,NA,NA,NA,NA,NA,NA,NA,NA,39.28,61.59,8.06,8.48,7.19,6.78,1.69,1.63,7.92,8.14,6.6,6.59,1.08,0.79,"35C","001C",8.15,6.79,0.00100572433937901,0.68,1022.74044375,0.000964956461857921,0.0021879451562463,NA,NA,0.0716004378818631,0.234448657729412,0.0834355828220859
"4","001D","4.21560803303249",-0.00903098686911634,"0.99412",0.568941777249928,"0.0533670098495839","40.2791234285714","1.30742878451064",1.39248874491178e-07,1,"CC",0.65,83,3.8784,2.4566,NA,NA,NA,NA,NA,NA,NA,NA,NA,NA,NA,NA,49.99,93.55,7.21,7.5,5.85,5.94,1.34,1.08,7.14,6.87,5.76,6.1,0.66,0.8,"45C","001D",7.18,5.9125,0.00112760619628621,0.63375,1205.681755,0.00117924982616993,0.00203751942816784,NA,NA,0.123490696441538,0.217053310865043,0.088266016713092
"5","001E","4.45861757544006",-0.0178930733156324,"0.99932",1.3846110621155,"0.00701549189186607","55.1183103896104","0.0935732974512433",2.75893471721296e-07,1,"CC",0.9,102,4.1748,2.6878,NA,NA,NA,NA,NA,NA,NA,NA,NA,NA,NA,NA,42.45,71.77,9.26,9.17,7.57,7.19,1.47,1.18,7.95,8.08,6.49,6.77,0.8,0.78,"55C","001E",8.615,7.005,0.0011489016391682,0.805,1331.6605020625,0.00111665097650408,0.00201838230978323,NA,NA,0.240136720425468,0.173432617285732,0.0934416715031921
"6","002A","3.8114155207854",-0.00166324352571546,"0.9912",0.0826512009627385,"0.0174520434985176","10.357099975","0.52368263784225",2.56455681219785e-08,2,"CC",0.1,71,3.5568,2.1991,65.77,4,0.78,0.63,1.13,1.43,NA,NA,NA,NA,NA,NA,37.83,65.77,9.3,8.84,7.47,7.18,1.47,1.35,7.89,7.51,6.31,6.59,0.82,0.71,"10C","002A",8.385,6.8875,0.000996527483965256,0.74875,1156.0429895625,0.00117443729364582,0.00190226489832549,0.9925,0.00725319047449375,0.0257349330897858,0.311367926781704,0.0892963625521765
"7","002B","3.69996941251326",-0.00402093275621125,"0.99966",0.13813152431331,"0.0100014338697016","25.3521480519481","0.658676204417536",6.19988013294401e-08,2,"CC",0.1,127,3.177,2.2163,58.72,8,0.78,1.36,0.9,1.44,0.79,0.5,0.83,1.08,NA,NA,42.82,58.72,8.69,8.72,7.43,7.34,1.08,1.12,8.75,8.64,7.11,7.36,0.7,1.11,"25C","002B",8.7,7.31,0.00117035007761242,0.695,1111.1292,0.000864615924052757,0.00199463752730106,0.96,0.0156597450593504,0.0529745778766651,0.383508240714901,0.0798850574712644
"8","002C","3.959110572354",-0.00702763163336606,"0.99908",0.347717679365086,"0.02574576923646","33.945014875","0.95515530839064",1.08359120599693e-07,2,"CC",0.2,135,3.6661,2.2152,55.86,1,0.86,NA,NA,NA,NA,NA,NA,NA,NA,NA,33.3,55.86,9.09,9.08,7.67,8.28,0.96,1,9.58,8.85,7.67,8.22,1.54,1.47,"35C","002C",9.15,7.96,0.000957227573585542,0.595000000000001,1169.1847125,0.00124095019759335,0.00189465357895705,0.86,0.00195649154110882,0.113201002133491,0.325554347251453,0.0650273224043716
"9","002D","4.90047912891578",-0.0104532383817297,"0.99974",0.53235932765364,"0.0252286177349792","39.6310614102564","0.615192262127135",1.61178584416021e-07,2,"CC",0.15,149,4.6887,2.8855,54.52,3,0.94,1.01,0.61,NA,NA,NA,NA,NA,NA,NA,38.53,54.52,11.01,10.52,10.17,9.11,1.14,1.53,11.17,10.64,9.74,8.95,1.62,1.25,"45C","002D",10.835,9.4925,0.0013115286961554,0.671250000000001,1600.12417675,0.00112691253978955,0.00180329754523222,0.853333333333333,0.00507851210429503,0.122893677346518,0.230847232240991,0.0619520073834795
"10","002E","4.88890839557275",-0.0270072887609107,"0.99459",1.38709049570828,"0.00904257685656114","55.3902946666667","0.118348430952882",4.1642564843891e-07,2,"CC",0.05,103,4.6583,2.8312,NA,NA,NA,NA,NA,NA,NA,NA,NA,NA,NA,NA,48.84,67.1,9.25,9.9,7.56,7.95,0.92,1,8.82,9.48,7.24,6.94,0.73,0.65,"55C","002E",9.3625,7.4225,0.00143653879394741,0.97,1470.43621484375,0.00124255644791376,0.0019254150376736,NA,NA,0.289881241072947,0.208985096480621,0.103604806408545
"11","003A","4.0364463736175",-0.00224610129985513,"0.99633",0.0826602511673557,"0.0185620541472937","10.9079157682927","0.951388683865792",3.46326578181153e-08,3,"CC",0.85,150,3.8688,2.3785,NA,NA,NA,NA,NA,NA,NA,NA,NA,NA,NA,NA,50.19,66.63,8.45,9.34,7.15,8.34,1.05,0.75,8.03,9.44,7.71,6.75,0.79,0.73,"10C","003A",8.815,7.4875,0.00138991865852557,0.66375,1294.3581279375,0.00115138149777351,0.00183759034587285,NA,NA,0.0249170392854887,0.3014391915534,0.0752977878615995
"12","003B","5.28831168179905",-0.00943571249473798,"0.99845",0.11059020885447,"0.00844647804521465","23.3462037974684","0.296635624035504",1.45489342854417e-07,3,"CC",0,145,5.1054,3.0339,NA,NA,NA,NA,NA,NA,NA,NA,NA,NA,NA,NA,57.2,69.08,10.4,11.18,9.66,9.45,1.42,1.29,9.75,8.66,8.88,7.74,0.97,0.77,"25C","003B",9.9975,8.9325,0.0017965417501039,0.532499999999999,1726.1366079375,0.00120007882949378,0.00175762450436939,NA,NA,0.0809830012834399,0.732280028424655,0.0532633158289571
"13","003C","7.51957818208358",-0.0126549415793305,"0.99922",0.323466164282852,"0.0262516945693312","33.0523382716049","0.998766857691011",1.95126667463066e-07,3,"CC",0.25,125,7.3053,4.4703,NA,NA,NA,NA,NA,NA,NA,NA,NA,NA,NA,NA,75.46,93.71,11.38,10.81,9.27,10.11,1.89,2.28,9.87,10.47,8.35,8.47,1.49,1.94,"35C","003C",10.6325,9.05,0.00252058916428609,0.791250000000001,2648.48019279688,0.00107042522262783,0.00168787367644205,NA,NA,0.0774131184200074,0.239323697400122,0.0744180578415237
"14","003D","2.6911492495278",-0.0202219665633841,"0.99434",0.647242367818258,"0.0920404067171088","42.25331","2.03303986846715",3.11802699390371e-07,3,"CC",0,115,2.4959,1.3864,NA,NA,NA,NA,NA,NA,NA,NA,NA,NA,NA,NA,44.15,58.69,7.56,8.26,5.9,6.89,1.69,1.95,7,7.33,6.25,5.95,0.87,1.01,"45C","003D",7.5375,6.2475,0.00104546116675702,0.645,833.602039453125,0.00133097083199062,0.00166314372372401,NA,NA,0.298244171380914,0.460792102325198,0.0855721393034826
"15","003E","3.32329533253868",-0.0336007808699037,"0.99865",1.37940729406699,"0.0100637937700625","55.2075241333333","0.111420796812868",5.18090767484042e-07,3,"CC",0.8,131,3.1561,1.87,NA,NA,NA,NA,NA,NA,NA,NA,NA,NA,NA,NA,51.9,62.42,7.65,8.17,7.22,6.61,0.7,0.85,8.2,7.7,7.2,7.01,0.68,0.58,"55C","003E",7.93,7.01,0.00129297586365999,0.46,981.3188645,0.0013105831820071,0.00190559874842801,NA,NA,0.400696395072293,0.290484468797389,0.0580075662042875
"16","004A","4.49220969190676",-0.00379494404317775,"0.99339",0.0833654345227451,"0.0169100338339255","10.2978102758621","0.541214853351981",5.85142791621851e-08,4,"LS",0.05,96,4.294,2.0829,55.28,8,1.28,1.27,1.26,1.03,0.68,0.66,0.71,0.41,NA,NA,41.13,55.28,10.47,9.46,7.99,8.87,2.15,1.97,10.59,9.45,7.7,8.94,1.85,2.57,"10C","004A",9.9925,8.375,0.00129116795562767,0.80875,1379.927777375,0.00160233023514181,0.00150942682229518,0.9125,0.0144826420104514,0.0453188749822559,0.543617090724709,0.0809357017763322
"17","004B","3.06782388002153",-0.0058813412977157,"0.99751",0.137177077388447,"0.0100882271607854","25.2672380952381","0.691584262767142",9.06844587501354e-08,4,"LS",0.05,84,2.866,1.5219,51.65,7,1.27,1.44,1.07,0.91,0.96,0.67,1.13,NA,NA,NA,35.01,51.65,9.21,8.24,6.84,7.59,1.67,1.14,8.48,8.66,6.97,7.37,1.25,1.27,"25C","004B",8.6475,7.1925,0.00095111395574184,0.7275,965.587146328125,0.00139200278826335,0.0015761394564824,1.06428571428571,0.0156724590396085,0.0953455242693861,0.695054349345804,0.0841283607979185
"18","004C","3.47886647373786",-0.0105896347111144,"0.99882",0.346774702521511,"0.0259123450791743","33.9051938554217","0.970364823505649",1.6328168074722e-07,4,"LS",0.3,41,3.2507,1.5206,66.46,10,1.61,0.99,0.67,0.98,1.48,1.09,0.52,0.85,1.2,0.35,48.13,66.46,7.88,8.45,6.21,6.25,2.24,2.91,7.53,6.96,5.76,5.87,1.42,2.15,"35C","004C",7.705,6.0225,0.00116503340328512,0.84125,986.383120375,0.00175398378607924,0.00154159166817646,0.974,0.0195284160911805,0.140151930654352,0.404158462642351,0.109182349123945
"19","004D","3.38667379006968",-0.0134313536192484,"0.9997",0.535590194639231,"0.0298319376663571","39.7085283950617","0.723654603188663",2.07098172268337e-07,4,"LS",0.15,79,3.1687,1.6497,60.26,11,1.16,1.46,0.92,1.06,1.34,1.2,1.06,1.63,0.87,0.95,45.9,60.26,8.53,8.45,6.79,7.07,1.98,1.78,8.39,8.28,6.83,7.11,1.1,1.41,"45C","004D",8.4125,6.95,0.00121307495230308,0.73125,1066.15240390625,0.00142474940208789,0.0015473397555131,1.165,0.0216989380835597,0.170721662231301,0.318754271344152,0.086924219910847
"20","004E","4.47447089204739",-0.0467423876123981,"0.99584",1.3884882090232,"0.00945527733263338","55.3951642857143","0.112649720295331",7.20721329837753e-07,4,"LS",0,73,4.2141,2.0648,63.4,4,1.21,0.89,0.85,1.3,NA,NA,NA,NA,NA,NA,47.56,63.4,9.09,8.79,7.62,7.77,1.31,1.45,8.15,8.49,6.7,7.14,1.68,1.38,"55C","004E",8.63,7.3075,0.00128944408519882,0.66125,1180.458865,0.00182073265212846,0.00174915031876185,1.0625,0.00731071641365495,0.558939575675064,0.402552626693372,0.0766222479721901
"21","005A","4.89061370699765",-0.00652103199761922,"0.99797",0.0827003742347496,"0.0190284337434331","11.0306896923077","0.799445329728613",1.00547855882143e-07,5,"MG",0.05,92,4.6885,2.612,34.79,20,0.77,1.12,0.94,0.97,0.92,0.76,0.76,0.94,0.95,1.32,59.27,71.74,9.31,9.54,7.46,7.85,2.86,3.62,9.9,9.39,7.69,8.03,3.29,2.84,"10C","005A",9.535,7.7575,0.00177543794437378,0.88875,1630.582495375,0.00127347129377986,0.00160188154074308,0.945,0.0602913307246279,0.0566327064264741,0.684793834979743,0.093209229155742
"22","005B","2.96859965384906",-0.00628866824437755,"0.99746",0.110735609590089,"0.00858045189787638","23.3585302631579","0.295709217089914",9.69650369078291e-08,5,"MG",0,82,2.7421,1.4778,30.86,10,0.81,0.99,0.76,1.01,0.96,0.89,1.11,0.79,1.08,0.69,56.14,69.95,7.83,7.65,6.66,6.48,1.22,2.59,7.82,7.39,6.05,6.15,2.85,3.54,"25C","005B",7.6725,6.335,0.00135319124129024,0.66875,1029.44114367188,0.00122814209221366,0.0014355361732764,0.909,0.0422344828926059,0.0716565655682005,0.647095959768066,0.0871619420006516
"23","005C","3.43905551735057",-0.0142284718020219,"0.98977",0.326281962452671,"0.0252267589809194","33.1911733333333","0.902589025908298",2.19388945291964e-07,5,"MG",0,57,3.2831,1.809,36.15,11,0.79,0.9,0.83,0.72,0.64,0.86,0.45,0.9,0.62,1.11,68.7,84.88,7.5,7.44,6.17,5.34,2.6,2.71,7.47,7.44,6.01,6.03,3.09,2.48,"35C","005C",7.4625,5.8875,0.00161061208668833,0.7875,1181.718590625,0.00124742050408157,0.00153082130919446,0.782,0.0407755698733409,0.136214639828677,0.417475237689351,0.105527638190955
"24","005D","6.19138131499905",-0.0416241036689688,"0.9953",0.651564620549035,"0.095292357930951","42.3505733333333","2.10368159986115",6.4180245986507e-07,5,"MG",0,56,6.0984,3.1461,40.56,23,1,1.25,0.78,1.26,0.89,0.74,0.98,0.95,0.8,1.34,82.46,93.87,9.52,10.12,7.66,7.58,3.98,3.99,9.56,9.19,7.99,7.42,4.14,3.92,"45C","005D",9.5975,7.6625,0.0024862873707386,0.9675,2161.63850667188,0.00136576952662888,0.00145542374004238,0.999,0.0590842556899423,0.258136878069091,0.3961800102829,0.100807501953634
"25","005E","5.13381763846578",-0.0690306015571139,"0.99578",1.37875461730192,"0.00962454638489095","55.1997604109589","0.110273016398674",1.06438351772486e-06,5,"MG",0.01,56,4.9562,2.6314,34.32,15,0.92,0.63,0.75,0.53,1.04,0.78,0.77,0.86,0.9,0.75,57.24,72.18,10.03,9.34,8.5,8.54,3.48,4.15,9.78,9.75,7.81,7.86,4.26,3.43,"55C","005E",9.725,8.1775,0.00174879582495464,0.77375,1706.617153125,0.00136222702071349,0.00154188067029657,0.793,0.0449422043252377,0.60863795677947,0.441440376076862,0.0795629820051414
"26","006A","2.99883041047026",-0.00514413765574154,"0.99059",0.0871893482702139,"0.0198882069799808","10.8490938556701","0.504535794806556",7.93175086146245e-08,6,"MG",0,52,2.8853,1.5558,28.24,15,0.76,1.32,1.01,1.3,1.23,1.37,1.26,0.82,0.9,0.94,61.47,79.11,7.44,7.39,6.46,6.11,3.78,2.62,7.24,6.87,5.94,5.91,2.7,3.29,"10C","006A",7.235,6.105,0.00139717762251095,0.565,1035.2576874375,0.00128422132589116,0.00150281424507068,1.091,0.0734155456928568,0.0567698103209514,0.651109469760143,0.078092605390463
"27","006B","2.76417478529912",-0.00368972007591559,"0.99796",0.122239159380048,"0.00586570116785287","24.53488","0.232653591272335",5.6891829786153e-08,6,"MG",0,54,2.6445,1.4346,30.76,19,0.74,0.79,0.72,0.61,0.88,0.94,1.08,1.05,0.8,0.85,56.11,72.61,7.75,7.05,5.77,6.1,2.28,3.14,7.56,6.93,5.85,6.04,2.53,3.26,"25C","006B",7.3225,5.94,0.00129077195787368,0.69125,973.319010953125,0.00124306623664445,0.00147392579807433,0.846,0.084354428896098,0.0440758179158712,0.360570361735205,0.0944008193922841
"28","006C","3.63859265976727",-0.0113355871644304,"0.99848",0.309040279781596,"0.02199571888132","32.809541443299","0.887026704558537",1.74783528890019e-07,6,"MG",0,40,3.4425,1.8523,41.29,26,1.03,0.97,1.38,0.9,1.2,1.25,1.8,1.18,0.93,1.27,57.25,71.93,8.04,8.38,6.9,6.78,2.2,3.73,8.47,8.1,6.85,7.3,2.81,3.46,"35C","006C",8.2475,6.9575,0.00148336383975008,0.645,1223.19224051563,0.001300040948044,0.00151431634263734,1.191,0.0763494900845137,0.117829169220861,0.381274471095266,0.0782055168232798
"29","006D","4.52784722458786",-0.0236576961655029,"0.999",0.574347479151181,"0.0113538725332804","40.7809612903226","0.273026096165636",3.6477824758734e-07,6,"MG",0,37,4.3183,2.3516,28.44,20,1.12,1.24,1.04,1.13,1.22,1.62,1.14,0.76,1.19,0.94,57.55,71.18,9.54,9.11,7.91,7.96,3.39,2.57,9.15,8.92,7.7,7.38,3.57,3.68,"45C","006D",9.18,7.7375,0.00165973167322537,0.72125,1499.627358,0.0013114591365037,0.00156812289896888,1.14,0.0766051068028399,0.21978145833565,0.382662876244292,0.0785675381263616
"30","006E","3.31574342699945",-0.0376890841905523,"0.99639",1.36775444736748,"0.0108454638942626","55.1326561956522","0.13888401710149",5.8112835620269e-07,6,"MG",0,51,3.1762,1.7417,42.26,29,1.17,1.21,0.9,1.02,1.23,1.52,1.08,0.82,1.16,1.14,66.66,81.69,7.49,7.36,6.37,6.08,3.16,3.49,6.96,7.17,5.77,5.75,2.65,2.65,"55C","006E",7.245,5.9925,0.0015172375127587,0.626250000000001,1071.9775355625,0.00133818102750378,0.00162475419700477,1.125,0.094717475733546,0.383017392673121,0.280033739543173,0.0864389233954452
"31","007A","2.03153331653059",-0.0074508090897327,"0.99571",0.0811278295284967,"0.0171104636118388","10.8564467850467","0.882710637979401",1.14884097920899e-07,7,"TD",0.2,67.8,1.9653,0.9614,55.82,13,1.6,1.89,1.49,1.34,1.23,1.24,1.2,1.73,1.28,1.4,40.53,55.82,7.13,7.26,6.02,6.09,0.71,0.59,6.63,6.97,5.55,5.12,0.94,0.84,"10C","007A",6.9975,5.695,0.000890982929874335,0.65125,683.30666221875,0.00146917929460875,0.00140698174503123,1.44,0.0332820917129,0.128940851804088,1.58935414090916,0.0930689531975705
"32","007B","2.90765413080874",-0.00574201426585162,"0.99979",0.126241623049375,"0.00643433655032546","23.928466","0.25579287992081",8.85361738888633e-08,7,"TD",0.1,74,2.7968,1.2904,NA,NA,NA,NA,NA,NA,NA,NA,NA,NA,NA,NA,47.95,63.32,7.58,7.9,6.33,6.3,0.66,0.59,7.13,7.68,5.75,5.93,0.87,0.71,"25C","007B",7.5725,6.0775,0.00114071661220835,0.7475,907.7358314375,0.0016595136468442,0.00142155895505029,NA,NA,0.0776145213818383,0.614809280069871,0.0987124463519313
"33","007C","5.3170029595797",-0.0119030992482008,"0.99502",0.305715872413029,"0.0047642442268977","32.2004140196078","0.146642736947741",1.83534003236894e-07,7,"TD",0,117,5.1752,2.5046,62.54,13,1.31,1.4,1.52,1.63,2.03,1.6,1.94,1.81,1.08,1.66,43.83,62.54,10.49,11.08,8.63,8.13,0.82,1.27,9.61,10.27,8.94,8.38,0.98,0.77,"35C","007C",10.3625,8.52,0.00142687486224589,0.92125,1678.90828671875,0.0015906765254101,0.00149180275052128,1.598,0.020059538252575,0.128626558707477,0.420738896192148,0.0889022919179734
"34","007D","1.69014121709818",-0.0165397617144826,"0.99683",0.567216248850257,"0.0544878032890525","40.2231460606061","1.3259097809235",2.55026746962742e-07,7,"TD",0.3,67,1.6851,0.7877,57.24,4,1.72,1.17,0.67,0.35,NA,NA,NA,NA,NA,NA,39.63,57.24,6.1,6.3,5.1,5.08,0.89,1.05,5.84,5.53,4.61,4.55,1.29,1.34,"45C","007D",5.9425,4.835,0.00073984907545103,0.55375,505.3334124375,0.00177585724179873,0.00155877284306314,0.9775,0.0117595628029741,0.344701041637812,0.60770657105913,0.0931846865797223
"35","007E","3.09071110549913",-0.0422926346628507,"0.9998",1.38471889280534,"0.0069975783721325","55.1190473684211","0.0939698298727618",6.52110545770817e-07,7,"TD",0.25,116,2.8814,1.3692,46.19,5,0.97,1.58,1.35,1.19,1.13,NA,NA,NA,NA,NA,30.68,46.19,9.65,9.7,7.94,7.59,1.31,0.59,8.68,8.85,7.22,7.27,1.35,1.08,"55C","007E",9.22,7.505,0.000888661057283883,0.8575,981.634499,0.0015404919056334,0.00139481650389714,1.244,0.0117406224126603,0.733812447868411,0.529936040940238,0.093004338394794
"36","008A","3.07704822317821",-0.00608337777236948,"0.99778",0.0839588563131022,"0.0209317710780772","11.2127491694915","0.585695028685298",9.37996611205334e-08,8,"MG",0,38,2.9115,1.4639,71.67,26,1.18,1.02,0.86,0.84,0.72,0.88,1.03,1.42,1.32,0.95,59.76,71.67,7.97,7.37,5.92,5.64,2.96,2.68,6.74,7.29,5.13,5.62,3.33,3.03,"10C","008A",7.3425,5.5775,0.00137849252896483,0.8825,965.973747234375,0.00149859145152189,0.00151546561611142,1.022,0.049407398634427,0.0680450993745841,0.810457673706607,0.120190670752468
"37","008B","4.23991644299855",-0.00683455097273492,"0.99988",0.110742503106237,"0.006792402192153","23.7302096491228","0.173437670306343",1.05382008012934e-07,8,"MG",0.2,42,4.0117,2.1196,30.76,16,1.13,1.2,0.99,1,2.09,1.41,1.27,1.37,1.12,1.27,43.67,61.77,9.4,9.46,7.52,7.22,2.62,2.73,9.24,8.7,7.41,6.61,1.62,1.61,"25C","008B",9.2,7.19,0.00126217883087685,1.005,1307.0532,0.00144760748835625,0.00162166314270911,1.285,0.056538700740657,0.083492137116358,0.753930376995928,0.109239130434783
"38","008C","5.08720239490466",-0.0166381200654134,"0.99753",0.333994631466394,"0.01661239661432","33.6623726956522","0.466331761309293",2.56543335333694e-07,8,"MG",0,42,4.9416,2.4917,31.74,16,1.03,1.29,1.39,1.1,1.32,1.45,1.3,1.26,1.49,1.09,56.23,72.41,10.34,9.65,7.49,7.68,2.93,3.11,9.8,9.85,8.28,7.92,2.94,3.05,"35C","008C",9.91,7.8425,0.00175061889117152,1.03375,1777.81213025,0.00137804212172604,0.00140155416739654,1.272,0.0508673842782904,0.146544365896803,0.438762638948428,0.104313824419778
"39","008D","4.33198278320031",-0.0421985631592296,"0.99127",0.589727398477122,"0.082435163933315","41.066091238938","1.76795089883596",6.50660056340284e-07,8,"MG",0.03,49,4.1584,2.0875,20.3,9,0.86,1.21,1.39,0.78,1.36,1.06,0.96,1.72,1.35,0.71,65.41,84.32,7.74,7.8,5.89,6.09,2.14,2.85,7.87,7.63,6.36,6.02,1.85,2.18,"45C","008D",7.76,6.09,0.00159461462565735,0.835,1269.387008,0.0016314173588895,0.00164449453700412,1.14,0.0571327002183739,0.408035926593901,0.691906002074161,0.107603092783505
"40","008E","5.1508898674216",-0.0430343153371422,"0.99286",1.07562616232743,"0.531097722520818","47.9796785344828","12.8967722466288",6.63546527311232e-07,8,"MG",0.03,65,4.9484,2.6717,37.5,24,1.39,0.98,1.32,1.39,1.45,1.16,1.48,1,1.16,1.16,54.64,73.15,9.7,9.55,8.02,7.68,1.84,1.39,9.36,9.36,7.95,8.24,0.79,0.77,"55C","008E",9.4925,7.9725,0.00162945048995595,0.76,1647.84193492188,0.00138162523464846,0.00162133269179526,1.249,0.0674216486700026,0.407221042554764,0.378589752478336,0.0800632077956281
"41","009A","3.28952246882365",-0.00364768482815646,"0.99593",0.0826528892632683,"0.0212520978370537","11.2400954311927","0.601388291701475",5.62436878915574e-08,9,"TD",0.2,86,3.1465,1.5351,30.69,10,0.99,0.73,1.35,1.24,1.02,0.89,1.3,1.19,1.17,1.29,43.7,60.56,8.82,8.63,7.11,7.03,1.84,2,7.63,7.69,6.44,6.48,1.67,1.75,"10C","009A",8.1925,6.765,0.00112472865449515,0.71375,1016.152231625,0.00158578601694659,0.00151069884238222,1.117,0.0397728453483619,0.0500064505930126,0.605017574566942,0.0871223680195301
"42","009B","2.70045743363365",-0.00575729042602287,"0.99956",0.111299962238586,"0.00672052912340975","23.7345660377358","0.179127221023969",8.87717171513242e-08,9,"TD",0.2,61,2.5838,1.27,72.9,10,1.5,1.89,1.63,2.29,0.7,0.6,1,0.77,0.84,1.09,46.61,72.9,7.94,7.19,6.6,6.02,1.02,0.52,6.99,6.28,6.78,5.06,0.53,0.64,"25C","009B",7.1,6.115,0.00103965039844512,0.492500000000001,918.72225,0.00143002958728821,0.0013823546779236,1.231,0.0193203114434205,0.0853861233392389,0.767171179772753,0.0693661971830987
"43","009C","1.38061927482792",-0.00852429656157095,"0.99847",0.336856240769254,"0.0154336298403143","33.7414111764706","0.435354854373217",1.31436211704283e-07,9,"TD",0.2,63,1.236,0.5515,39.02,3,1.5,1.53,1.62,NA,NA,NA,NA,NA,NA,NA,27.65,39.02,6.35,6.18,4.98,4.54,0.78,0.76,6.5,6.04,5.23,4.68,1.24,1.33,"35C","009C",6.2675,4.8575,0.000544426618593742,0.705,383.19158121875,0.00178631273114856,0.00143922786154628,1.55,0.0122670362043173,0.241421354532193,0.716689570544623,0.112485041882728
"44","009D","1.8343617115737",-0.0209068080936477,"0.99814",0.590808550078125,"0.0871228674464024","41.0577377227723","1.8691515004161",3.22362277615442e-07,9,"TD",0.05,60,1.7315,0.8686,31.14,6,1.45,1.24,1.73,1.13,1.83,1.05,1.78,1.38,0.79,1.17,63.26,72.6,5.57,5.34,4,4.72,0.83,0.57,5.35,5.65,4.84,4.28,0.94,0.64,"45C","009D",5.4775,4.46,0.00108858274606001,0.50875,544.5545634375,0.00158459786757262,0.0015950651382241,1.355,0.0351763080530001,0.296130247132974,0.501228777230484,0.0928799634869922
"45","009E","5.21262932527063",-0.0468652307988823,"0.99487",1.18516483819659,"0.444761661200933","50.6517260576923","10.7710735911459",7.2261545012657e-07,9,"TD",0.1,116,4.9406,2.4526,37.47,9,1.93,1.44,1.57,1.38,1.3,1.47,0.93,1.24,1.34,1.65,57.93,74.61,10.13,9.89,8.45,8.74,1.46,1.56,9.18,9.53,8.4,8.43,1.04,1.06,"55C","009E",9.6825,8.505,0.00176214201740544,0.588750000000001,1748.68691357813,0.0014227818488726,0.0014025380878396,1.425,0.0248068322977514,0.410077872832601,0.346009145408496,0.0608055770720373
"46","010A","2.28037935785382",-0.00342653939444999,"0.99546",0.0884758386385191,"0.0196394736109879","10.8800543238095","0.496709548774415",5.28338442954165e-08,10,"TD",0.15,67,2.1287,1.1744,35.8,13,1.59,0.93,2.19,1.04,1.23,1.4,1.34,0.91,0.77,1.07,56.12,72.45,6.86,6.62,5.94,5.4,0.61,0.69,6.51,6.57,5.15,5.42,1.12,1.16,"10C","010A",6.64,5.4775,0.00117067303333721,0.58125,798.57288,0.00119500677258161,0.00147062344516383,1.247,0.0546880258464024,0.0451311705240227,0.510095990255743,0.0875376506024096
"47","010B","1.85057740355379",-0.00691545425820932,"0.99984",0.122261159436066,"0.00566096738406046","24.5317568627451","0.225768498583032",1.06629456559612e-07,10,"TD",0.1,44,1.746,0.7812,29.54,5,1.26,1.05,0.81,1.54,1.34,1.13,1.81,1.98,1.31,1.39,34.66,55.49,6.33,6.81,6.07,5.23,0.8,0.78,6.51,6.09,4.9,5.36,0.42,0.55,"25C","010B",6.435,5.39,0.000700691714837972,0.5225,574.4494738125,0.00167952107884585,0.00135991072428936,1.362,0.0263033438388889,0.152177418830005,1.24469144192586,0.0811965811965811
"48","010C","1.65422388970828",-0.00580215970473237,"0.99805",0.306244660273937,"0.0238996172669223","32.6814108737864","0.99300380609632",8.94635569967453e-08,10,"TD",0.08,58,1.4469,0.75,54.13,11,2.41,1.68,1.63,1.58,1.81,1.38,1.02,1.58,1.24,1.62,36.96,54.13,6.43,6.64,5.17,5.21,1.46,1.85,6.25,6.27,5.48,5.36,1.27,1.28,"35C","010C",6.3975,5.305,0.000742834609489552,0.54625,553.858244578125,0.00125826419814483,0.00135413710519246,1.595,0.0317646711450521,0.120435364553385,0.393265190144555,0.0853849159828058
"49","010D","2.02735954805896",-0.0146722932419222,"0.9922",0.575384151302746,"0.0120102241610128","40.8043252525253","0.287407369841965",2.26232232396336e-07,10,"TD",0.3,67,1.8139,0.9762,63.81,1,2.07,NA,NA,NA,NA,NA,NA,NA,NA,NA,38.51,63.81,7.35,6.55,6.29,5.45,1.06,0.85,6.76,5.84,5.45,4.56,0.68,0.61,"45C","010D",6.625,5.4375,0.000801510606719547,0.59375,700.1651953125,0.00119643193578926,0.00139424239670225,2.07,0.00236551318330066,0.282257315748156,0.490554554047219,0.0896226415094339
"50","010E","1.59972771152481",-0.0370844625085741,"0.99132",1.36622818076689,"0.00956907059790386","55.122915","0.125420598191462",5.71805688599624e-07,10,"TD",0.1,66,1.5456,0.7744,46.51,3,1.35,1.88,2.07,NA,NA,NA,NA,NA,NA,NA,33.96,46.51,6.89,6.7,5.97,5.65,1.11,0.84,6.25,6.77,5.07,5.35,0.77,0.69,"55C","010E",6.6525,5.51,0.000709745156547087,0.57125,514.583805796875,0.00149868688309329,0.00150490550086546,1.76666666666667,0.00969594251469602,0.805649300069141,0.589688685543666,0.0858699736941
"51","011A","3.20608468954286",-0.00219454750766251,"0.98909",0.0838074902492586,"0.0164439698926007","10.2498945268817","0.554695318435218",3.3837749394195e-08,11,"TD",0,112,3.0076,1.3207,NA,NA,NA,NA,NA,NA,NA,NA,NA,NA,NA,NA,33.91,46.47,9.06,9.54,8.4,8.09,0.95,0.56,9.15,9.65,8.56,8.25,0.77,0.64,"10C","011A",9.35,8.325,0.000996068654358199,0.512499999999999,1015.63089375,0.0016609380537564,0.00130037399229123,NA,NA,0.0339713023255388,0.405349238170741,0.0548128342245989
"52","011B","4.2135489808044",-0.00590756988021929,"0.99931",0.13669908585362,"0.0103470324217591","25.2185833333333","0.721592901390444",9.10888775192085e-08,11,"TD",0.02,107,4.0275,1.978,NA,NA,NA,NA,NA,NA,NA,NA,NA,NA,NA,NA,41.53,54.97,11.21,10.18,8.72,9.71,1.48,1.27,9.11,9.97,8.22,7.55,1.08,0.69,"25C","011B",10.1175,8.55,0.00132003369432701,0.78375,1406.73460739062,0.00145692015340523,0.00140609322441354,NA,NA,0.0690049639722629,0.504794626396805,0.0774647887323944
"53","011C","2.83180776833946",-0.00529244444195897,"0.99714",0.339021659643684,"0.0351277300933246","33.5703694565217","1.42307348048593",8.16042523957282e-08,11,"TD",0,80,2.5886,1.1167,NA,NA,NA,NA,NA,NA,NA,NA,NA,NA,NA,NA,38.79,60.05,7.57,7.68,6.69,4.97,1.01,0.81,7.93,7.33,6.04,6.85,0.56,0.76,"35C","011C",7.6275,6.1375,0.000929505296072286,0.745,873.408578203125,0.00168523648236677,0.00127855396416807,NA,NA,0.087793208646099,0.258960470957433,0.0976728941330711
"54","011D","2.98471733058391",-0.0105545695999197,"0.99868",0.542748356423427,"0.0366501243236659","39.8783494382022","0.881706207221595",1.62741011456196e-07,11,"TD",0.4,82,2.7552,1.3883,NA,NA,NA,NA,NA,NA,NA,NA,NA,NA,NA,NA,51.87,68.1,7.85,8.01,7.11,7.02,0.45,0.57,8.02,7.72,6.31,6.64,0.66,0.84,"45C","011D",7.9,6.77,0.00128733984643945,0.565,1062.53025,0.00128645749144554,0.00130659809450131,NA,NA,0.126416510687763,0.232919195777608,0.0715189873417721
"55","011E","2.70859834824505",-0.0228819552031352,"0.99421",1.38889318729446,"0.00953574200829906","55.3960747126437","0.110775878312496",3.52817090133351e-07,11,"TD",0.4,79,2.3715,1.0028,NA,NA,NA,NA,NA,NA,NA,NA,NA,NA,NA,NA,28.65,53.4,7.65,7.79,6.63,6.37,0.81,0.73,8.18,7.99,6.41,7.07,0.6,0.65,"55C","011E",7.9025,6.62,0.000711277389824059,0.64125,833.7009084375,0.00164171585534815,0.00120282944381028,NA,NA,0.496033045870646,0.3571426877231,0.0811452072129073
"56","012A","2.3972421796422",-0.00409196999081669,"0.99714",0.0826095994430866,"0.0179202004499474","10.7434191931818","1.10310771689509",6.30941251416805e-08,12,"TD",0.15,70,2.2364,1.0873,48.32,6,0.83,1.05,0.99,1.41,1.38,1.36,NA,NA,NA,NA,34.41,48.32,8.3,7.9,6.51,6.22,1.19,1.21,7.89,7.5,6.22,6.61,0.75,1.02,"10C","012A",7.8975,6.39,0.000853737149851171,0.753750000000001,753.4357155,0.00152514670642794,0.00144312245574719,1.17,0.0157229737803689,0.0739034551239565,0.894610984948206,0.0954415954415955
"57","012B","4.93970031984456",-0.0094172962094953,"0.99886",0.110780439093348,"0.00831223118049069","23.3213325581395","0.306431724836578",1.45205381972897e-07,12,"TD",0,75,4.7092,2.1133,72.02,8,0.84,2.08,1.05,0.88,0.99,1.2,1.34,0.97,NA,NA,48.28,72.02,9.39,9.92,7.94,8.41,0.82,0.82,8.94,8.54,7.16,7.64,1.21,1.23,"25C","012B",9.1975,7.7875,0.00139504086826761,0.705,1523.11508253125,0.00170433608712344,0.00138748543970028,1.16875,0.0120772226675279,0.10408683019675,0.939577700256649,0.0766512639304158
"58","012C","4.58320494339619",-0.0188839951228489,"0.99841",0.321725511260547,"0.0264268749049378","32.9512825581395","1.05178133398556",2.91172504717737e-07,12,"TD",0,69,4.4369,2.0265,73.66,6,1.16,0.85,0.68,0.73,0.65,1.05,NA,NA,NA,NA,62.21,73.66,9.36,9.6,7.89,7.93,1.69,1.54,8.68,8.56,7.41,7.45,1.04,1.22,"35C","012C",9.05,7.67,0.00176871823476738,0.69,1508.2345375,0.00159815992809407,0.0013436239189689,0.853333333333333,0.00900058953861478,0.164623453862922,0.511689151469258,0.076243093922652
"59","012D","1.9680924441271",-0.0154449681539823,"0.99561",0.645752167200821,"0.0906811034816112","42.2159730487805","2.00517756823056",2.3814611439077e-07,12,"TD",0,49,1.8119,0.8237,NA,NA,NA,NA,NA,NA,NA,NA,NA,NA,NA,NA,31.19,49.94,7.05,7.36,6.15,6.17,0.63,0.48,7.15,7.29,6.2,6.02,1.23,1,"45C","012D",7.2125,6.135,0.000706726007467171,0.53875,649.47165078125,0.00152154447205093,0.0012682616693264,NA,NA,0.336970922075246,0.521827009169684,0.0746967071057193
"60","012E","3.99256478816889",-0.0736976531771891,"0.99239",1.38092419035618,"0.0110322606985169","55.2160929268293","0.114022470543568",1.13634483210902e-06,12,"TD",0.02,60,3.6941,1.4312,52.2,5,1.1,1.89,1.25,0.79,1.18,NA,NA,NA,NA,NA,28.7,52.2,9.94,10.04,8.61,8.41,0.77,0.71,9.81,9.9,7.63,8.28,1.2,1.45,"55C","012E",9.9225,8.2325,0.000894649404120523,0.845,1284.8508815625,0.00176121605430826,0.00111390358253833,1.242,0.00965335758256758,1.27015658522245,0.919787338141158,0.0851599899218947
"61","013A","3.59683008904431",-0.00185969358280116,"0.99284",0.0841278074584624,"0.016080597736365","10.2105825306122","0.566569109613552",2.8674633465486e-08,13,"MG",0,57,3.4062,1.7524,22.17,10,1.03,0.92,0.76,0.98,0.81,0.91,0.87,0.74,0.86,0.84,54.48,65.91,8.54,8.98,6.26,7.47,3.84,3.26,8.68,8.06,6.37,7.15,2.97,3.98,"10C","013A",8.565,6.8125,0.00146593373392925,0.87625,1208.7766299375,0.00136816013731628,0.0014497302120166,0.872,0.0526631629864332,0.0195606614417878,0.232511247264417,0.102305896088733
"62","013B","4.02625818161209",-0.00544228718882394,"0.99138",0.135841779726403,"0.0105576478394722","25.1436010416667","0.75721559475903",8.39146791690156e-08,13,"MG",0.05,24,3.8798,1.8077,19.88,15,1.26,0.95,0.77,0.98,0.76,0.59,0.62,0.98,1.06,1.07,51.75,66.45,8.61,9.06,6.91,7.25,0.92,1.02,8.59,8.31,6.67,6.9,0.99,0.75,"25C","013B",8.6425,6.9325,0.00140507535082263,0.855,1240.83424382813,0.0016699248995638,0.00145684245014308,0.904,0.0873042710995507,0.0597225473494259,0.439647857012123,0.0989297078391669
"63","013C","4.33847324599867",-0.00916084604296972,"0.99722",0.335592149228559,"0.038187904375467","33.4199915625","1.57180082854856",1.41251174357572e-07,13,"MG",0,55,4.1473,2.0758,29.63,19,1,1.01,0.73,0.78,0.95,0.72,0.62,0.8,0.78,0.78,57.01,72.15,9.08,9.81,7.72,7.65,1.07,1.37,9.61,8.87,6.87,7.88,1.34,0.93,"35C","013C",9.3425,7.53,0.00167326227716493,0.90625,1574.35459898437,0.00131577727237329,0.00131850855032221,0.817,0.0686370869119822,0.0844166370599705,0.251545327428019,0.097002943537597
"64","013D","4.40388969422817",-0.00918491021625354,"0.99703",0.54611447238993,"0.0392906120944126","39.9569548387097","0.940719805364849",1.41622220079805e-07,13,"MG",0,48,4.1755,2.1193,38.93,29,0.8,0.95,0.96,0.69,0.87,1.03,0.78,0.93,1.04,0.56,62.37,77.65,9.35,8.75,7.47,6.87,4.02,4.39,8.85,8.88,7.2,7.18,3.85,3.33,"45C","013D",8.9575,7.18,0.00175514270605287,0.888750000000001,1557.59700132813,0.00132011039970334,0.00136062152032453,0.861,0.0831623546388356,0.080689860483367,0.14775264997144,0.0992185319564611
"65","013E","6.00401319770376",-0.05172907784019,"0.99763",1.3899875415545,"0.00981781026826867","55.3989053684211","0.106382162036673",7.9761115502738e-07,13,"MG",0,66,5.6972,2.9695,27.9,29,0.65,0.73,0.95,0.76,0.81,0.73,0.8,0.84,0.91,0.85,63.87,80.68,10.35,9.84,8.45,8.29,5.62,3.99,9.2,10,8.39,7.5,4.21,4.38,"55C","013E",9.8475,8.1575,0.00197593556562312,0.845000000000001,1955.9505785625,0.00139456488824206,0.00151818764366858,0.803,0.105552325290428,0.403662532778922,0.290407302735594,0.0858085808580859
"66","014A","5.58528298552181",-0.00382810090893748,"0.99542",0.0834140101717011,"0.0210847450580332","11.2239877368421","0.592783243960951",5.90255251982619e-08,14,"CC",0.15,117,5.4145,3.3308,NA,NA,NA,NA,NA,NA,NA,NA,NA,NA,NA,NA,64.77,82.69,8.8,9.35,7.46,7.16,1.71,2.23,8.53,8.69,7.47,7.51,4.72,4.38,"10C","014A",8.8425,7.4,0.00179928035495985,0.72125,1616.37876970312,0.00128911616451304,0.00206065562257524,NA,NA,0.0328050740039226,0.393280144862907,0.081566299123551
"67","014B","2.98159333358851",-0.0033875659071987,"0.99952",0.111006516139482,"0.00676905862375465","23.7325454545455","0.176145828157565",5.2232911715911e-08,14,"CC",0.03,81,2.8258,1.7251,NA,NA,NA,NA,NA,NA,NA,NA,NA,NA,NA,NA,49.81,65.77,8.14,8.27,7.25,7.04,2.33,2.76,7.05,7.46,6.45,6.44,2.05,2.55,"25C","014B",7.73,6.795,0.00120961150348213,0.4675,982.48705825,0.00112032010066429,0.00175585010053235,NA,NA,0.0431815600013288,0.389000227221528,0.0604786545924968
"68","014C","2.39935794264235",-0.00568747902108122,"0.99625",0.334904167698683,"0.01637521224588","33.6870111607143","0.458612432212344",8.76952944186086e-08,14,"CC",0.15,101,2.1787,1.3572,NA,NA,NA,NA,NA,NA,NA,NA,NA,NA,NA,NA,28.02,37.5,9.19,9.7,8.13,8.52,0.86,0.87,8.38,8.7,7.66,7.91,1.39,1.3,"35C","014C",8.9925,8.055,0.000791586629686122,0.46875,758.10990234375,0.00108361597370022,0.00179024175228964,NA,NA,0.110784203686438,0.330793744514139,0.0521267723102585
"69","014D","5.22166883669436",-0.0238664275338034,"0.99232",0.590026200658319,"0.0839170418393172","41.0625964220184","1.79977616935259",3.67996678588081e-07,14,"CC",0.08,71,4.9989,2.8308,NA,NA,NA,NA,NA,NA,NA,NA,NA,NA,NA,NA,67.69,78.79,8.13,8.06,7.5,7.25,1.17,1.21,8.28,7.79,6.86,7.19,1.11,0.92,"45C","014D",8.065,7.2,0.00171505779020884,0.4325,1281.2086219375,0.00169223026045618,0.0022094762332454,NA,NA,0.214568092509157,0.363658583753998,0.0536267823930564
"70","014E","4.40522911566859",-0.0248114128668008,"0.99101",1.16517935823446,"0.463694605139138","50.1638774528302","11.2383213886401",3.82567416641145e-07,14,"CC",0.3,103,4.0095,2.4952,NA,NA,NA,NA,NA,NA,NA,NA,NA,NA,NA,NA,38.08,62.05,10,9.7,9.22,8.38,1.37,1.92,9.15,9.11,7.79,7.61,0.93,0.88,"55C","014E",9.49,8.25,0.00113530623988016,0.62,1397.05730125,0.00108392118107475,0.00178603984086225,NA,NA,0.336972882912657,0.289202585448524,0.065331928345627
"71","015A","4.77158316615348",-0.00257746061727078,"0.99789",0.085649980645445,"0.0200480159915899","10.8074764494382","0.506327035982091",3.97418903605837e-08,15,"CC",0.2,105,4.6441,2.929,NA,NA,NA,NA,NA,NA,NA,NA,NA,NA,NA,NA,70.9,94.1,8.07,8.53,7.18,7.53,1.42,1.19,7.56,7.73,7.49,6.29,1.29,1.06,"10C","015A",7.9725,7.1225,0.00177578603283979,0.425,1495.26679078125,0.00114701938849581,0.00195884775750931,NA,NA,0.0223798867800697,0.26129470913383,0.0533082470994042
"72","015B","4.12428418240107",-0.00314471793795549,"0.99871",0.122105889957611,"0.00623902447110804","24.5279186046512","0.244346631080486",4.84884365129596e-08,15,"CC",0.5,86,3.8981,2.3239,NA,NA,NA,NA,NA,NA,NA,NA,NA,NA,NA,NA,48.49,80.87,7.93,8.61,7.06,6.13,0.92,1.16,7.75,7.75,6.35,7.03,0.56,0.68,"25C","015B",8.01,6.6425,0.00122020998045828,0.68375,1297.15682175,0.00121357724340241,0.00179153357638348,NA,NA,0.0397377806193231,0.325437050031887,0.0853620474406991
"73","015C","4.82664329721344",-0.00767383768293421,"0.99823",0.312758836937476,"0.0199407622409735","32.9718174712644","0.780076449142957",1.18322977971635e-07,15,"CC",0.35,103,4.6342,2.8172,NA,NA,NA,NA,NA,NA,NA,NA,NA,NA,NA,NA,44.41,58.9,10.29,10.42,8.16,8.44,1.4,1.53,10.79,10.08,8.87,9.47,1.12,1.33,"35C","015C",10.395,8.735,0.00145029095870887,0.83,1591.124968125,0.00114195932839969,0.00177057117224414,NA,NA,0.0815856826943009,0.260858121526429,0.0798460798460799
"74","015D","3.48456692681088",-0.0102240049979421,"0.99905",0.572732825052208,"0.0099222543092122","40.7409188235294","0.236125084246685",1.57644032638807e-07,15,"CC",0.1,63,3.3277,2.1174,NA,NA,NA,NA,NA,NA,NA,NA,NA,NA,NA,NA,55.5,71.98,7.36,7.18,6.73,6.27,1.46,1.31,7.16,7.11,5.76,5.72,0.95,0.88,"45C","015D",7.2025,6.12,0.00125581632035517,0.54125,933.50873246875,0.00129650635061469,0.00226821659653932,NA,NA,0.125531122731565,0.219179200563757,0.0751475182228393
"75","015E","4.4040028071368",-0.0225112610309377,"0.99886",1.36622818076689,"0.00956907059790386","55.122915","0.125420598191462",3.47101353081904e-07,15,"CC",0.3,106,4.1566,2.5324,NA,NA,NA,NA,NA,NA,NA,NA,NA,NA,NA,NA,46.21,64.52,9.27,8.73,7.32,8.19,0.83,0.97,9.41,8.97,7.94,7.48,1.36,0.97,"55C","015E",9.095,7.7325,0.00132034840337109,0.68125,1334.25787325,0.00121730591406874,0.00189798392857263,NA,NA,0.262886183825187,0.192417480129582,0.0749037932930182
"76","016A","5.56069114151064",-0.00589310647478754,"0.99428",0.0808797118036904,"0.0181446939514137","11.0596348210526","0.711712929226339",9.08658661299917e-08,16,"PE",0,56.5,5.4315,2.544,NA,NA,NA,NA,NA,NA,NA,NA,NA,NA,NA,NA,53.74,72.93,9.49,9.26,7.03,7.42,1.6,1.01,9.78,9.24,6.86,6.89,0.73,0.55,"10C","016A",9.4425,7.05,0.00159416961905797,1.19625,1625.62439995313,0.00177624056336953,0.00156493714050635,NA,NA,0.0569988695328959,0.704736308547221,0.126687847498014
"77","016B","3.99541756425376",-0.00651678105143941,"0.99955",0.126544820004415,"0.0065728789915972","23.9383462365591","0.26263557226165",1.00482310501595e-07,16,"PE",0,36,3.8003,1.8183,NA,NA,NA,NA,NA,NA,NA,NA,NA,NA,NA,NA,44.07,66.21,7.85,8.28,5.96,6.42,1.49,1.32,8.82,7.67,1.69,6.01,1.34,0.76,"25C","016B",8.155,5.02,0.00112905965412739,1.5675,1100.8078738125,0.00180049584232679,0.0016517868769439,NA,NA,0.0889964583662799,0.703280137133823,0.192213366033109
"78","016C","4.55576896040284",-0.0107873049967572,"0.99879",0.306170674419168,"0.00488962200850941","32.2018025555556","0.155930987965839",1.66329560806734e-07,16,"PE",0,53,4.417,2.1804,NA,NA,NA,NA,NA,NA,NA,NA,NA,NA,NA,NA,60.29,79.34,8.22,8.6,6.5,6.46,1.38,1.8,8,7.49,6.11,6.13,0.83,1.14,"35C","016C",8.0775,6.3,0.00152993198181351,0.88875,1294.15453396875,0.00172823255746829,0.00168480652253593,NA,NA,0.10871696440359,0.355086144712702,0.110027855153203
"79","016D","4.04781771603735",-0.0271800381745363,"0.99019",0.563954329317847,"0.0567982454326295","40.1154528409091","1.36450320369929",4.19089273330076e-07,16,"PE",0,43.5,3.9327,1.8555,NA,NA,NA,NA,NA,NA,NA,NA,NA,NA,NA,NA,51.4,74.07,8.34,7.94,6.18,5.98,1.14,2.25,8.21,7.34,5.76,5.62,1.23,0.92,"45C","016D",7.9575,5.885,0.00128496009000436,1.03625,1172.56154723437,0.00177150615666983,0.0015824329259103,NA,NA,0.326149641992893,0.578326337856826,0.130223060006283
"80","016E","8.08597550622639",-0.0678310181150701,"0.99944",1.38471889280534,"0.0069975783721325","55.1190473684211","0.0939698298727618",1.04588712894878e-06,16,"PE",0.1,61,7.9137,4.1644,NA,NA,NA,NA,NA,NA,NA,NA,NA,NA,NA,NA,67.3,90.48,10.05,10.12,8.19,7.98,1.23,1.41,9.91,10.02,8.02,8.09,1.62,1.2,"55C","016E",10.025,8.07,0.0021195775855056,0.9775,2273.3241375,0.00164925887081072,0.00183185491734568,NA,NA,0.493441304579232,0.356347636435837,0.0975062344139651
"81","017A","6.44199911609491",-0.00406478408236927,"0.99093",0.0845963509944724,"0.0206192946755771","11.1987871129032","0.574634853558019",6.26749453545557e-08,17,"PE",0,93,6.2997,3.0469,NA,NA,NA,NA,NA,NA,NA,NA,NA,NA,NA,NA,53.25,72.75,10.78,9.69,7.98,9.33,1.08,0.77,10.88,10.24,8.77,8.5,1.84,1.74,"10C","017A",10.3975,8.645,0.00173939578703602,0.876250000000001,1966.21436367188,0.00165434657588679,0.00154962757687822,NA,NA,0.0360325958138347,0.425935579847753,0.0842750661216639
"82","017B","5.13239284861651",-0.00423624466700243,"0.99933",0.110395678215363,"0.0067453929110705","23.7233776859504","0.170660590787486",6.53186977789353e-08,17,"PE",0,64,4.9996,2.4733,NA,NA,NA,NA,NA,NA,NA,NA,NA,NA,NA,NA,56.8,74.38,9,8.76,7.07,7.2,1.78,1.29,8.63,9.33,7.63,7.13,1.69,1.51,"25C","017B",8.93,7.2575,0.00159349119212443,0.83625,1482.8564155,0.00170367135590007,0.00166792952719299,NA,NA,0.0409909374471364,0.371309258748065,0.0936450167973124
"83","017C","8.25728404579134",-0.017331946115818,"0.99276",0.332651496356004,"0.0171237160055749","33.60613968","0.515055513434476",2.67241445962323e-07,17,"PE",0,72,7.9342,3.7603,NA,NA,NA,NA,NA,NA,NA,NA,NA,NA,NA,NA,70.59,88.27,10.6,10.82,9.08,8.88,2.4,1.84,10.56,10.59,7.33,7.62,1.34,1.67,"35C","017C",10.6425,8.2275,0.0023601342829994,1.2075,2499.42697692188,0.00166994276629769,0.00150446483722878,NA,NA,0.11323145800954,0.340390646817833,0.113460183227625
"84","017D","3.73112807061606",-0.0167871957194025,"0.99656",0.589511194227346,"0.0803417977972437","41.0738808403361","1.7234831392008",2.58841934294457e-07,17,"PE",0,49,3.5668,1.7377,NA,NA,NA,NA,NA,NA,NA,NA,NA,NA,NA,NA,65.19,76.88,7.93,7.41,6.11,6.16,1.82,1.69,7.05,7.15,5.55,5.61,1.88,1.85,"45C","017D",7.385,5.8575,0.00151245113927132,0.76375,1048.2246845,0.00174495032128773,0.00165775527489021,NA,NA,0.171140691803878,0.290309486027973,0.103419092755586
"85","017E","6.68841684126577",-0.0653858039357199,"0.99979",1.0595870947003,"0.540639709354209","47.5881543220339","13.1320380588035",1.00818434770249e-06,17,"PE",0,62,6.4197,3.0585,NA,NA,NA,NA,NA,NA,NA,NA,NA,NA,NA,NA,66.42,85.53,9.27,9.46,8.04,8.25,1.52,1.84,9.34,8.92,7.6,7.67,1.61,1.32,"55C","017E",9.2475,7.89,0.00192962574101564,0.67875,1828.55134926563,0.00183817643477713,0.00167263555449419,NA,NA,0.522476626566893,0.493094554643169,0.0733982157339822
"86","018A","5.34150311121114",-0.00392290282497301,"0.99156",0.0864634758626983,"0.0199877210885346","10.830192516129","0.506800530296354",6.04872768649263e-08,18,"PE",0,70,5.0871,2.6189,NA,NA,NA,NA,NA,NA,NA,NA,NA,NA,NA,NA,66.78,84.69,8.03,8.88,6.92,6.93,1.64,1.74,7.77,8.06,6.58,5.72,1.26,1.15,"10C","018A",8.185,6.5375,0.00171717663737406,0.82375,1418.4352288125,0.00174008650508938,0.00184633034121164,NA,NA,0.0352248426565043,0.407395635036006,0.100641417226634
"87","018B","5.30678074498432",-0.00782481461052877,"0.99248",0.122266354187841,"0.00610457450038697","24.5312351648352","0.238504690554214",1.20650892688638e-07,18,"PE",0,66,5.1429,2.5407,NA,NA,NA,NA,NA,NA,NA,NA,NA,NA,NA,NA,76.13,91.52,8.62,8.39,7.11,6.95,1.42,1.44,7.68,7.78,6.29,6.4,1.03,1.33,"25C","018B",8.1175,6.6875,0.00194145799996667,0.715,1507.650287,0.00172599708462762,0.00168520513139398,NA,NA,0.0621444773416214,0.508271288159515,0.0880813058207576
"88","018C","6.03769659013164",-0.0104723634586616,"0.99258",0.311114797580335,"0.020961919719379","32.9019463736264","0.829962173010201",1.614734741635e-07,18,"PE",0,44,5.9542,3.0814,NA,NA,NA,NA,NA,NA,NA,NA,NA,NA,NA,NA,74.01,90.14,8.73,8.26,6.12,6.29,1.75,1.93,8.61,8.38,6.83,7.03,1.94,2.21,"35C","018C",8.495,6.5675,0.00197516626812207,0.96375,1626.238838375,0.00176653018745427,0.00189480162894096,NA,NA,0.0817518387031913,0.262770653594777,0.113449087698646
"89","018D","6.52326912517703",-0.0336300686349276,"0.99125",0.573237704471778,"0.0102472927649759","40.7529625","0.244106821135159",5.18542355818191e-07,18,"PE",0,54,6.3888,3.0948,NA,NA,NA,NA,NA,NA,NA,NA,NA,NA,NA,NA,63.26,82.34,10.15,8.95,7.58,7.52,1.22,1.19,9.87,9.03,6.82,7.94,1.2,1.36,"45C","018D",9.5,7.465,0.00188800293702786,1.0175,1857.79625,0.0017730684944595,0.0016658446802226,NA,NA,0.274651244258387,0.479122782949999,0.107105263157895
"90","018E","6.5389661867972",-0.0782800769731746,"0.99858",1.36704398126598,"0.0117879415973178","55.1233823076923","0.157043059368208",1.20700126924932e-06,18,"PE",0,59,6.4218,3.1791,NA,NA,NA,NA,NA,NA,NA,NA,NA,NA,NA,NA,80.42,99.48,8.65,8.63,7.04,7.04,1.31,1.27,8.25,8.29,6.74,7.09,1.13,1.14,"55C","018E",8.455,6.9775,0.0021361293805603,0.73875,1777.88231175,0.00182391150334813,0.00178813860680731,NA,NA,0.565041275230588,0.41333072159633,0.0873743347131875
"91","019A","5.58675003859926",-0.00414485974652684,"0.98988",0.0825639719622579,"0.0174341497196615","10.6228009139785","1.18725510353457",6.39096328000891e-08,19,"PE",0,72,5.4003,2.4265,NA,NA,NA,NA,NA,NA,NA,NA,NA,NA,NA,NA,65.98,79.9,9.48,9.12,6.93,7.39,1.61,1.81,9.37,9.02,7.48,6.95,1.62,2.19,"10C","019A",9.2475,7.1875,0.00191684291466745,1.03,1708.18721859375,0.00174090987663996,0.00142051174109451,NA,NA,0.0333410903476025,0.40382129826365,0.111381454447148
"92","019B","3.55763035098828",-0.00359304772485121,"0.99821",0.110935990855462,"0.00815764815439867","23.3002022222222","0.315281873520009",5.54012378635619e-08,19,"PE",0,58,3.4063,1.5651,NA,NA,NA,NA,NA,NA,NA,NA,NA,NA,NA,NA,60.94,72.82,7.18,7.7,5.87,5.51,1.16,0.97,7.49,7.54,5.23,5.58,0.52,0.68,"25C","019B",7.4775,5.5475,0.00143155732755625,0.965,1017.89627878125,0.00180882869736444,0.00153758298622914,NA,NA,0.0386999785458366,0.34884962262841,0.12905382815112
"93","019C","4.17533534475765",-0.00810500252682499,"0.99585",0.32033526341452,"0.0263289491665098","32.8588032967033","1.09249953307598",1.24971112898868e-07,19,"PE",0,64,3.9882,1.804,NA,NA,NA,NA,NA,NA,NA,NA,NA,NA,NA,NA,60.72,77.7,8.08,7.61,6.27,5.92,1.08,0.69,8.17,7.92,6.4,6.43,1.12,1.31,"35C","019C",7.945,6.255,0.00151556838458185,0.845,1226.164760625,0.00178132667822444,0.00147125415599162,NA,NA,0.0824582474603071,0.257412332883266,0.106356198867212
"94","019D","4.17469052595963",-0.0347167234431054,"0.99236",0.64311105837143,"0.0875404442833638","42.1385629213483","1.94370123467106",5.35297496888835e-07,19,"PE",0,60,3.9918,1.9674,NA,NA,NA,NA,NA,NA,NA,NA,NA,NA,NA,NA,60.51,73.44,8.39,8.22,6.63,6.56,1.1,0.82,7.67,7.94,6.03,6.84,0.65,0.55,"45C","019D",8.055,6.515,0.00153123754918053,0.77,1191.252339,0.00169938805887205,0.00165153925460624,NA,NA,0.349584881310748,0.543583999622107,0.095592799503414
"95","019E","4.65053471309276",-0.0552842268453979,"0.99988",1.38358389577919,"0.0132349610034022","55.2289715384615","0.115029337291001",8.52428032163652e-07,19,"PE",0,60,4.3786,2.0616,NA,NA,NA,NA,NA,NA,NA,NA,NA,NA,NA,NA,51.27,65.75,7.85,8.71,6.19,7.3,1.01,1.41,9.08,8.32,7.8,6.27,0.8,0.79,"55C","019E",8.49,6.89,0.00136747967591767,0.8,1184.81664375,0.00195557684998971,0.00174001606989157,NA,NA,0.623357002795392,0.450537914395381,0.0942285041224971
"96","020A","2.98952050761808",-0.00342162058399733,"0.99736",0.0844484884583355,"0.0157511019750349","10.1794241165049","0.569927386411385",5.27580011091407e-08,20,"PE",0,69,2.8011,1.2166,NA,NA,NA,NA,NA,NA,NA,NA,NA,NA,NA,NA,64.05,78.42,6.53,6.43,5.18,5.38,0.87,1.12,6.54,6.26,4.87,5.52,1.34,1.06,"10C","020A",6.44,5.2375,0.00129585042093802,0.60125,813.089928,0.00194873893456961,0.00149626745837639,NA,NA,0.0407130331222572,0.482104935985253,0.093361801242236
"97","020B","2.98150293521956",-0.00851015954500645,"0.99797",0.135259212942229,"0.0107332940491111","25.090456","0.786681459711963",1.31218232908189e-07,20,"PE",0.15,72,2.8229,1.1983,NA,NA,NA,NA,NA,NA,NA,NA,NA,NA,NA,NA,56.76,67.38,7.4,6.7,5.46,5.85,1.19,1.23,6.67,6.94,5.51,5.48,0.9,0.85,"25C","020B",6.9275,5.575,0.00123528962519551,0.67625,808.39586653125,0.00200965896445142,0.00148231831657155,NA,NA,0.106224670095016,0.785341477185631,0.0976181883796464
"98","020C","2.79375464310501",-0.00865159201684891,"0.99831",0.334034464923367,"0.0379283806292786","33.3357387378641","1.56990341380726",1.33398981568993e-07,20,"PE",0,80,2.6015,1.1631,NA,NA,NA,NA,NA,NA,NA,NA,NA,NA,NA,NA,44.99,58.55,7.83,8.01,6.23,5.86,1.19,1.11,6.95,6.81,5.39,5.44,0.86,0.7,"35C","020C",7.4,5.73,0.00104591787578904,0.835,801.5495,0.00179452423088031,0.00145106446950563,NA,NA,0.127542500856827,0.381824375176636,0.112837837837838
"99","020D","3.00596792418934",-0.0282562553738351,"0.99301",0.551449540997593,"0.0427238025544137","40.079437","1.01443399577042",4.3568347680776e-07,20,"PE",0,74,2.8357,1.35,NA,NA,NA,NA,NA,NA,NA,NA,NA,NA,NA,NA,48.24,64.16,7.23,7.02,5.86,5.49,0.53,0.89,6.61,6.34,4.9,5.23,0.82,0.76,"45C","020D",6.8,5.37,0.00103054292134237,0.715,741.6896,0.00200312907178421,0.00182016843703889,NA,NA,0.422770820879781,0.766653681703992,0.105147058823529
"100","020E","2.84700575788994",-0.0522445402735311,"0.99756",1.39024736755158,"0.00988041198133986","55.39943","0.105332017677042",8.05559075307355e-07,20,"PE",0,78,2.5918,1.163,NA,NA,NA,NA,NA,NA,NA,NA,NA,NA,NA,NA,41.62,56.22,6.97,6.76,5.85,5.46,1.02,0.94,6.77,6.71,5.61,5.47,0.8,0.63,"55C","020E",6.8025,5.5975,0.000889447869163975,0.6025,650.38115784375,0.00219686561144697,0.00178818218512936,NA,NA,0.905684417530315,0.651455588889445,0.0885703785373025
"101","021A","4.88588976517931",-0.00578900261489671,"0.99144",0.0809530052511606,"0.0215814463159439","11.2787262828283","0.618106748493168",8.92606877004272e-08,21,"LS",0,55,4.6537,2.3176,41.11,24,1.3,1.29,1.59,1.13,1.65,1.55,0.94,0.89,0.6,1.43,65.51,80.97,9.12,8.77,7.33,7.25,3.24,2.09,8.2,8.44,6.66,6.83,2.26,2.07,"10C","021A",8.6325,7.0175,0.00177661800511428,0.8075,1508.47223864063,0.00154865296169136,0.00153638889774235,1.237,0.0676280987141996,0.0502419132551151,0.620630612776352,0.0935418476686939
"102","021B","3.57009586285006",-0.00928174779189788,"0.99934",0.112022983693694,"0.00665353667199003","23.7419791666667","0.186645008909634",1.43115359601804e-07,21,"LS",0,61,3.3606,1.617,26.87,9,1.41,1.62,1.19,1.18,1.65,1.42,1.13,1.45,1.14,1.23,43.84,56.69,9.35,9.02,7.8,7.88,3.13,2.48,8.78,9.06,7.48,7.64,2.6,2.14,"25C","021B",9.0525,7.7,0.00124677748705189,0.67625,1161.40457545312,0.0015012856302204,0.00139227968803991,1.342,0.0370003906624581,0.114788212883289,1.02468448079508,0.0747031206848937
"103","021C","2.79018892864025",-0.0148463693191182,"0.99944",0.338899886000953,"0.0141511492277902","33.7984566666667","0.397123676696546",2.28916313126015e-07,21,"LS",0,43,2.5934,1.2314,48,29,1.31,0.88,1.25,1.49,1.45,1.41,1.07,1.32,1.04,1.7,32.64,48,8.24,9.02,6.95,7.59,1.67,1.1,8.54,8.49,7.22,7,1.12,1.72,"35C","021C",8.5725,7.19,0.000879037730667407,0.69125,881.853075,0.00154447496823663,0.00139637773559955,1.292,0.07047730144843,0.260416936770406,0.768418484418355,0.0806357538641003
"104","021D","3.15622362737498",-0.0259986805899927,"0.99829",0.591370198273387,"0.0902847274745431","41.0497841489362","1.93703178278387",4.008739092283e-07,21,"LS",0,46,2.9817,1.4641,26.12,29,1.14,1.91,1.74,1.38,1.56,1.46,1.22,1.05,1.26,0.94,47.29,58.16,7.45,8.22,6.09,6,1.05,1.03,7.28,7.14,6.2,6.01,1.19,1.32,"35C","021D",7.5225,6.075,0.0011175871075352,0.723750000000001,822.789610875,0.00184445693035198,0.00177943423282046,1.366,0.147591935780204,0.358695896297887,0.606550511583379,0.0962113659022932
"105","021D","3.15622362737498",-0.0259986805899927,"0.99829",0.591370198273387,"0.0902847274745431","41.0497841489362","1.93703178278387",4.008739092283e-07,21,"LS",0,46,2.9817,1.4641,26.12,29,1.14,1.91,1.74,1.38,1.56,1.46,1.22,1.05,1.26,0.94,47.29,58.16,7.45,8.22,6.09,6,1.05,1.03,7.28,7.14,6.2,6.01,1.19,1.32,"45C","021D",7.5225,6.075,0.0011175871075352,0.723750000000001,822.789610875,0.00184445693035198,0.00177943423282046,1.366,0.147591935780204,0.358695896297887,0.606550511583379,0.0962113659022932
"106","021E","4.51617738939944",-0.0833154678684121,"0.99888",1.34978551915607,"0.159227771861793","54.6795256666667","3.52086341820785",1.2846420105046e-06,21,"LS",0,62,4.3468,2.1874,27.98,14,1.64,1.39,1.42,2.02,1.16,1.25,1.38,1.75,1.21,1.2,47.83,63.81,9.62,9.4,8.14,8.01,0.9,1.25,9.46,8.99,8.42,7.79,2.12,1.43,"55C","021E",9.3675,8.09,0.00140758281299909,0.63875,1399.83277232812,0.00154261283396631,0.00156261522321844,1.442,0.0534141871514844,0.912658209975909,0.676150541714607,0.0681878836402455
"107","022A","2.23040771753443",-0.00399451979666833,"0.99532",0.0875306890279341,"0.0198327400235196","10.8576242828283","0.50292022664806",6.15915396490018e-08,22,"LS",0,51,2.0467,1.0357,19.38,14,1.18,0.96,1.3,1.14,1.19,1.1,0.82,1.12,1.28,1.37,31.23,43.55,8.24,8.12,6.97,6.92,2.29,2.09,8.35,8.32,7.03,6.91,2.33,1.92,"10C","022A",8.2575,6.9575,0.000810159332755063,0.65,742.378409296875,0.00136183917438755,0.00139511061613569,1.146,0.0874834054915208,0.0760239833805912,0.868540899481887,0.0787163184983348
"108","022B","2.78583719548906",-0.00838602981420862,"0.99985",0.122382496104532,"0.0058666041589321","24.5395696969697","0.230972274798118",1.2930427538007e-07,22,"LS",0,76,2.6208,1.3706,26.93,21,1.02,1.18,1.03,1.02,1.12,1.41,1.13,1.07,1,1.24,42.66,55.08,8.04,7.97,6.92,6.85,1.68,1.51,8.04,7.9,6.71,6.83,1.42,1.23,"25C","022B",7.9875,6.8275,0.0010704874865346,0.579999999999999,878.5281515625,0.00142306196765177,0.0015601093687918,1.122,0.0976274779510085,0.120790085831508,0.986988251394517,0.0726134585289514
"109","022C","1.83636284394925",-0.00841962937508458,"0.99753",0.307932388045722,"0.0228099083275334","32.7599113131313","0.930405937900716",1.29822347336455e-07,22,"LS",0,46,1.7039,0.8592,25.83,33,0.75,0.65,0.88,0.82,0.85,0.75,0.39,0.54,0.96,0.37,43.87,59.51,6.34,6.16,5.69,5.26,0.84,1.01,5.84,5.74,5,4.94,1.17,0.77,"35C","022C",6.02,5.2225,0.000829686451672165,0.39875,539.166551,0.00156667730673077,0.00159357066644144,0.696,0.21222328976968,0.156471576792424,0.508136145682705,0.0662375415282392
"110","022D","2.13984651259565",-0.0136930140091984,"0.99306",0.575170676384083,"0.0120146487513556","40.8001546391753","0.288263512349746",2.11132716369388e-07,22,"LS",0,47,1.9841,1.0133,33.38,17,1.01,0.92,0.65,0.76,0.65,0.72,0.45,1.24,0.56,0.9,51.04,69.09,7.33,6.99,5.88,5.28,1.77,1.16,6.04,5.91,4.6,5.1,1.19,0.83,"45C","022D",6.5675,5.215,0.0010530781937651,0.67625,744.998441578125,0.00130308997417976,0.00136013707337902,0.786,0.0775465547320162,0.200491015405532,0.348576559337058,0.102969166349448
"111","022E","1.8079485823454",-0.0540827510402764,"0.99862",1.36797541576067,"0.0117334807972406","55.1298667676768","0.152098024130978",8.33902465022846e-07,22,"LS",0,57,1.6246,0.8482,32.01,19,0.64,0.51,1.01,0.59,0.72,0.66,1.06,0.58,0.96,0.95,51.49,68.42,6,6.25,4.99,5.04,2.94,2.8,5.55,5.35,4.4,4.37,0.97,1.04,"55C","022E",5.7875,4.7,0.000936189505681696,0.54375,572.93464765625,0.00135512837838675,0.0014804480815915,0.768,0.102559742736982,0.890741094577461,0.651138232686849,0.0939524838012959
"112","023A","4.51947015344716",-0.00317325841077768,"0.99322",0.08117297076102,"0.0161669353066355","10.6700134083333","0.991352901988524",4.89285023413717e-08,23,"MG",0,53,4.2895,2.2162,25.61,11,1.24,1.72,1.2,1.42,1.12,0.83,0.99,1.32,1.07,1.54,47.84,69.71,9.71,9.64,8.16,8.14,3.1,2.83,8.73,9.66,7.44,8.03,2.98,2.77,"10C","023A",9.435,7.9425,0.00141802193268789,0.74625,1551.3825436875,0.00133642086436782,0.00142853225274295,1.245,0.0455240825500604,0.0345047570940083,0.425076928570142,0.079093799682035
"113","023B","5.14773799568212",-0.0113533313002134,"0.99507",0.125198668380997,"0.00648072896603826","23.8976418803419","0.24834514540888",1.75057125892474e-07,23,"MG",0.02,46,4.8368,2.5406,34.01,24,1.55,1.47,1.14,0.99,1.14,1.31,1.08,1.12,1.55,0.92,51.43,71.92,10.26,11.11,9.26,8.45,2.24,1.36,9.4,9.12,7.82,7.42,2.42,2.41,"25C","023B",9.9725,8.2375,0.00161127786871144,0.867499999999999,1788.124597375,0.00128413870228667,0.00142081821576061,1.227,0.0707620758615154,0.108644901845806,0.867780011167405,0.0869892203559788
"114","023C","4.40889452354486",-0.0108541242945516,"0.99614",0.304785409064825,"0.00527753911688168","32.184829826087","0.147805983426963",1.67359848210205e-07,23,"MG",0,48.5,4.2382,2.2441,31.11,22,1.5,1.23,1.11,1.48,0.88,1.42,1.08,1.3,1.43,1.29,60.41,81.35,8.39,8.77,7.33,6.83,2.15,1.89,8.06,8.34,6.74,7.06,1.35,1.61,"35C","023C",8.39,6.99,0.00159228450638619,0.700000000000001,1431.59933375,0.00139291766417393,0.00156754753030074,1.272,0.0842870218291893,0.105106749163842,0.344854924277188,0.0834326579261026
"115","023D","5.63888612584821",-0.0195418582838469,"0.99654",0.570089919502487,"0.0524036004174386","40.3189730909091","1.29039577556921",3.01316103204349e-07,23,"MG",0,49,5.4613,2.8034,30.4,20,1.39,1.31,1.88,1.36,1.22,1.4,1.67,1.14,1.57,1.12,57.18,79.48,10.31,10.18,8.68,8.35,1.31,1.23,9.96,9.86,8.32,8.35,1.11,1.59,"45C","023D",10.0775,8.425,0.00181028449008739,0.82625,2017.9178441875,0.00131714975793288,0.00138925378358442,1.406,0.0652835263549596,0.166446823609367,0.291965912596076,0.0819895807491937
"116","023E","3.38861858402344",-0.0326431441723738,"0.99963",1.3846110621155,"0.00701549189186607","55.1183103896104","0.0935732974512433",5.03324957918035e-07,23,"MG",0,46,3.2154,1.6425,17.15,8,1.04,0.95,1.17,1.45,1.33,1.18,1.16,1.7,1.27,1.44,40.34,53.88,9.24,9.27,7.91,7.92,4.14,3.57,8.96,9.66,7.37,7.64,3.7,3.41,"55C","023E",9.2825,7.71,0.00117638837577225,0.786249999999999,1160.6399401875,0.0013552006488299,0.00141516756672587,1.269,0.050252874032534,0.42785611306948,0.309008157435759,0.0847023969835712
"117","024A","2.92011226195989",-0.00421019780280188,"0.99232",0.0809735329405101,"0.0177800195245876","10.9873879292929","0.781724147988856",6.49170809261465e-08,24,"LS",0.55,47,2.7452,1.3274,27.94,16,0.97,1.21,1.05,1.36,1.5,1.72,1.37,1.6,1.48,1.36,52.98,86.88,6.8,6.92,5.51,5.27,1.31,2.07,6.36,6.16,9.87,5.11,1.48,1.02,"10C","024A",6.56,6.44,0.00109185675684395,0.0600000000000001,934.689792,0.00151686689224054,0.00142015031228671,1.362,0.0872950748118791,0.0594556754072684,0.734260606499033,0.00914634146341464
"118","024B","2.89353227683713",-0.00694854785530627,"0.99953",0.126425453737315,"0.00650275510917496","23.934278125","0.259469599964853",1.07139727055562e-07,24,"LS",0.75,75,2.7463,1.2851,28.09,15,1.51,0.85,0.76,0.51,0.89,0.86,0.74,0.98,0.76,0.47,58.7,79.39,6.55,6.85,5.94,5.75,1.97,1.53,6.72,6.43,5.37,5.61,1.94,1.4,"25C","024B",6.6375,5.6675,0.00122403125668247,0.484999999999999,874.409523046875,0.00167107054702293,0.00146967749793264,0.833,0.0804516555945076,0.087530221528775,0.692346508881384,0.0730696798493408
"119","024C","3.77215022014301",-0.00869740975280595,"0.99987",0.306046674995438,"0.00486066919636114","32.2009809677419","0.153552465634109",1.34105445685951e-07,24,"LS",0.7,55,3.5248,1.6774,24.73,14,1.19,0.9,1.14,1.7,1.35,0.79,0.93,1.04,0.78,0.5,41.38,63.25,8.8,9.15,7.18,7.19,2.22,1.64,7.93,8.21,6.84,6.2,2.03,2.53,"35C","024C",8.5225,6.8525,0.00110791736388726,0.835,1148.50941132813,0.00160851968802213,0.00146050174552795,1.032,0.0664258177225742,0.121042823280092,0.395504454612671,0.0979759460252274
"120","024D","2.95200762803894",-0.0149740818774944,"0.99794",0.564194839721977,"0.0562780467911219","40.1270994444444","1.35385122142653",2.30885514307459e-07,24,"LS",0.5,72,2.7359,1.3207,25.42,14,0.56,0.22,0.39,0.56,0.69,0.95,0.98,1.04,0.76,0.5,42.42,72.32,7.67,7.32,6.3,6.31,1.44,2.93,6.66,6.76,5.33,5.71,1.96,1.51,"45C","024D",7.1025,5.9125,0.000946524324494394,0.595,912.054753,0.00155166123014547,0.001448049029574,0.665,0.0775427586002535,0.243929826558648,0.432350332517844,0.0837733192537839
"121","024E","2.86911213996429",-0.0533514440591501,"0.9989",1.38471889280534,"0.0069975783721325","55.1190473684211","0.0939698298727618",8.22626435558378e-07,24,"LS",0.3,55,2.6241,1.2434,25.81,19,1.46,0.63,1.06,0.94,1.03,1.08,1.06,1.09,1.25,0.97,40.35,68.65,6.88,6.92,5.84,5.7,1.33,1.36,6.57,6.89,5.83,5.65,1.71,2.27,"55C","024E",6.815,5.755,0.000863891641245553,0.530000000000001,797.0990115625,0.00173215620640842,0.00155990658872183,1.057,0.108018896484639,0.952233354604891,0.687672681836337,0.0777696258253853
"122","025A","3.13051831650247",-0.00347176120764154,"0.99325",0.0825152718445594,"0.0169855293421629","10.5140049183673","1.2487491281759",5.35311198734497e-08,25,"LS",0,68,2.9914,1.5427,24.91,21,1.05,1.57,1.05,1.22,0.9,0.96,1.02,0.88,1.13,1.1,48.31,59.01,8.51,8.41,6.81,6.78,0.84,2.61,8.65,7.99,6.61,7.31,1.57,1.97,"10C","025A",8.39,6.8775,0.0012733531617864,0.756250000000001,1038.45945525,0.00139504724298672,0.00148556594309078,1.088,0.100480920826298,0.0420394918549935,0.509475287607204,0.0901370679380215
"123","025B","2.06283427056351",-0.00422978372596688,"0.99863",0.111314733757666,"0.00803692550454329","23.26503125","0.334639673399849",6.52190764661825e-08,25,"LS",0,53,1.9517,1.0021,41.99,28,1.23,1.26,1.2,1.9,1.25,1.35,1.22,1,1.12,1.28,33.18,41.99,8.24,8.3,6.43,6.67,1.72,1.94,8.31,8.13,6.96,6.88,2.51,1.69,"25C","025B",8.245,6.735,0.000859442674809172,0.755000000000001,713.6203124375,0.00133067961134187,0.00140424814503548,1.281,0.0808763413738377,0.0758853130962616,0.681718497943544,0.091570648878108
"124","025C","2.50047136724984",-0.00629240509201474,"0.99947",0.318718665716809,"0.0258228554032914","32.7283484848485","1.13653279515641",9.70226553979415e-08,25,"LS",0.3,60,2.3159,1.1518,45.7,44,1.22,1.41,1.4,1.09,1.13,0.83,1.01,1.03,0.87,0.93,33.74,45.7,8.29,8.61,6.78,7.07,1.64,1.62,8.33,8.08,7.07,6.91,1.82,1.71,"35C","025C",8.3275,6.9575,0.000882692816640226,0.684999999999999,792.29240265625,0.00146928078080419,0.00145375620937227,1.092,0.115617036958694,0.109916670407761,0.344870515068687,0.0822575803062143
"125","025D","3.29806885844323",-0.0116574103729158,"0.99816",0.64136208138448,"0.085007655549331","42.0768315789474","1.89679760158016",1.79745724076016e-07,25,"LS",0.4,81,3.0857,1.6091,29.01,17,0.92,1.18,0.91,1.24,1.2,1.51,1.47,1.36,1.12,1,41.03,53.11,9.76,9.47,7.21,6.98,2.67,3.04,8.36,8.33,6.95,6.4,1.61,1.49,"45C","025D",8.98,6.885,0.00115751792825957,1.0475,1070.702911,0.00137909403703863,0.00150284451781041,1.191,0.0652566621294093,0.155285477388916,0.242118269688953,0.116648106904232
"126","025E","2.34959918088737",-0.0296088737201365,"0.9996",1.38419309251166,"0.0137270365976208","55.2314066666667","0.114965266071534",4.56539512263055e-07,25,"LS",0,58,2.1511,1.0863,24.09,14,1.04,0.77,1.22,1.45,1.03,0.83,1.26,1.62,1.12,1.08,36.52,48.29,7.79,7.87,5.98,6.44,1.68,1.86,7.28,7.43,6.14,5.88,1.79,1.53,"55C","025E",7.5925,6.11,0.000871094841961336,0.74125,695.932014078125,0.00153003451265351,0.00156092833498827,1.142,0.0765431683650366,0.524098514043685,0.378631071690072,0.0976292393809681
