segment,Tc,TreeID,sp,lichen,apex_dist,treatment,sampleID,lenticel_size,LD,gbark,bark_thickness_ratio,Round,mf,vpd,bark_thickness,E,water_content,RWC_end,LossFrac_end
004A,6.196067382,4,LS,0.05,108,10C,004A,0.84,0.033527232,5.949383444,0.076203209,2,0.993908903,0.669624882,0.7125,0.039568311,0.001731522,0.995351901,0.004648099
004B,24.36030875,4,LS,0.3,77,25C,004B,0.8,0.037158145,3.364319076,0.074712644,2,0.97692461,1.427180922,0.65,0.048518315,0.001618277,0.985510428,0.014489572
004C,32.34993944,4,LS,0.25,57,35C,004C,0.9,0.050314465,2.566395721,0.100628931,2,0.967953203,3.217231645,0.8,0.084205827,0.001531167,0.97372498,0.02627502
004D,41.096095,4,LS,0,66.8,45C,004D,0.66,0.10063042,4.548330009,0.068561873,2,0.952996211,6.138117522,0.5125,0.289192182,0.001791731,0.930133181,0.069866819
004E,55.22883079,4,LS,0,70,55C,004E,0.77,0.035125001,6.890864761,0.068441065,2,0.912646712,14.17179515,0.45,1.056297991,0.001516348,0.708211144,0.291788856
016A,6.198242318,16,PE,0.05,62,10C,016A,NA,NA,7.076814706,0.125,2,0.993889688,0.66635703,1.0625,0.046837875,0.001647118,0.993736553,0.006263447
016B,24.37312632,16,PE,0.1,84.5,25C,016B,NA,NA,4.008317118,0.092261905,2,0.976934567,1.433859977,0.775,0.058075625,0.00160908,0.982177911,0.017822089
016C,32.34609779,16,PE,0,43,35C,016C,NA,NA,3.366254749,0.12539185,2,0.96798006,3.220622607,1,0.110563292,0.001737075,0.981138211,0.018861789
016D,41.04625576,16,PE,0.1,58,45C,016D,NA,NA,3.236172268,0.084175084,2,0.953122936,6.121904198,0.625,0.205191703,0.001718117,0.961947814,0.038052186
016E,55.22987358,16,PE,0.3,52,55C,016E,NA,NA,3.950229907,0.131805158,2,0.912652407,14.17454636,1.15,0.605642987,0.001738994,0.90073787,0.09926213
017A,6.207346611,17,PE,0.1,52.9,10C,017A,NA,NA,4.52129771,0.081005587,2,0.99390939,0.671064057,0.725,0.030134976,0.002015886,0.996033817,0.003966183
017B,24.35691358,17,PE,0,45,25C,017B,NA,NA,4.602885715,0.102836879,2,0.976922688,1.425557948,0.725,0.06630487,0.0018291,0.97828067,0.02171933
017C,32.34679639,17,PE,0.45,67,35C,017C,NA,NA,4.874449101,0.100303951,2,0.967946914,3.214222365,0.825,0.159786643,0.0017645,0.957485497,0.042514503
017D,41.13084031,17,PE,0,46,45C,017D,NA,NA,3.501834948,0.034810127,2,0.952907262,6.149415555,0.275,0.223084519,0.001867335,0.948939779,0.051060221
017E,55.22835252,17,PE,0.2,63,55C,017E,NA,NA,3.983245538,0.08662614,2,0.912642423,14.17019335,0.7125,0.610524022,0.001772646,0.881311041,0.118688959
018A,5.603597214,18,PE,0,43.5,10C,018A,NA,NA,12.44795239,0.126086957,1,0.994112155,0.630164503,1.0875,0.077894541,0.001397555,0.987100393,0.012899607
018B,23.86834444,18,PE,0,19,25C,018B,NA,NA,6.064291814,0.135775862,1,0.978344078,1.537592578,0.7875,0.094084981,0.001602163,0.970553028,0.029446972
018C,31.76554203,18,PE,0,45.5,35C,018C,NA,NA,2.242976154,0.10252809,1,0.969570847,3.233875811,0.9125,0.073851446,0.001702135,0.991499897,0.008500103
018D,39.42846485,18,PE,0,37,45C,018D,NA,NA,2.956904036,0.125925926,1,0.956920732,5.634238762,0.85,0.171864852,0.001303599,0.930169165,0.069830835
018E,54.48553843,18,PE,0,48,55C,018E,NA,NA,3.599941178,0.137658228,1,0.915540006,13.66095129,1.0875,0.530260864,0.001637889,0.926146435,0.073853565
019A,5.698726641,19,PE,0.15,57,10C,019A,NA,NA,6.499099685,0.120192308,1,0.994048781,0.629241892,0.9375,0.040611935,0.00123502,0.986745003,0.013254997
019B,23.86745625,19,PE,0.05,68,25C,019B,NA,NA,3.392566052,0.105571848,1,0.978272066,1.522677157,0.9,0.052127518,0.001662778,0.987959675,0.012040325
019C,31.78646774,19,PE,0,57,35C,019C,NA,NA,3.174271721,0.109034268,1,0.969500839,3.23127921,0.875,0.104438579,0.001533886,0.973619126,0.026380874
019D,39.25860344,19,PE,0,90,45C,019D,NA,NA,2.515336321,0.104166667,1,0.957207162,5.561703582,0.875,0.144274147,0.00160334,0.967713182,0.032286818
019E,54.35952126,19,PE,0,55,55C,019E,NA,NA,5.499704144,0.096938776,1,0.915873813,13.54391899,0.7125,0.80285772,0.001777671,0.896137849,0.103862151
020A,5.472200074,20,PE,0,71.5,10C,020A,NA,NA,6.712160965,0.096153846,1,0.994203367,0.632143322,0.875,0.042130173,0.001452786,0.994091334,0.005908666
020B,23.8736825,20,PE,0.3,52.8,25C,020B,NA,NA,4.619646454,0.095744681,1,0.978385909,1.547903635,0.7875,0.07214945,0.001655331,0.977870051,0.022129949
020C,31.72615,20,PE,0.25,63.5,35C,020C,NA,NA,4.380067807,0.085301837,1,0.969718017,3.242195409,0.8125,0.144565649,0.001555267,0.960017365,0.039982635
020D,39.58535671,20,PE,0,50,45C,020D,NA,NA,3.500186753,0.092145015,1,0.956676904,5.705492961,0.7625,0.206067573,0.001588708,0.971237697,0.028762303
020E,54.50342088,20,PE,0.4,56,55C,020E,NA,NA,5.129350723,0.120141343,1,0.915487001,13.67652379,0.85,0.756443496,0.001608211,0.875938428,0.124061572
021A,5.861026857,21,LS,0,38,10C,021A,1.044444444,0.036770339,3.744514501,0.063862928,1,0.993939552,0.62741796,0.5125,0.02333367,0.001503714,0.998718454,0.001281546
021B,23.88364,21,LS,0,82,25C,021B,1.98,0.052497196,3.71750767,0.084699454,1,0.978204743,1.514862293,0.775,0.056831068,0.001446887,0.987278073,0.012721927
021C,31.83837407,21,LS,0,32,35C,021C,0.75,0.086975429,3.397804795,0.108058608,1,0.969373012,3.233650573,0.7375,0.111889966,0.001512753,0.968118938,0.031881062
021D,39.0417687,21,LS,0,56,45C,021D,1.0125,0.035273369,3.447658727,0.077546296,1,0.957589713,5.472384113,0.8375,0.194496561,0.001366098,0.964253638,0.035746362
021E,54.34340527,21,LS,0,45.5,55C,021E,0.7,0.015659408,3.505110239,0.095522388,1,0.915926214,13.53121819,0.8,0.511173868,0.001399213,0.935637259,0.064362741
022A,6.02279206,22,LS,0,69,10C,022A,0.78,0.12957564,4.885087735,0.069970845,1,0.993834928,0.626420321,0.6,0.030395865,0.00135587,0.996235769,0.003764231
022B,23.89764,22,LS,0,137,25C,022B,0.93,0.067872954,3.173754709,0.079365079,1,0.978165822,1.512002266,0.75,0.048428818,0.001419787,0.9905487,0.0094513
022C,31.89537083,22,LS,0,69,35C,022C,0.57,0.07846522,0.709735367,0.086350975,1,0.969253826,3.240398329,0.775,0.023423289,0.000213788,0.968702866,0.031297134
022D,38.76297872,22,LS,0,64,45C,022D,0.821,0.116040243,4.92570445,0.083773319,1,0.958093582,5.36011368,0.595,0.272035119,0.001639485,0.956196081,0.043803919
022E,54.08590936,22,LS,0,93,55C,022E,0.95,0.054587184,4.999170791,0.072886297,1,0.916719359,13.31592399,0.625,0.716841985,0.00147597,0.879265248,0.120734752
024A,6.197068931,24,LS,0.15,67,10C,024A,0.85,0.073429952,7.066893247,0.09057971,2,0.993900124,0.668143605,0.625,0.046897118,0.00174929,0.992655586,0.007344414
024B,24.36682436,24,LS,0.4,63.5,25C,024B,0.74,0.043808657,4.069109457,0.073800738,2,0.976929187,1.430477217,0.5,0.058817666,0.001700195,0.98026653,0.01973347
024C,32.34737304,24,LS,0.1,57.5,35C,024C,0.675,0.080961417,5.382104811,0.133333333,2,0.967972514,3.219778607,0.85,0.176728134,0.001939444,0.96300784,0.03699216
024D,41.05998483,24,LS,0.6,64.5,45C,024D,1.171428571,0.02734108,5.258598873,0.102040816,2,0.953087406,6.126161051,0.625,0.333669321,0.001845822,0.904568416,0.095431584
024E,55.22921433,24,LS,0.8,58,55C,024E,0.85,0.045235564,2.728774391,0.12145749,2,0.912650057,14.17306163,0.75,0.418328618,0.001855177,0.898336887,0.101663113
026A,6.200243198,26,LS,0.1,62,10C,026A,1.04,0.044705801,14.16717219,0.096100279,2,0.993868597,0.662720028,0.8625,0.093255586,0.000638182,0.926534507,0.073465493
026B,24.376256,26,LS,0.03,35,25C,026B,0.93,0.103896104,1.169872992,0.125454545,2,0.976937525,1.435598206,0.8625,0.016970529,0.000307527,0.981581798,0.018418202
026C,32.34328591,26,LS,0.3,55,35C,026C,0.87,0.026569423,1.290440837,0.080996885,2,0.96799608,3.222356078,0.65,0.042406124,0.000371965,0.950633936,0.049366064
026D,41.00532614,26,LS,0.9,66,45C,026D,0.76,0.010833004,8.131637257,0.100286533,2,0.953223186,6.107700218,0.875,0.514341618,0.000449674,0.811720698,0.188279302
026E,55.23081229,26,LS,0.2,56,55C,026E,0.82,0.04899079,2.945228225,0.086419753,2,0.912653399,14.17618737,0.7,0.451609509,0.000415839,0.769244902,0.230755098
