segment,TreeID,sp,lichen,apex_dist,treatment,sampleID,lenticel_size,LD,gbark,bark_thickness_ratio,diam,Round,Tc,mf,vpd,E,bark_thickness,water_content,RWC_end,LossFrac_end,RWC_end_sat
001A,1,CC,0.2,87,10C,001A,NA,NA,2.617241295,0.077823474,7.9025,1,10.78177238,0.991269245,0.823732039,0.021469832,0.615,0.001150053,0.993742178,0.006257822,0.603176913
001B,1,CC,0.85,77.5,25C,001B,NA,NA,3.673052816,0.069857871,9.3225,1,23.91111273,0.976971815,1.274927081,0.047317418,0.65125,0.001123046,0.976346316,0.023653684,0.543304988
001C,1,CC,0.7,99.8,35C,001C,NA,NA,2.265586951,0.083435583,8.15,1,32.19708546,0.967781127,3.098286236,0.071600438,0.68,0.000964956,0.958151788,0.041848212,0.537207376
001D,1,CC,0.65,83,45C,001D,NA,NA,2.06839733,0.088266017,7.18,1,40.27912343,0.954340023,5.771821006,0.123490696,0.63375,0.00117925,0.947390632,0.052609368,0.61413854
001E,1,CC,0.9,102,55C,001E,NA,NA,1.580926894,0.093441672,8.615,1,55.11831039,0.912856258,14.04619295,0.24013672,0.805,0.001116651,0.923604573,0.076395427,0.561723687
002A,2,CC,0.1,71,10C,002A,0.9925,0.00725319,3.083118749,0.089296363,8.385,5,10.35709998,0.991713775,0.838549264,0.025734933,0.74875,0.001174437,0.991971717,0.008028283,0.60888594
002B,2,CC,0.1,127,25C,002B,0.96,0.015659745,3.733369736,0.079885057,8.7,5,25.35214805,0.974940269,1.40137368,0.052974578,0.695,0.000864616,0.972936401,0.027063599,0.455604544
002C,2,CC,0.2,135,35C,002C,0.86,0.001956492,3.136774655,0.065027322,9.15,5,33.94501488,0.964943849,3.52759273,0.113201002,0.595,0.00124095,0.967744159,0.032255841,0.628310721
002D,2,CC,0.15,149,45C,002D,0.853333333,0.005078512,2.201701522,0.061952007,10.835,5,39.63106141,0.95514675,5.400707356,0.122893677,0.67125,0.001126913,0.962677462,0.037322538,0.550501426
002E,2,CC,0.05,103,55C,002E,NA,NA,1.900989115,0.103604806,9.3625,5,55.39029467,0.910930939,14.07133751,0.289881241,0.97,0.001242556,0.90662799,0.09337201,0.595464198
003A,3,CC,0.85,150,10C,003A,NA,NA,2.983368103,0.075297788,8.815,4,10.90791577,0.991234361,0.838639645,0.024917039,0.66375,0.001151381,0.992686036,0.007313964,0.586603263
003B,3,CC,0,145,25C,003B,NA,NA,7.145047587,0.053263316,9.9975,4,23.3462038,0.97719666,1.121967203,0.080983001,0.5325,0.001200079,0.969152788,0.030847212,0.579542528
003C,3,CC,0.25,125,35C,003C,NA,NA,2.309108185,0.074418058,10.6325,4,33.05233827,0.966277224,3.281568467,0.077413118,0.79125,0.001070425,0.969488536,0.030511464,0.506831996
003D,3,CC,0,115,45C,003D,NA,NA,4.370543997,0.085572139,7.5375,4,42.25331,0.949869426,6.566135231,0.298244171,0.645,0.001330971,0.887156377,0.112843623,0.572031215
003E,3,CC,0.8,131,55C,003E,NA,NA,2.645215454,0.058007566,7.93,4,55.20752413,0.911925668,13.99340067,0.400696395,0.46,0.001310583,0.837104424,0.162895576,0.576145575
004A,4,LS,0.05,96,10C,004A,0.9125,0.014482642,5.38327255,0.080935702,9.9925,5,10.29781028,0.991798205,0.845795782,0.045318875,0.80875,0.00160233,0.989959749,0.010040251,0.733877729
004B,4,LS,0.05,84,25C,004B,1.064285714,0.015672459,6.766972844,0.084128361,8.6475,5,25.2672381,0.975051306,1.391690912,0.095345524,0.7275,0.001392003,0.968380329,0.031619671,0.636380898
004C,4,LS,0.3,41,35C,004C,0.974,0.019528416,3.894409373,0.109182349,7.705,5,33.90519386,0.965010829,3.518026568,0.140151931,0.84125,0.001753984,0.957863707,0.042136293,0.783511634
004D,4,LS,0.15,79,45C,004D,1.165,0.021698938,3.039643651,0.08692422,8.4125,5,39.7085284,0.954998967,5.433482905,0.170721662,0.73125,0.001424749,0.940289664,0.059710336,0.626920983
004E,4,LS,0,73,55C,004E,1.0625,0.007310716,3.661869452,0.076622248,8.63,5,55.39516429,0.910964236,14.08551647,0.558939576,0.66125,0.001820733,0.854557298,0.145442702,0.775195842
005A,5,MG,0.05,92,10C,005A,0.945,0.060291331,6.776797663,0.093209229,9.535,4,11.03068969,0.991137118,0.83904641,0.056632706,0.88875,0.001273471,0.97948471,0.02051529,0.593536262
005B,5,MG,0,82,25C,005B,0.909,0.042234483,6.313795504,0.087161942,7.6725,4,23.35853026,0.977182874,1.123442294,0.071656566,0.66875,0.001228142,0.967650083,0.032349917,0.537862792
005C,5,MG,0,57,35C,005C,0.782,0.04077557,4.02701318,0.105527638,7.4625,4,33.19117333,0.966040554,3.310133724,0.13621464,0.7875,0.001247421,0.936232277,0.063767723,0.543816544
005D,5,MG,0,56,45C,005D,0.999,0.059084256,3.756787083,0.100807502,9.5975,4,42.35057333,0.94963639,6.609981823,0.258136878,0.9675,0.00136577,0.913321817,0.086678183,0.567748954
005E,5,MG,0.01,56,55C,005E,0.793,0.044942204,4.019966436,0.079562982,9.725,4,55.19976041,0.911951384,13.98677982,0.608637957,0.77375,0.001362227,0.81761872,0.18238128,0.520364397
006A,6,MG,0,52,10C,006A,1.091,0.073415546,6.445985029,0.078092605,7.235,3,10.84909386,0.991527147,0.884590366,0.05676981,0.565,0.001284221,0.968033095,0.031966905,0.573844146
006B,6,MG,0,54,25C,006B,0.846,0.084354429,3.512740966,0.094400819,7.3225,3,24.53488,0.975683091,1.240145034,0.044075818,0.69125,0.001243066,0.975204562,0.024795438,0.554900387
006C,6,MG,0,40,35C,006C,1.191,0.07634949,3.678589873,0.078205517,8.2475,3,32.80954144,0.966244615,3.135219681,0.117829169,0.645,0.001300041,0.943403345,0.056596655,0.568256278
006D,6,MG,0,37,45C,006D,1.14,0.076605107,3.640545471,0.078567538,9.18,3,40.78096129,0.952763943,5.82665561,0.219781458,0.72125,0.001311459,0.9088829,0.0911171,0.561295493
006E,6,MG,0,51,55C,006E,1.125,0.094717476,2.549985425,0.086438923,7.245,3,55.1326562,0.911903142,13.87519051,0.383017393,0.62625,0.001338181,0.806692227,0.193307773,0.517199234
007A,7,TD,0.2,67.8,10C,007A,1.44,0.033282092,15.72948921,0.093068953,6.9975,1,10.85644679,0.991204472,0.823092441,0.128940852,0.65125,0.001469179,0.931766112,0.068233888,0.614200481
007B,7,TD,0.1,74,25C,007B,NA,NA,5.997471592,0.098712446,7.5725,1,23.928466,0.976969843,1.280753018,0.077614521,0.7475,0.001659514,0.968335104,0.031664896,0.724179635
007C,7,TD,0,117,35C,007C,1.598,0.020059538,4.065825452,0.088902292,10.3625,1,32.20041402,0.967787989,3.10149863,0.128626559,0.92125,0.001590677,0.961094885,0.038905115,0.703011915
007D,7,TD,0.3,67,45C,007D,0.9775,0.011759563,5.791888549,0.093184687,5.9425,1,40.22314606,0.95446916,5.754316498,0.344701042,0.55375,0.001775857,0.85502563,0.14497437,0.712407668
007E,7,TD,0.25,116,55C,007E,1.244,0.011740622,4.830637007,0.093004338,9.22,1,55.11904737,0.912856125,14.04728682,0.733812448,0.8575,0.001540492,0.823568311,0.176431689,0.566784376
008A,8,MG,0,38,10C,008A,1.022,0.049407399,8.01967243,0.120190671,7.3425,2,11.21274917,0.991049065,0.8518141,0.068045099,0.8825,0.001498591,0.959311965,0.040688035,0.665684277
008B,8,MG,0.2,42,25C,008B,1.285,0.056538701,7.351384104,0.10923913,9.2,2,23.73020965,0.976543237,1.123511145,0.083492137,1.005,0.001447607,0.965752339,0.034247661,0.66916404
008C,8,MG,0,42,35C,008C,1.272,0.050867384,4.228344515,0.104313824,9.91,2,33.6623727,0.965124399,3.388375252,0.146544366,1.03375,0.001378042,0.937140291,0.062859709,0.578704247
008D,8,MG,0.03,49,45C,008D,1.14,0.0571327,6.5777991,0.107603093,7.76,2,41.06609124,0.952068463,5.982675167,0.408035927,0.835,0.001631417,0.818726158,0.181273842,0.644094029
008E,8,MG,0.03,65,55C,008E,1.249,0.067421649,3.504404668,0.080063208,9.4925,2,47.97967853,0.926974186,10.91171582,0.407221043,0.76,0.001381625,0.868449949,0.131550051,0.574381037
009A,9,TD,0.2,86,10C,009A,1.117,0.039772845,5.98625197,0.087122368,8.1925,2,11.24009543,0.990959322,0.838564185,0.050006451,0.71375,0.001585786,0.97933474,0.02066526,0.717313661
009B,9,TD,0.2,61,25C,009B,1.231,0.019320311,7.480646793,0.069366197,7.1,2,23.73456604,0.976563456,1.129166697,0.085386123,0.4925,0.00143003,0.960724616,0.039275384,0.611027017
009C,9,TD,0.2,63,35C,009C,1.55,0.012267036,6.906127034,0.112485042,6.2675,2,33.74141118,0.965041448,3.417405638,0.241421355,0.705,0.001786313,0.897005113,0.102994887,0.726012868
009D,9,TD,0.05,60,45C,009D,1.355,0.035176308,4.765329292,0.092879963,5.4775,2,41.05773772,0.952119749,5.993643001,0.296130247,0.50875,0.001584598,0.799860934,0.200139066,0.601873675
009E,9,TD,0.1,116,55C,009E,1.425,0.024806832,3.183535246,0.060805577,9.6825,2,50.65172606,0.921390985,12.02292333,0.410077873,0.58875,0.001422782,0.845377814,0.154622186,0.538871127
010A,10,TD,0.15,67,10C,010A,1.247,0.054688026,5.050146138,0.087537651,6.64,3,10.88005432,0.991565291,0.897642514,0.045131171,0.58125,0.001195007,0.968877711,0.031122289,0.529437139
010B,10,TD,0.1,44,25C,010B,1.362,0.026303344,12.12609275,0.081196581,6.435,3,24.53175686,0.975690025,1.240368242,0.152177419,0.5225,0.001679521,0.938951078,0.061048922,0.698092906
010C,10,TD,0.08,58,35C,010C,1.595,0.031764671,3.795063135,0.085384916,6.3975,3,32.68141087,0.966444825,3.106858948,0.120435365,0.54625,0.001258264,0.930549577,0.069450423,0.517453821
010D,10,TD,0.3,67,45C,010D,2.07,0.002365513,4.666785729,0.089622642,6.625,3,40.80432525,0.952720938,5.837172144,0.282257316,0.59375,0.001196432,0.860689984,0.139310016,0.459967445
010E,10,TD,0.1,66,55C,010E,1.766666667,0.009695943,5.369684264,0.085869974,6.6525,3,55.122915,0.911900257,13.85970758,0.8056493,0.57125,0.001498687,0.704486515,0.295513485,0.487700742
011A,11,TD,0,112,10C,011A,NA,NA,4.014296297,0.054812834,9.35,5,10.24989453,0.991859554,0.850280849,0.033971302,0.5125,0.001660938,0.993301322,0.006698678,0.718176388
011B,11,TD,0.02,107,25C,011B,NA,NA,4.914956846,0.077464789,10.1175,5,25.21858333,0.975117246,1.386841749,0.069004964,0.78375,0.00145692,0.983703342,0.016296658,0.642116883
011C,11,TD,0,80,35C,011C,NA,NA,2.496618511,0.097672894,7.6275,5,33.57036946,0.965519954,3.439374242,0.087793209,0.745,0.001685236,0.972484544,0.027515456,0.709047644
011D,11,TD,0.4,82,45C,011D,NA,NA,2.220380467,0.071518987,7.9,5,39.87834944,0.954680752,5.506098962,0.126416511,0.565,0.001286457,0.942278148,0.057721852,0.528614162
011E,11,TD,0.4,79,55C,011E,NA,NA,3.248840311,0.081145207,7.9025,5,55.39607471,0.910977679,14.08962475,0.496033046,0.64125,0.001641716,0.885073427,0.114926573,0.615409487
012A,12,TD,0.15,70,10C,012A,1.17,0.015722974,8.855197489,0.095441595,7.8975,4,10.74341919,0.991364725,0.838126164,0.073903455,0.75375,0.001525147,0.97310939,0.02689061,0.673019329
012B,12,TD,0,75,25C,012B,1.16875,0.012077223,9.16819029,0.076651264,9.1975,4,23.32133256,0.97724844,1.123897216,0.10408683,0.705,0.001704336,0.974228591,0.025771409,0.740192049
012C,12,TD,0,69,35C,012C,0.853333333,0.00900059,4.937976768,0.076243094,9.05,4,32.95128256,0.966464937,3.2639103,0.164623454,0.69,0.00159816,0.942665118,0.057334882,0.663238855
012D,12,TD,0,49,45C,012D,NA,NA,4.949958341,0.074696707,7.2125,4,42.21597305,0.949966901,6.551018132,0.336970922,0.53875,0.001521544,0.896984416,0.103015584,0.588772158
012E,12,TD,0.02,60,55C,012E,1.242,0.009653358,8.375890921,0.08515999,9.9225,4,55.21609293,0.911937099,14.00878857,1.270156585,0.845,0.001761216,0.789252729,0.210747271,0.574795931
013A,13,MG,0,57,10C,013A,0.872,0.052663163,2.302740701,0.102305896,8.565,5,10.21058253,0.991907655,0.853530778,0.019560661,0.87625,0.00136816,0.990627645,0.009372355,0.615851823
013B,13,MG,0.05,24,25C,013B,0.904,0.087304271,4.28107185,0.098929708,8.6425,5,25.14360104,0.975213015,1.37814445,0.059722547,0.855,0.001669925,0.978138121,0.021861879,0.743777298
013C,13,MG,0,55,35C,013C,0.817,0.068637087,2.425704183,0.097002944,9.3425,5,33.41999156,0.965748973,3.404582874,0.084416637,0.90625,0.001315777,0.965918417,0.034081583,0.556074755
013D,13,MG,0,48,45C,013D,0.861,0.083162355,1.408287288,0.099218532,8.9575,5,39.95695484,0.954535188,5.540246571,0.08068986,0.88875,0.00132011,0.966297053,0.033702947,0.564887037
013E,13,MG,0,66,55C,013E,0.803,0.105552325,2.641861863,0.085808581,9.8475,5,55.39890537,0.911011173,14.10072634,0.403662533,0.845,0.001394565,0.891666972,0.108333028,0.5766449
014A,14,CC,0.15,117,10C,014A,NA,NA,3.891454723,0.081566299,8.8425,2,11.22398774,0.991011763,0.84628627,0.032805074,0.72125,0.001289116,0.986850314,0.013149686,0.705101736
014B,14,CC,0.03,81,25C,014B,NA,NA,3.793078038,0.060478655,7.73,2,23.73254545,0.976552337,1.126189617,0.04318156,0.4675,0.00112032,0.971836104,0.028163896,0.542922097
014C,14,CC,0.15,101,35C,014C,NA,NA,3.187768615,0.052126772,8.9925,2,33.68701116,0.965099402,3.397602297,0.110784204,0.46875,0.001083616,0.938527085,0.061472915,0.513184383
014D,14,CC,0.08,71,45C,014D,NA,NA,3.457287404,0.053626782,8.065,2,41.06259642,0.952086284,5.985706395,0.214568093,0.4325,0.00169223,0.906323509,0.093676491,0.898543533
014E,14,CC,0.3,103,55C,014E,NA,NA,2.663815743,0.065331928,9.49,2,50.16387745,0.922409881,11.82018201,0.336972883,0.62,0.001083921,0.865878624,0.134121376,0.473215518
015A,15,CC,0.2,105,10C,015A,NA,NA,2.586709149,0.053308247,7.9725,3,10.80747645,0.991485525,0.868972654,0.022379887,0.425,0.001147019,0.992828407,0.007171593,0.608531142
015B,15,CC,0.5,86,25C,015B,NA,NA,3.170484563,0.085362047,8.01,3,24.5279186,0.975688831,1.238793003,0.039737781,0.68375,0.001213577,0.985897599,0.014102401,0.604468806
015C,15,CC,0.35,103,35C,015C,NA,NA,2.516139186,0.07984608,10.395,3,32.97181747,0.965992115,3.172943342,0.081585683,0.83,0.001141959,0.969179967,0.030820033,0.555636096
015D,15,CC,0.1,63,45C,015D,NA,NA,2.08538775,0.075147518,7.2025,3,40.74091882,0.95284598,5.810275784,0.125531123,0.54125,0.001296506,0.939684376,0.060315624,0.730042283
015E,15,CC,0.3,106,55C,015E,NA,NA,1.752146752,0.074903793,9.095,3,55.122915,0.911900257,13.85970758,0.262886184,0.68125,0.001217306,0.915897057,0.084102943,0.583960725
016A,16,PE,0,56.5,10C,016A,NA,NA,6.973354989,0.126687847,9.4425,1,11.05963482,0.991023989,0.820574621,0.05699887,1.19625,0.001776241,0.9875671,0.0124329,0.825309504
016B,16,PE,0,36,25C,016B,NA,NA,6.860489084,0.192213366,8.155,1,23.93834624,0.976967433,1.283828992,0.088996458,1.5675,0.001800496,0.978859738,0.021140262,0.851774304
016C,16,PE,0,53,35C,016C,NA,NA,3.431454637,0.110027855,8.0775,1,32.20180256,0.967806856,3.106112601,0.108716964,0.88875,0.001728233,0.969194313,0.030805687,0.817334226
016D,16,PE,0,43.5,45C,016D,NA,NA,5.513308795,0.13022306,7.9575,1,40.11545284,0.954717939,5.721226174,0.326149642,1.03625,0.001771506,0.90005777,0.09994223,0.754027103
016E,16,PE,0.1,61,55C,016E,NA,NA,3.248290259,0.097506234,10.025,1,55.11904737,0.912856125,14.04728682,0.493441305,0.9775,0.001649259,0.886538821,0.113461179,0.748999303
017A,17,PE,0,93,10C,017A,NA,NA,4.214923116,0.084275066,10.3975,2,11.19878711,0.991093487,0.858281914,0.036032596,0.87625,0.001654347,0.986811363,0.013188637,0.764436444
017B,17,PE,0,64,25C,017B,NA,NA,3.620522424,0.093645017,8.93,2,23.72337769,0.976537836,1.119992538,0.040990937,0.83625,0.001703671,0.988441594,0.011558406,0.818039913
017C,17,PE,0,72,35C,017C,NA,NA,3.280646027,0.113460183,10.6425,2,33.60613968,0.965215711,3.374749591,0.113231458,1.2075,0.001669943,0.958767579,0.041232421,0.738134238
017D,17,PE,0,49,45C,017D,NA,NA,2.759830488,0.103419093,7.385,2,41.07388084,0.95204145,5.980481863,0.171140692,0.76375,0.00174495,0.910830463,0.089169537,0.769034349
017E,17,PE,0,62,55C,017E,NA,NA,4.56835624,0.073398216,9.2475,2,47.58815432,0.927795075,10.74900864,0.522476627,0.67875,0.001838176,0.865940735,0.134059265,0.774335939
018A,18,PE,0,70,10C,018A,NA,NA,4.033134865,0.100641417,8.185,3,10.83019252,0.991506879,0.877225998,0.035224843,0.82375,0.001740087,0.993233936,0.006766064,0.889133873
018B,18,PE,0,66,25C,018B,NA,NA,4.951709711,0.088081306,8.1175,3,24.53123516,0.97569096,1.240420941,0.062144477,0.715,0.001725997,0.976289294,0.023710706,0.822110924
018C,18,PE,0,44,35C,018C,NA,NA,2.534866468,0.113449088,8.495,3,32.90194637,0.966098875,3.156265037,0.081751839,0.96375,0.00176653,0.977548037,0.022451963,0.903550818
018D,18,PE,0,54,45C,018D,NA,NA,4.558517199,0.107105263,9.5,3,40.7529625,0.952822467,5.815397532,0.274651244,1.0175,0.001773068,0.922404372,0.077595628,0.793962176
018E,18,PE,0,59,55C,018E,NA,NA,3.763923476,0.087374335,8.455,3,55.12338231,0.911936253,13.86798345,0.565041275,0.73875,0.001823912,0.817251056,0.182748944,0.752458307
019A,19,PE,0,72,10C,019A,NA,NA,3.997558092,0.111381454,9.2475,4,10.62280091,0.991459906,0.837663547,0.03334109,1.03,0.00174091,0.991963145,0.008036855,0.778165935
019B,19,PE,0,58,25C,019B,NA,NA,3.404148804,0.129053828,7.4775,4,23.30020222,0.977292065,1.125475398,0.038699979,0.965,0.001808829,0.989734955,0.010265045,0.835325967
019C,19,PE,0,64,35C,019C,NA,NA,2.484583841,0.106356199,7.945,4,32.8588033,0.966646477,3.249806938,0.082458247,0.845,0.001781327,0.971064921,0.028935079,0.791156637
019D,19,PE,0,60,45C,019D,NA,NA,5.15755943,0.0955928,8.055,4,42.13856292,0.950191526,6.524226046,0.349584881,0.77,0.001699388,0.87947046,0.12052954,0.721949992
019E,19,PE,0,60,55C,019E,NA,NA,4.102912069,0.094228504,8.49,4,55.22897154,0.911973358,14.03576957,0.623357003,0.8,0.001955577,0.873974968,0.126025032,0.849316893
020A,20,PE,0,69,10C,020A,NA,NA,4.774861847,0.093361801,6.44,5,10.17942412,0.991949231,0.856784377,0.040713033,0.60125,0.001948739,0.987945724,0.012054276,0.887198602
020B,20,PE,0.15,72,25C,020B,NA,NA,7.647799703,0.097618188,6.9275,5,25.090456,0.97528144,1.372234363,0.10622467,0.67625,0.002009659,0.955250523,0.044749477,0.880861312
020C,20,PE,0,80,35C,020C,NA,NA,3.682628214,0.112837838,7.4,5,33.33573874,0.965910728,3.388780874,0.127542501,0.835,0.001794524,0.949388209,0.050611791,0.772823476
020D,20,PE,0,74,45C,020D,NA,NA,7.305570119,0.105147059,6.8,5,40.079437,0.954312726,5.594368272,0.422770821,0.715,0.002003129,0.848421619,0.151578381,0.86618169
020E,20,PE,0,78,55C,020E,NA,NA,5.926410228,0.088570379,6.8025,5,55.39943,0.911020241,14.10336213,0.905684418,0.6025,0.002196866,0.790593505,0.209406495,0.876953709
021A,21,LS,0,55,10C,021A,1.237,0.067628099,6.139993501,0.093541848,8.6325,2,11.27872628,0.990839892,0.821317708,0.050241913,0.8075,0.001548653,0.982920252,0.017079748,0.709548955
021B,21,LS,0,61,25C,021B,1.342,0.037000391,9.991882696,0.074703121,9.0525,2,23.74197917,0.976586592,1.136501911,0.114788213,0.67625,0.001501286,0.95727231,0.04272769,0.642228152
021C,21,LS,0,43,35C,021C,1.292,0.070477301,7.404129769,0.080635754,8.5725,2,33.79845667,0.96498075,3.438137959,0.260416937,0.69125,0.001544475,0.914610866,0.085389134,0.632060929
021D,21,LS,0,46,45C,021D,1.366,0.147591936,5.76686418,0.096211366,7.5225,2,41.04978415,0.952154433,5.999340671,0.358695896,0.72375,0.001844457,0.869267264,0.130732736,0.806533237
021E,21,LS,0,62,55C,021E,1.442,0.053414187,6.164243268,0.068187884,9.3675,2,54.67952567,0.912972711,13.69290633,0.91265821,0.63875,0.001542613,0.712281189,0.287718811,0.516547596
022A,22,LS,0,51,10C,022A,1.146,0.087483405,8.598642246,0.078716318,8.2575,3,10.85762428,0.991536991,0.888053454,0.076023983,0.65,0.001361839,0.967457962,0.032542038,0.589292635
022B,22,LS,0,76,25C,022B,1.122,0.097627478,9.615403147,0.072613459,7.9875,3,24.5395697,0.975681764,1.241599204,0.120790086,0.58,0.001423062,0.944728843,0.055271157,0.631610357
022C,22,LS,0,46,35C,022C,0.696,0.21222329,4.902956464,0.066237542,6.02,3,32.75991131,0.966321046,3.12398044,0.156471577,0.39875,0.001566677,0.920445128,0.079554872,0.683971204
022D,22,LS,0,47,45C,022D,0.786,0.077546555,3.316129616,0.102969166,6.5675,3,40.80015464,0.952727022,5.835006534,0.200491015,0.67625,0.00130309,0.891223733,0.108776267,0.512302961
022E,22,LS,0,57,55C,022E,0.768,0.102559743,5.929464604,0.093952484,5.7875,3,55.12986677,0.911934531,13.8774322,0.890741095,0.54375,0.001355128,0.577279753,0.422720247,0.358219438
023A,23,MG,0,53,10C,023A,1.245,0.045524083,4.207552063,0.0790938,9.435,1,10.67001341,0.991360289,0.823550888,0.034504757,0.74625,0.001336421,0.990015917,0.009984083,0.597420266
023B,23,MG,0.02,46,25C,023B,1.227,0.070762076,8.465222949,0.08698922,9.9725,1,23.89764188,0.976972112,1.270172084,0.108644902,0.8675,0.001284139,0.950744709,0.049255291,0.548879283
023C,23,MG,0,48.5,35C,023C,1.272,0.084287022,3.332501247,0.083432658,8.39,1,32.18482983,0.967783172,3.092059164,0.105106749,0.7,0.001392918,0.947795998,0.052204002,0.62149321
023D,23,MG,0,49,45C,023D,1.406,0.065283526,2.781994813,0.081989581,10.0775,1,40.31897309,0.954244605,5.783468233,0.166446824,0.82625,0.00131715,0.935099138,0.064900862,0.549907398
023E,23,MG,0,46,55C,023E,1.269,0.050252874,2.816767193,0.084702397,9.2825,1,55.11831039,0.912856258,14.04619295,0.427856113,0.78625,0.001355201,0.868840994,0.131159006,0.52974944
024A,24,LS,0.55,47,10C,024A,1.362,0.087295075,7.265968735,0.009146341,6.56,1,10.98738793,0.991088491,0.821526677,0.059455675,0.06,0.001516867,0.976371844,0.023628156,0.66664625
024B,24,LS,0.75,75,25C,024B,0.833,0.080451656,6.75384042,0.07306968,6.6375,1,23.93427813,0.976968709,1.282618006,0.087530222,0.485,0.001671071,0.961675335,0.038324665,0.734691623
024C,24,LS,0.7,55,35C,024C,1.032,0.066425818,3.822030407,0.097975946,8.5225,1,32.20098097,0.967802899,3.104854629,0.121042823,0.835,0.00160852,0.963299773,0.036700227,0.705541359
024D,24,LS,0.5,72,45C,024D,0.665,0.077542759,4.121555424,0.083773319,7.1025,1,40.12709944,0.954687143,5.723665987,0.243929827,0.595,0.001551661,0.922979084,0.077020916,0.649649094
024E,24,LS,0.3,55,55C,024E,1.057,0.108018896,6.268486853,0.077769626,6.815,1,55.11904737,0.912856125,14.04728682,0.952233355,0.53,0.001732156,0.756862461,0.243137539,0.615833345
025A,25,LS,0,68,10C,025A,1.088,0.100480921,5.043894222,0.090137068,8.39,4,10.51400492,0.991545349,0.837169726,0.042039492,0.75625,0.001395047,0.990198109,0.009801891,0.634527015
025B,25,LS,0,53,25C,025B,1.281,0.080876341,6.652886889,0.091570649,8.245,4,23.26503125,0.977370439,1.129317961,0.075885313,0.755,0.00133068,0.963984836,0.036015164,0.575290205
025C,25,LS,0.3,60,35C,025C,1.092,0.115617037,3.329682994,0.08225758,8.3275,4,32.72834848,0.966919521,3.233407564,0.10991667,0.685,0.001469281,0.971308307,0.028691693,0.649335937
025D,25,LS,0.4,81,45C,025D,1.191,0.065256662,2.297704187,0.116648107,8.98,4,42.07683158,0.950386383,6.506484155,0.155285477,1.0475,0.001379094,0.958553434,0.041446566,0.608918559
025E,25,LS,0,58,55C,025E,1.142,0.076543168,3.448124347,0.097629239,7.5925,4,55.23140667,0.911985539,14.0419495,0.524098514,0.74125,0.001530035,0.853024042,0.146975958,0.613029293
