,segment,int,slope,R2,Tac,Tac_sd,RH,RH_sd,mols_per_sec,TreeID,sp,lichen,apex_dist,fresh_mass,dry_mass,length_counted_lenticel,n_lenticels,lenticel_diam1,lenticel_diam2,lenticel_diam3,lenticel_diam4,lenticel_diam5,lenticel_diam6,lenticel_diam7,lenticel_diam8,lenticel_diam9,lenticel_diam10,exposed_length,total_length,basal_diam1,basal_diam2,basal_xylem_diam1,basal_xylem_diam2,basal_pith_diam1,basal_pith_diam2,distal_diam1,distal_diam2,distal_xylem_diam1,distal_xylem_diam2,distal_pith_diam1,distal_pith_diam2,treatment,sampleID,diam,wood_diam,sa,bark_thickness,vol,water_content,density,lenticel_size,LD,bark_thickness_ratio,E,deltaT,Tsc,wi,w0,deltaw,gbark,gbark_org,deltags%
1,001A,3.095530104,-0.001081318,0.99149,10.78177238,0.929781453,36.20395527,13.51862577,1.67E-08,1,CC,0.2,87,2.7745,1.7358,NA,NA,NA,NA,NA,NA,NA,NA,NA,NA,NA,NA,31.28,57.85,8.28,8.04,7.1,6.53,1.05,1.1,7.47,7.82,6.42,6.64,0.83,1.34,10C,001A,7.9025,6.6725,0.000776571,0.615,903.1759841,0.001150053,0.001921885,NA,NA,0.077823474,0.021469832,0.015217012,10.76655536,0.012762427,0.004625188,0.008137239,2.638466325,2.632031801,0.244469843
2,002A,3.811415521,-0.001663244,0.9912,10.35709998,0.523682638,33.24464975,14.35812406,2.56E-08,2,CC,0.1,71,3.5568,2.1991,65.77,4,0.78,0.63,1.13,1.43,NA,NA,NA,NA,NA,NA,37.83,65.77,9.3,8.84,7.47,7.18,1.47,1.35,7.89,7.51,6.31,6.59,0.82,0.71,10C,002A,8.385,6.8875,0.000996527,0.74875,1156.04299,0.001174437,0.001902265,0.9925,0.00725319,0.089296363,0.025734933,0.018788541,10.33831143,0.012402995,0.004128512,0.008274483,3.110156105,3.09909473,0.356922778
3,003A,4.036446374,-0.002246101,0.99633,10.90791577,0.951388684,35.66644378,14.50336662,3.46E-08,3,CC,0.85,150,3.8688,2.3785,NA,NA,NA,NA,NA,NA,NA,NA,NA,NA,NA,NA,50.19,66.63,8.45,9.34,7.15,8.34,1.05,0.75,8.03,9.44,7.71,6.75,0.79,0.73,10C,003A,8.815,7.4875,0.001389919,0.66375,1294.358128,0.001151381,0.00183759,NA,NA,0.075297788,0.024917039,0.018652028,10.88926374,0.012867094,0.004594933,0.008272161,3.012155827,3.00035204,0.393413401
4,004A,4.492209692,-0.003794944,0.99339,10.29781028,0.541214853,32.37549057,14.08407315,5.85E-08,4,LS,0.05,96,4.294,2.0829,55.28,8,1.28,1.27,1.26,1.03,0.68,0.66,0.71,0.41,NA,NA,41.13,55.28,10.47,9.46,7.99,8.87,2.15,1.97,10.59,9.45,7.7,8.94,1.85,2.57,10C,004A,9.9925,8.375,0.001291168,0.80875,1379.927777,0.00160233,0.001509427,0.9125,0.014482642,0.080935702,0.045318875,0.036118913,10.26169136,0.012339635,0.004004676,0.008334959,5.43720414,5.410691448,0.490005617
5,005A,4.890613707,-0.006521032,0.99797,11.03068969,0.79944533,36.20107679,14.66426214,1.01E-07,5,MG,0.05,92,4.6885,2.612,34.79,20,0.77,1.12,0.94,0.97,0.92,0.76,0.76,0.94,0.95,1.32,59.27,71.74,9.31,9.54,7.46,7.85,2.86,3.62,9.9,9.39,7.69,8.03,3.29,2.84,10C,005A,9.535,7.7575,0.001775438,0.88875,1630.582495,0.001273471,0.001601882,0.945,0.060291331,0.093209229,0.056632706,0.044090613,10.98659908,0.012950656,0.004702036,0.00824862,6.865719299,6.816082724,0.728227297
6,006A,2.99883041,-0.005144138,0.99059,10.84909386,0.504535795,31.86815423,15.65434487,7.93E-08,6,MG,0,52,2.8853,1.5558,28.24,15,0.76,1.32,1.01,1.3,1.23,1.37,1.26,0.82,0.9,0.94,61.47,79.11,7.44,7.39,6.46,6.11,3.78,2.62,7.24,6.87,5.94,5.91,2.7,3.29,10C,006A,7.235,6.105,0.001397178,0.565,1035.257687,0.001284221,0.001502814,1.091,0.073415546,0.078092605,0.05676981,0.038499508,10.81059435,0.012799905,0.00408956,0.008710345,6.517515733,6.480745694,0.567373582
7,007A,2.031533317,-0.007450809,0.99571,10.85644679,0.882710638,36.58835131,13.70778586,1.15E-07,7,TD,0.2,67.8,1.9653,0.9614,55.82,13,1.6,1.89,1.49,1.34,1.23,1.24,1.2,1.73,1.28,1.4,40.53,55.82,7.13,7.26,6.02,6.09,0.71,0.59,6.63,6.97,5.55,5.12,0.94,0.84,10C,007A,6.9975,5.695,0.000890983,0.65125,683.3066622,0.001469179,0.001406982,1.44,0.033282092,0.093068953,0.128940852,0.085996438,10.77045035,0.012765738,0.004697589,0.008068149,15.98146632,15.81946581,1.02405803
8,008A,3.077048223,-0.006083378,0.99778,11.21274917,0.585695029,35.93131924,16.27166364,9.38E-08,8,MG,0,38,2.9115,1.4639,71.67,26,1.18,1.02,0.86,0.84,0.72,0.88,1.03,1.42,1.32,0.95,59.76,71.67,7.97,7.37,5.92,5.64,2.96,2.68,6.74,7.29,5.13,5.62,3.33,3.03,10C,008A,7.3425,5.5775,0.001378493,0.8825,965.9737472,0.001498591,0.001515466,1.022,0.049407399,0.120190671,0.068045099,0.046487619,11.16626155,0.01310615,0.004723765,0.008382385,8.117630116,8.066932951,0.628456506
9,009A,3.289522469,-0.003647685,0.99593,11.24009543,0.601388292,37.05731532,16.42416366,5.62E-08,9,TD,0.2,86,3.1465,1.5351,30.69,10,0.99,0.73,1.35,1.24,1.02,0.89,1.3,1.19,1.17,1.29,43.7,60.56,8.82,8.63,7.11,7.03,1.84,2,7.63,7.69,6.44,6.48,1.67,1.75,10C,009A,8.1925,6.765,0.001124729,0.71375,1016.152232,0.001585786,0.001510699,1.117,0.039772845,0.087122368,0.050006451,0.036087162,11.20400827,0.013139027,0.004880643,0.008258383,6.055234842,6.022082772,0.550508375
10,010A,2.280379358,-0.003426539,0.99546,10.88005432,0.496709549,31.03533867,15.32637035,5.28E-08,10,TD,0.15,67,2.1287,1.1744,35.8,13,1.59,0.93,2.19,1.04,1.23,1.4,1.34,0.91,0.77,1.07,56.12,72.45,6.86,6.62,5.94,5.4,0.61,0.69,6.51,6.57,5.15,5.42,1.12,1.16,10C,010A,6.64,5.4775,0.001170673,0.58125,798.57288,0.001195007,0.001470623,1.247,0.054688026,0.087537651,0.045131171,0.029321022,10.8507333,0.012834148,0.0039909,0.008843248,5.103461193,5.077192466,0.517386866
11,011A,3.20608469,-0.002194548,0.98909,10.24989453,0.554695318,31.78466,13.81168024,3.38E-08,11,TD,0,112,3.0076,1.3207,NA,NA,NA,NA,NA,NA,NA,NA,NA,NA,NA,NA,33.91,46.47,9.06,9.54,8.4,8.09,0.95,0.56,9.15,9.65,8.56,8.25,0.77,0.64,10C,011A,9.35,8.325,0.000996069,0.5125,1015.630894,0.001660938,0.001300374,NA,NA,0.054812834,0.033971302,0.026190059,10.22370447,0.012308328,0.003919018,0.00838931,4.04935605,4.034483974,0.368623995
12,012A,2.39724218,-0.00409197,0.99714,10.74341919,1.103107717,34.94683852,14.25737992,6.31E-08,12,TD,0.15,70,2.2364,1.0873,48.32,6,0.83,1.05,0.99,1.41,1.38,1.36,NA,NA,NA,NA,34.41,48.32,8.3,7.9,6.51,6.22,1.19,1.21,7.89,7.5,6.22,6.61,0.75,1.02,10C,012A,7.8975,6.39,0.000853737,0.75375,753.4357155,0.001525147,0.001443122,1.17,0.015722974,0.095441595,0.073903455,0.052363423,10.69105577,0.012698401,0.004453198,0.008245203,8.963205878,8.904373192,0.660716759
13,013A,3.596830089,-0.001859694,0.99284,10.21058253,0.56656911,31.33325286,13.59942893,2.87E-08,13,MG,0,57,3.4062,1.7524,22.17,10,1.03,0.92,0.76,0.98,0.81,0.91,0.87,0.74,0.86,0.84,54.48,65.91,8.54,8.98,6.26,7.47,3.84,3.26,8.68,8.06,6.37,7.15,2.97,3.98,10C,013A,8.565,6.8125,0.001465934,0.87625,1208.77663,0.00136816,0.00144973,0.872,0.052663163,0.102305896,0.019560661,0.014433302,10.19614923,0.012285662,0.003853216,0.008432446,2.319690017,2.314204626,0.237031373
14,014A,5.585282986,-0.003828101,0.99542,11.22398774,0.592783244,36.39999447,16.35327508,5.90E-08,14,CC,0.15,117,5.4145,3.3308,NA,NA,NA,NA,NA,NA,NA,NA,NA,NA,NA,NA,64.77,82.69,8.8,9.35,7.46,7.16,1.71,2.23,8.53,8.69,7.47,7.51,4.72,4.38,10C,014A,8.8425,7.4,0.00179928,0.72125,1616.37877,0.001289116,0.002060656,NA,NA,0.081566299,0.032805074,0.024595011,11.19939273,0.013135003,0.00478895,0.008346053,3.930609459,3.914536815,0.410588654
15,015A,4.771583166,-0.002577461,0.99789,10.80747645,0.506327036,32.84045685,15.98212681,3.97E-08,15,CC,0.2,105,4.6441,2.929,NA,NA,NA,NA,NA,NA,NA,NA,NA,NA,NA,NA,70.9,94.1,8.07,8.53,7.18,7.53,1.42,1.19,7.56,7.73,7.49,6.29,1.29,1.06,10C,015A,7.9725,7.1225,0.001775786,0.425,1495.266791,0.001147019,0.001958848,NA,NA,0.053308247,0.022379887,0.015932122,10.79154433,0.012783681,0.004202675,0.008581006,2.608072515,2.600761616,0.281106079
16,016A,5.560691142,-0.005893106,0.99428,11.05963482,0.711712929,37.69740305,14.16120817,9.09E-08,16,PE,0,56.5,5.4315,2.544,NA,NA,NA,NA,NA,NA,NA,NA,NA,NA,NA,NA,53.74,72.93,9.49,9.26,7.03,7.42,1.6,1.01,9.78,9.24,6.86,6.89,0.73,0.55,10C,016A,9.4425,7.05,0.00159417,1.19625,1625.6244,0.001776241,0.001564937,NA,NA,0.126687847,0.05699887,0.044159913,11.01547491,0.012975537,0.004905815,0.008069722,7.063300569,7.014585755,0.694478843
17,017A,6.441999116,-0.004064784,0.99093,11.19878711,0.574634854,35.38139976,16.06448731,6.27E-08,17,PE,0,93,6.2997,3.0469,NA,NA,NA,NA,NA,NA,NA,NA,NA,NA,NA,NA,53.25,72.75,10.78,9.69,7.98,9.33,1.08,0.77,10.88,10.24,8.77,8.5,1.84,1.74,10C,017A,10.3975,8.645,0.001739396,0.87625,1966.214364,0.001654347,0.001549628,NA,NA,0.084275066,0.036032596,0.029293987,11.16949313,0.013108962,0.004647161,0.0084618,4.258265817,4.239569209,0.441002542
18,018A,5.341503111,-0.003922903,0.99156,10.83019252,0.50680053,32.33065333,15.8199169,6.05E-08,18,PE,0,70,5.0871,2.6189,NA,NA,NA,NA,NA,NA,NA,NA,NA,NA,NA,NA,66.78,84.69,8.03,8.88,6.92,6.93,1.64,1.74,7.77,8.06,6.58,5.72,1.26,1.15,10C,018A,8.185,6.5375,0.001717177,0.82375,1418.435229,0.001740087,0.00184633,NA,NA,0.100641417,0.035224843,0.025408374,10.80478414,0.012794955,0.004143695,0.00865126,4.071643248,4.054962793,0.411359015
19,019A,5.586750039,-0.00414486,0.98988,10.62280091,1.187255104,34.4270257,14.04422925,6.39E-08,19,PE,0,72,5.4003,2.4265,NA,NA,NA,NA,NA,NA,NA,NA,NA,NA,NA,NA,65.98,79.9,9.48,9.12,6.93,7.39,1.61,1.81,9.37,9.02,7.48,6.95,1.62,2.19,10C,019A,9.2475,7.1875,0.001916843,1.03,1708.187219,0.00174091,0.001420512,NA,NA,0.111381454,0.03334109,0.025562919,10.597238,0.012619235,0.004351838,0.008267396,4.03284055,4.019350477,0.335628184
20,020A,2.989520508,-0.003421621,0.99736,10.17942412,0.569927386,30.92125126,13.39415387,5.28E-08,20,PE,0,69,2.8011,1.2166,NA,NA,NA,NA,NA,NA,NA,NA,NA,NA,NA,NA,64.05,78.42,6.53,6.43,5.18,5.38,0.87,1.12,6.54,6.26,4.87,5.52,1.34,1.06,10C,020A,6.44,5.2375,0.00129585,0.60125,813.089928,0.001948739,0.001496267,NA,NA,0.093361801,0.040713033,0.026049228,10.15337489,0.012250551,0.003794632,0.008455919,4.814737935,4.798424942,0.339965576
21,021A,4.885889765,-0.005789003,0.99144,11.27872628,0.618106748,38.53762495,16.52398511,8.93E-08,21,LS,0,55,4.6537,2.3176,41.11,24,1.3,1.29,1.59,1.13,1.65,1.55,0.94,0.89,0.6,1.43,65.51,80.97,9.12,8.77,7.33,7.25,3.24,2.09,8.2,8.44,6.66,6.83,2.26,2.07,10C,021A,8.6325,7.0175,0.001776618,0.8075,1508.472239,0.001548653,0.001536389,1.237,0.067628099,0.093541848,0.050241913,0.037217992,11.24150829,0.013171761,0.005088631,0.00808313,6.215651041,6.177501127,0.617562235
22,022A,2.230407718,-0.00399452,0.99532,10.85762428,0.502920227,31.64882586,15.57277635,6.16E-08,22,LS,0,51,2.0467,1.0357,19.38,14,1.18,0.96,1.3,1.14,1.19,1.1,0.82,1.12,1.28,1.37,31.23,43.55,8.24,8.12,6.97,6.92,2.29,2.09,8.35,8.32,7.03,6.91,2.33,1.92,10C,022A,8.2575,6.9575,0.000810159,0.65,742.3784093,0.001361839,0.001395111,1.146,0.087483405,0.078716318,0.076023983,0.055079931,10.80254435,0.012793047,0.00406372,0.008729327,8.709031769,8.644929393,0.741502597
23,023A,4.519470153,-0.003173258,0.99322,10.67001341,0.991352902,35.72475075,13.18934244,4.89E-08,23,MG,0,53,4.2895,2.2162,25.61,11,1.24,1.72,1.2,1.42,1.12,0.83,0.99,1.32,1.07,1.54,47.84,69.71,9.71,9.64,8.16,8.14,3.1,2.83,8.73,9.66,7.44,8.03,2.98,2.77,10C,023A,9.435,7.9425,0.001418022,0.74625,1551.382544,0.001336421,0.001428532,1.245,0.045524083,0.0790938,0.034504757,0.026721965,10.64329144,0.012658041,0.004530115,0.008127926,4.245210398,4.230920417,0.337751118
24,024A,2.920112262,-0.004210198,0.99232,10.98738793,0.781724148,37.29864838,14.00939462,6.49E-08,24,LS,0.55,47,2.7452,1.3274,27.94,16,0.97,1.21,1.05,1.36,1.5,1.72,1.37,1.6,1.48,1.36,52.98,86.88,6.8,6.92,5.51,5.27,1.31,2.07,6.36,6.16,9.87,5.11,1.48,1.02,10C,024A,6.56,6.44,0.001091857,0.06,934.689792,0.001516867,0.00142015,1.362,0.087295075,0.009146341,0.059455675,0.038394031,10.9489939,0.012918316,0.004830673,0.008087643,7.351422033,7.308430081,0.588251533
25,025A,3.130518317,-0.003471761,0.99325,10.51400492,1.248749128,33.96489173,13.82920795,5.35E-08,25,LS,0,68,2.9914,1.5427,24.91,21,1.05,1.57,1.05,1.22,0.9,0.96,1.02,0.88,1.13,1.1,48.31,59.01,8.51,8.41,6.81,6.78,0.84,2.61,8.65,7.99,6.61,7.31,1.57,1.97,10C,025A,8.39,6.8775,0.001273353,0.75625,1038.459455,0.001395047,0.001485566,1.088,0.100480921,0.090137068,0.042039492,0.03070131,10.48330361,0.012523678,0.004262378,0.0082613,5.088726062,5.07092927,0.350957212
26,001B,4.120241937,-0.00397075,0.99129,23.91111273,0.249964011,57.095972,1.608524925,6.12E-08,1,CC,0.85,77.5,3.9325,2.3894,NA,NA,NA,NA,NA,NA,NA,NA,NA,NA,NA,NA,44.18,63.24,9.88,10.15,8.58,8.72,0.89,0.83,8.61,8.65,7.29,7.49,0.97,0.9,25C,001B,9.3225,8.02,0.001293922,0.65125,1374.031389,0.001123046,0.00173897,NA,NA,0.069857871,0.047317418,0.009097237,23.90201549,0.029302114,0.016739478,0.012562636,3.766519857,3.749070875,0.465421503
27,002B,3.699969413,-0.004020933,0.99966,25.35214805,0.658676204,56.78724403,1.599097337,6.20E-08,2,CC,0.1,127,3.177,2.2163,58.72,8,0.78,1.36,0.9,1.44,0.79,0.5,0.83,1.08,NA,NA,42.82,58.72,8.69,8.72,7.43,7.34,1.08,1.12,8.75,8.64,7.11,7.36,0.7,1.11,25C,002B,8.7,7.31,0.00117035,0.695,1111.1292,0.000864616,0.001994638,0.96,0.015659745,0.079885057,0.052974578,0.009838965,25.34230909,0.031936959,0.018146731,0.013790228,3.841457655,3.818533027,0.600351702
28,003B,5.288311682,-0.009435712,0.99845,23.3462038,0.296635624,60.94963304,2.446507092,1.45E-07,3,CC,0,145,5.1054,3.0339,NA,NA,NA,NA,NA,NA,NA,NA,NA,NA,NA,NA,57.2,69.08,10.4,11.18,9.66,9.45,1.42,1.29,9.75,8.66,8.88,7.74,0.97,0.77,25C,003B,9.9975,8.9325,0.001796542,0.5325,1726.136608,0.001200079,0.001757625,NA,NA,0.053263316,0.080983001,0.016123594,23.3300802,0.028309701,0.017271463,0.011038238,7.336587582,7.291250553,0.621800453
29,004B,3.06782388,-0.005881341,0.99751,25.2672381,0.691584263,56.87243429,1.556952664,9.07E-08,4,LS,0.05,84,2.866,1.5219,51.65,7,1.27,1.44,1.07,0.91,0.96,0.67,1.13,NA,NA,NA,35.01,51.65,9.21,8.24,6.84,7.59,1.67,1.14,8.48,8.66,6.97,7.37,1.25,1.27,25C,004B,8.6475,7.1925,0.000951114,0.7275,965.5871463,0.001392003,0.001576139,1.064285714,0.015672459,0.084128361,0.095345524,0.017655007,25.24958309,0.031761312,0.018082414,0.013678898,6.970263624,6.920553845,0.718291919
30,005B,2.968599654,-0.006288668,0.99746,23.35853026,0.295709217,60.92804605,2.492132582,9.70E-08,5,MG,0,82,2.7421,1.4778,30.86,10,0.81,0.99,0.76,1.01,0.96,0.89,1.11,0.79,1.08,0.69,56.14,69.95,7.83,7.65,6.66,6.48,1.22,2.59,7.82,7.39,6.05,6.15,2.85,3.54,25C,005B,7.6725,6.335,0.001353191,0.66875,1029.441144,0.001228142,0.001435536,0.909,0.042234483,0.087161942,0.071656566,0.012498179,23.34603208,0.028336977,0.017278197,0.01105878,6.479608505,6.443080179,0.566938871
31,006B,2.764174785,-0.00368972,0.99796,24.53488,0.232653591,59.79514042,1.464866265,5.69E-08,6,MG,0,54,2.6445,1.4346,30.76,19,0.74,0.79,0.72,0.61,0.88,0.94,1.08,1.05,0.8,0.85,56.11,72.61,7.75,7.05,5.77,6.1,2.28,3.14,7.56,6.93,5.85,6.04,2.53,3.26,25C,006B,7.3225,5.94,0.001290772,0.69125,973.319011,0.001243066,0.001473926,0.846,0.084354429,0.094400819,0.044075818,0.007510215,24.52736979,0.030421848,0.018198961,0.012222886,3.606007309,3.590166568,0.441225796
32,007B,2.907654131,-0.005742014,0.99979,23.928466,0.25579288,56.9451682,1.610553126,8.85E-08,7,TD,0.1,74,2.7968,1.2904,NA,NA,NA,NA,NA,NA,NA,NA,NA,NA,NA,NA,47.95,63.32,7.58,7.9,6.33,6.3,0.66,0.59,7.13,7.68,5.75,5.93,0.87,0.71,25C,007B,7.5725,6.0775,0.001140717,0.7475,907.7358314,0.001659514,0.001421559,NA,NA,0.098712446,0.077614521,0.013448843,23.91501716,0.029325023,0.016712687,0.012612336,6.153857873,6.121608158,0.526817695
33,008B,4.239916443,-0.006834551,0.99988,23.73020965,0.17343767,61.77603974,1.975548804,1.05E-07,8,MG,0.2,42,4.0117,2.1196,30.76,16,1.13,1.2,0.99,1,2.09,1.41,1.27,1.37,1.12,1.27,43.67,61.77,9.4,9.46,7.52,7.22,2.62,2.73,9.24,8.7,7.41,6.61,1.62,1.61,25C,008B,9.2,7.19,0.001262179,1.005,1307.0532,0.001447607,0.001621663,1.285,0.056538701,0.10923913,0.083492137,0.015946368,23.71426328,0.028973033,0.017915581,0.011057452,7.550757276,7.506826742,0.585207778
34,009B,2.700457434,-0.00575729,0.99956,23.73456604,0.179127221,61.59437396,1.929704228,8.88E-08,9,TD,0.2,61,2.5838,1.27,72.9,10,1.5,1.89,1.63,2.29,0.7,0.6,1,0.77,0.84,1.09,46.61,72.9,7.94,7.19,6.6,6.02,1.02,0.52,6.99,6.28,6.78,5.06,0.53,0.64,25C,009B,7.1,6.115,0.00103965,0.4925,918.72225,0.00143003,0.001382355,1.231,0.019320311,0.069366197,0.085386123,0.014326456,23.72023958,0.028983458,0.017867581,0.011115877,7.681456074,7.638664379,0.560198654
35,010B,1.850577404,-0.006915454,0.99984,24.53175686,0.225768499,59.77907088,1.414689053,1.07E-07,10,TD,0.1,44,1.746,0.7812,29.54,5,1.26,1.05,0.81,1.54,1.34,1.13,1.81,1.98,1.31,1.39,34.66,55.49,6.33,6.81,6.07,5.23,0.8,0.78,6.51,6.09,4.9,5.36,0.42,0.55,25C,010B,6.435,5.39,0.000700692,0.5225,574.4494738,0.001679521,0.001359911,1.362,0.026303344,0.081196581,0.152177419,0.024307863,24.507449,0.030385611,0.018190672,0.012194939,12.47873515,12.39328069,0.689522509
36,011B,4.213548981,-0.00590757,0.99931,25.21858333,0.721592901,56.90390089,1.563124558,9.11E-08,11,TD,0.02,107,4.0275,1.978,NA,NA,NA,NA,NA,NA,NA,NA,NA,NA,NA,NA,41.53,54.97,11.21,10.18,8.72,9.71,1.48,1.27,9.11,9.97,8.22,7.55,1.08,0.69,25C,011B,10.1175,8.55,0.001320034,0.78375,1406.734607,0.00145692,0.001406093,NA,NA,0.077464789,0.069004964,0.013820992,25.20476234,0.031676713,0.018040118,0.013636595,5.060278263,5.026166958,0.678674331
37,012B,4.93970032,-0.009417296,0.99886,23.32133256,0.306431725,60.82134907,2.425042744,1.45E-07,12,TD,0,75,4.7092,2.1133,72.02,8,0.84,2.08,1.05,0.88,0.99,1.2,1.34,0.97,NA,NA,48.28,72.02,9.39,9.92,7.94,8.41,0.82,0.82,8.94,8.54,7.16,7.64,1.21,1.23,25C,012B,9.1975,7.7875,0.001395041,0.705,1523.115083,0.001704336,0.001387485,1.16875,0.012077223,0.076651264,0.10408683,0.019877097,23.30145546,0.028260812,0.01720925,0.011051562,9.418291247,9.355295213,0.673373021
38,013B,4.026258182,-0.005442287,0.99138,25.14360104,0.757215595,56.98866542,1.549930744,8.39E-08,13,MG,0.05,24,3.8798,1.8077,19.88,15,1.26,0.95,0.77,0.98,0.76,0.59,0.62,0.98,1.06,1.07,51.75,66.45,8.61,9.06,6.91,7.25,0.92,1.02,8.59,8.31,6.67,6.9,0.99,0.75,25C,013B,8.6425,6.9325,0.001405075,0.855,1240.834244,0.001669925,0.001456842,0.904,0.087304271,0.098929708,0.059722547,0.011055549,25.13254549,0.031540816,0.017986527,0.013554289,4.406173458,4.37751171,0.654749773
39,014B,2.981593334,-0.003387566,0.99952,23.73254545,0.176145828,61.69061027,1.958455577,5.22E-08,14,CC,0.03,81,2.8258,1.7251,NA,NA,NA,NA,NA,NA,NA,NA,NA,NA,NA,NA,49.81,65.77,8.14,8.27,7.25,7.04,2.33,2.76,7.05,7.46,6.45,6.44,2.05,2.55,25C,014B,7.73,6.795,0.001209612,0.4675,982.4870583,0.00112032,0.00175585,NA,NA,0.060478655,0.04318156,0.007559801,23.72498565,0.028991739,0.017893321,0.011098418,3.89078508,3.873245322,0.452843973
40,015B,4.124284182,-0.003144718,0.99871,24.5279186,0.244346631,59.8248157,1.553489304,4.85E-08,15,CC,0.5,86,3.8981,2.3239,NA,NA,NA,NA,NA,NA,NA,NA,NA,NA,NA,NA,48.49,80.87,7.93,8.61,7.06,6.13,0.92,1.16,7.75,7.75,6.35,7.03,0.56,0.68,25C,015B,8.01,6.6425,0.00122021,0.68375,1297.156822,0.001213577,0.001791534,NA,NA,0.085362047,0.039737781,0.007081775,24.52083683,0.03040996,0.018200412,0.012209548,3.254647987,3.240347371,0.441329721
41,016B,3.995417564,-0.006516781,0.99955,23.93834624,0.262635572,56.86839613,1.644553827,1.00E-07,16,PE,0,36,3.8003,1.8183,NA,NA,NA,NA,NA,NA,NA,NA,NA,NA,NA,NA,44.07,66.21,7.85,8.28,5.96,6.42,1.49,1.32,8.82,7.67,1.69,6.01,1.34,0.76,25C,016B,8.155,5.02,0.00112906,1.5675,1100.807874,0.001800496,0.001651787,NA,NA,0.192213366,0.088996458,0.016003206,23.92234303,0.029337938,0.016700069,0.012637869,7.042046134,7.002505498,0.564664119
42,017B,5.132392849,-0.004236245,0.99933,23.72337769,0.170660591,61.87972488,1.965443592,6.53E-08,17,PE,0,64,4.9996,2.4733,NA,NA,NA,NA,NA,NA,NA,NA,NA,NA,NA,NA,56.8,74.38,9,8.76,7.07,7.2,1.78,1.29,8.63,9.33,7.63,7.13,1.69,1.51,25C,017B,8.93,7.2575,0.001593491,0.83625,1482.856416,0.001703671,0.00166793,NA,NA,0.093645017,0.040990937,0.007713223,23.71566446,0.028975477,0.017938272,0.011037205,3.713887572,3.697097707,0.454136361
43,018B,5.306780745,-0.007824815,0.99248,24.53123516,0.238504691,59.77886429,1.526435634,1.21E-07,18,PE,0,66,5.1429,2.5407,NA,NA,NA,NA,NA,NA,NA,NA,NA,NA,NA,NA,76.13,91.52,8.62,8.39,7.11,6.95,1.42,1.44,7.68,7.78,6.29,6.4,1.03,1.33,25C,018B,8.1175,6.6875,0.001941458,0.715,1507.650287,0.001725997,0.001685205,NA,NA,0.088081306,0.062144477,0.011149002,24.52008616,0.030408594,0.018190041,0.012218553,5.086074944,5.060811386,0.499199754
44,019B,3.557630351,-0.003593048,0.99821,23.30020222,0.315281874,60.71237567,2.42485473,5.54E-08,19,PE,0,58,3.4063,1.5651,NA,NA,NA,NA,NA,NA,NA,NA,NA,NA,NA,NA,60.94,72.82,7.18,7.7,5.87,5.51,1.16,0.97,7.49,7.54,5.23,5.58,0.52,0.68,25C,019B,7.4775,5.5475,0.001431557,0.965,1017.896279,0.001808829,0.001537583,NA,NA,0.129053828,0.038699979,0.006663635,23.29353859,0.028247304,0.017156512,0.011090792,3.489379151,3.473465737,0.458142248
45,020B,2.981502935,-0.00851016,0.99797,25.090456,0.78668146,57.0423928,1.541302746,1.31E-07,20,PE,0.15,72,2.8229,1.1983,NA,NA,NA,NA,NA,NA,NA,NA,NA,NA,NA,NA,56.76,67.38,7.4,6.7,5.46,5.85,1.19,1.23,6.67,6.94,5.51,5.48,0.9,0.85,25C,020B,6.9275,5.575,0.00123529,0.67625,808.3958665,0.002009659,0.001482318,NA,NA,0.097618188,0.10622467,0.017604997,25.072851,0.031428868,0.017946591,0.013482277,7.878837259,7.819536166,0.758370979
46,021B,3.570095863,-0.009281748,0.99934,23.74197917,0.186645009,61.362985,1.880366892,1.43E-07,21,LS,0,61,3.3606,1.617,26.87,9,1.41,1.62,1.19,1.18,1.65,1.42,1.13,1.45,1.14,1.23,43.84,56.69,9.35,9.02,7.8,7.88,3.13,2.48,8.78,9.06,7.48,7.64,2.6,2.14,25C,021B,9.0525,7.7,0.001246777,0.67625,1161.404575,0.001501286,0.00139228,1.342,0.037000391,0.074703121,0.114788213,0.021747225,23.72023194,0.028983445,0.017808402,0.011175043,10.27183678,10.20270447,0.677588087
47,022B,2.785837195,-0.00838603,0.99985,24.5395697,0.230972275,59.75925687,1.464818276,1.29E-07,22,LS,0,76,2.6208,1.3706,26.93,21,1.02,1.18,1.03,1.02,1.12,1.41,1.13,1.07,1,1.24,42.66,55.08,8.04,7.97,6.92,6.85,1.68,1.51,8.04,7.9,6.71,6.83,1.42,1.23,25C,022B,7.9875,6.8275,0.001070487,0.58,878.5281516,0.001423062,0.001560109,1.122,0.097627478,0.072613459,0.120790086,0.021496067,24.51807363,0.030404933,0.018193143,0.01221179,9.891268053,9.827352838,0.65038079
48,023B,5.147737996,-0.011353331,0.99507,23.89764188,0.248345145,57.22183513,1.638450553,1.75E-07,23,MG,0.02,46,4.8368,2.5406,34.01,24,1.55,1.47,1.14,0.99,1.14,1.31,1.08,1.12,1.55,0.92,51.43,71.92,10.26,11.11,9.26,8.45,2.24,1.36,9.4,9.12,7.82,7.42,2.42,2.41,25C,023B,9.9725,8.2375,0.001611278,0.8675,1788.124597,0.001284139,0.001420818,1.227,0.070762076,0.08698922,0.108644902,0.021603975,23.87603791,0.029256388,0.0167628,0.012493589,8.696052377,8.640418222,0.643882664
49,024B,2.893532277,-0.006948548,0.99953,23.93427813,0.2594696,56.89803688,1.626865793,1.07E-07,24,LS,0.75,75,2.7463,1.2851,28.09,15,1.51,0.85,0.76,0.51,0.89,0.86,0.74,0.98,0.76,0.47,58.7,79.39,6.55,6.85,5.94,5.75,1.97,1.53,6.72,6.43,5.37,5.61,1.94,1.4,25C,024B,6.6375,5.6675,0.001224031,0.485,874.409523,0.001671071,0.001469677,0.833,0.080451656,0.07306968,0.087530222,0.014199812,23.92007831,0.029333945,0.016704689,0.012629256,6.93075031,6.893640258,0.538323014
50,025B,2.062834271,-0.004229784,0.99863,23.26503125,0.334639673,60.48651969,2.509011707,6.52E-08,25,LS,0,53,1.9517,1.0021,41.99,28,1.23,1.26,1.2,1.9,1.25,1.35,1.22,1,1.12,1.28,33.18,41.99,8.24,8.3,6.43,6.67,1.72,1.94,8.31,8.13,6.96,6.88,2.51,1.69,25C,025B,8.245,6.735,0.000859443,0.755,713.6203124,0.00133068,0.001404248,1.281,0.080876341,0.091570649,0.075885313,0.013720671,23.25131058,0.028175347,0.017056418,0.011118929,6.824876039,6.787811549,0.546044771
51,001C,3.770133874,-0.004670229,0.99918,32.19708546,0.143225809,35.62778056,0.685883122,7.20E-08,1,CC,0.7,99.8,3.2246,2.2377,NA,NA,NA,NA,NA,NA,NA,NA,NA,NA,NA,NA,39.28,61.59,8.06,8.48,7.19,6.78,1.69,1.63,7.92,8.14,6.6,6.59,1.08,0.79,35C,001C,8.15,6.79,0.001005724,0.68,1022.740444,0.000964956,0.002187945,NA,NA,0.083435583,0.071600438,0.012757125,32.18432834,0.047475951,0.016926817,0.030549134,2.343779608,2.333907204,0.422998994
52,002C,3.959110572,-0.007027632,0.99908,33.94501488,0.955155308,33.70733,1.638123149,1.08E-07,2,CC,0.2,135,3.6661,2.2152,55.86,1,0.86,NA,NA,NA,NA,NA,NA,NA,NA,NA,33.3,55.86,9.09,9.08,7.67,8.28,0.96,1,9.58,8.85,7.67,8.22,1.54,1.47,35C,002C,9.15,7.96,0.000957228,0.595,1169.184713,0.00124095,0.001894654,0.86,0.001956492,0.065027322,0.113201002,0.02137072,33.92364415,0.052342598,0.017664322,0.034678276,3.264320356,3.240503689,0.734968057
53,003C,7.519578182,-0.012654942,0.99922,33.05233827,0.998766858,35.19220111,1.838221897,1.95E-07,3,CC,0.25,125,7.3053,4.4703,NA,NA,NA,NA,NA,NA,NA,NA,NA,NA,NA,NA,75.46,93.71,11.38,10.81,9.27,10.11,1.89,2.28,9.87,10.47,8.35,8.47,1.49,1.94,35C,003C,10.6325,9.05,0.002520589,0.79125,2648.480193,0.001070425,0.001687874,NA,NA,0.074418058,0.077413118,0.015753991,33.03658428,0.049809123,0.017544428,0.032264694,2.399313552,2.382308279,0.713814965
54,004C,3.478866474,-0.010589635,0.99882,33.90519386,0.970364824,33.74293735,1.620454886,1.63E-07,4,LS,0.3,41,3.2507,1.5206,66.46,10,1.61,0.99,0.67,0.98,1.48,1.09,0.52,0.85,1.2,0.35,48.13,66.46,7.88,8.45,6.21,6.25,2.24,2.91,7.53,6.96,5.76,5.87,1.42,2.15,35C,004C,7.705,6.0225,0.001165033,0.84125,986.3831204,0.001753984,0.001541592,0.974,0.019528416,0.109182349,0.140151931,0.024279724,33.88091413,0.052218047,0.017643772,0.034574274,4.053647807,4.022922878,0.763746409
55,005C,3.439055517,-0.014228472,0.98977,33.19117333,0.902589026,35.11736387,1.888557614,2.19E-07,5,MG,0,57,3.2831,1.809,36.15,11,0.79,0.9,0.83,0.72,0.64,0.86,0.45,0.9,0.62,1.11,68.7,84.88,7.5,7.44,6.17,5.34,2.6,2.71,7.47,7.44,6.01,6.03,3.09,2.48,35C,005C,7.4625,5.8875,0.001610612,0.7875,1181.718591,0.001247421,0.001530821,0.782,0.04077557,0.105527638,0.13621464,0.02322332,33.16795001,0.050177461,0.017643955,0.032533506,4.186903185,4.155659898,0.751824927
56,006C,3.63859266,-0.011335587,0.99848,32.80954144,0.887026705,37.19915258,1.431712917,1.75E-07,6,MG,0,40,3.4425,1.8523,41.29,26,1.03,0.97,1.38,0.9,1.2,1.25,1.8,1.18,0.93,1.27,57.25,71.93,8.04,8.38,6.9,6.78,2.2,3.73,8.47,8.1,6.85,7.3,2.81,3.46,35C,006C,8.2475,6.9575,0.001483364,0.645,1223.192241,0.001300041,0.001514316,1.191,0.07634949,0.078205517,0.117829169,0.02111895,32.78842249,0.049119696,0.018293815,0.030825881,3.822410444,3.795392812,0.71185338
57,007C,5.31700296,-0.011903099,0.99502,32.20041402,0.146642737,35.57316863,0.666112503,1.84E-07,7,TD,0,117,5.1752,2.5046,62.54,13,1.31,1.4,1.52,1.63,2.03,1.6,1.94,1.81,1.08,1.66,43.83,62.54,10.49,11.08,8.63,8.13,0.82,1.27,9.61,10.27,8.94,8.38,0.98,0.77,35C,007C,10.3625,8.52,0.001426875,0.92125,1678.908287,0.001590677,0.001491803,1.598,0.020059538,0.088902292,0.128626559,0.025841711,32.17457231,0.047449801,0.016904047,0.030545754,4.210947216,4.188402599,0.538262893
58,008C,5.087202395,-0.01663812,0.99753,33.6623727,0.466331761,35.21606583,1.575097381,2.57E-07,8,MG,0,42,4.9416,2.4917,31.74,16,1.03,1.29,1.39,1.1,1.32,1.45,1.3,1.26,1.49,1.09,56.23,72.41,10.34,9.65,7.49,7.68,2.93,3.11,9.8,9.85,8.28,7.92,2.94,3.05,35C,008C,9.91,7.8425,0.001750619,1.03375,1777.81213,0.001378042,0.001401554,1.272,0.050867384,0.104313824,0.146544366,0.0287915,33.6335812,0.051502148,0.018166223,0.033335925,4.3959892,4.367456864,0.653294054
59,009C,1.380619275,-0.008524297,0.99847,33.74141118,0.435354854,34.94025167,1.455548639,1.31E-07,9,TD,0.2,63,1.236,0.5515,39.02,3,1.5,1.53,1.62,NA,NA,NA,NA,NA,NA,NA,27.65,39.02,6.35,6.18,4.98,4.54,0.78,0.76,6.5,6.04,5.23,4.68,1.24,1.33,35C,009C,6.2675,4.8575,0.000544427,0.705,383.1915812,0.001786313,0.001439228,1.55,0.012267036,0.112485042,0.241421355,0.037720826,33.70369035,0.051704207,0.018103664,0.033600543,7.18504325,7.133917288,0.716660426
60,010C,1.65422389,-0.00580216,0.99805,32.68141087,0.993003806,37.3456165,1.49364539,8.95E-08,10,TD,0.08,58,1.4469,0.75,54.13,11,2.41,1.68,1.63,1.58,1.81,1.38,1.02,1.58,1.24,1.62,36.96,54.13,6.43,6.64,5.17,5.21,1.46,1.85,6.25,6.27,5.48,5.36,1.27,1.28,35C,010C,6.3975,5.305,0.000742835,0.54625,553.8582446,0.001258264,0.001354137,1.595,0.031764671,0.085384916,0.120435365,0.01901155,32.66239932,0.048772769,0.018233986,0.030538783,3.943685793,3.914776627,0.738462721
61,011C,2.831807768,-0.005292444,0.99714,33.57036946,1.42307348,34.16802826,2.113314228,8.16E-08,11,TD,0,80,2.5886,1.1167,NA,NA,NA,NA,NA,NA,NA,NA,NA,NA,NA,NA,38.79,60.05,7.57,7.68,6.69,4.97,1.01,0.81,7.93,7.33,6.04,6.85,0.56,0.76,35C,011C,7.6275,6.1375,0.000929505,0.745,873.4085782,0.001685236,0.001278554,NA,NA,0.097672894,0.087793209,0.015132489,33.55523697,0.051277165,0.017535222,0.033741943,2.601901371,2.577682187,0.939572152
62,012C,4.583204943,-0.018883995,0.99841,32.95128256,1.051781334,35.17828244,1.785553113,2.91E-07,12,TD,0,69,4.4369,2.0265,73.66,6,1.16,0.85,0.68,0.73,0.65,1.05,NA,NA,NA,NA,62.21,73.66,9.36,9.6,7.89,7.93,1.69,1.54,8.68,8.56,7.41,7.45,1.04,1.22,35C,012C,9.05,7.67,0.001768718,0.69,1508.234538,0.00159816,0.001343624,0.853333333,0.00900059,0.076243094,0.164623454,0.030908245,32.92037431,0.049485238,0.017438298,0.03204694,5.136947618,5.093551535,0.851980837
63,013C,4.338473246,-0.009160846,0.99722,33.41999156,1.571800829,34.35126458,2.254691959,1.41E-07,13,MG,0,55,4.1473,2.0758,29.63,19,1,1.01,0.73,0.78,0.95,0.72,0.62,0.8,0.78,0.78,57.01,72.15,9.08,9.81,7.72,7.65,1.07,1.37,9.61,8.87,6.87,7.88,1.34,0.93,35C,013C,9.3425,7.53,0.001673262,0.90625,1574.354599,0.001315777,0.001318509,0.817,0.068637087,0.097002944,0.084416637,0.016103413,33.40388815,0.050844946,0.017481628,0.033363318,2.530223048,2.503887256,1.05179624
64,014C,2.399357943,-0.005687479,0.99625,33.68701116,0.458612432,35.12703545,1.557518112,8.77E-08,14,CC,0.15,101,2.1787,1.3572,NA,NA,NA,NA,NA,NA,NA,NA,NA,NA,NA,NA,28.02,37.5,9.19,9.7,8.13,8.52,0.86,0.87,8.38,8.7,7.66,7.91,1.39,1.3,35C,014C,8.9925,8.055,0.000791587,0.46875,758.1099023,0.001083616,0.001790242,NA,NA,0.052126772,0.110784204,0.020733681,33.66627748,0.051596296,0.018145248,0.033451048,3.311830587,3.292726379,0.580194216
65,015C,4.826643297,-0.007673838,0.99823,32.97181747,0.780076449,36.99297931,1.354104079,1.18E-07,15,CC,0.35,103,4.6342,2.8172,NA,NA,NA,NA,NA,NA,NA,NA,NA,NA,NA,NA,44.41,58.9,10.29,10.42,8.16,8.44,1.4,1.53,10.79,10.08,8.87,9.47,1.12,1.33,35C,015C,10.395,8.735,0.001450291,0.83,1591.124968,0.001141959,0.001770571,NA,NA,0.07984608,0.081585683,0.01641665,32.95540082,0.049582666,0.018359019,0.031223647,2.612945323,2.59668914,0.626035005
66,016C,4.55576896,-0.010787305,0.99879,32.20180256,0.155930988,35.48283667,0.657571728,1.66E-07,16,PE,0,53,4.417,2.1804,NA,NA,NA,NA,NA,NA,NA,NA,NA,NA,NA,NA,60.29,79.34,8.22,8.6,6.5,6.46,1.38,1.8,8,7.49,6.11,6.13,0.83,1.14,35C,016C,8.0775,6.3,0.001529932,0.88875,1294.154534,0.001728233,0.001684807,NA,NA,0.110027855,0.108716964,0.019283868,32.18251869,0.0474711,0.016862444,0.030608655,3.551837332,3.534837422,0.480924806
67,017C,8.257284046,-0.017331946,0.99276,33.60613968,0.515055513,35.27887976,1.563759663,2.67E-07,17,PE,0,72,7.9342,3.7603,NA,NA,NA,NA,NA,NA,NA,NA,NA,NA,NA,NA,70.59,88.27,10.6,10.82,9.08,8.88,2.4,1.84,10.56,10.59,7.33,7.62,1.34,1.67,35C,017C,10.6425,8.2275,0.002360134,1.2075,2499.426977,0.001669943,0.001504465,NA,NA,0.113460183,0.113231458,0.023054052,33.58308563,0.051357041,0.018141545,0.033215496,3.408994989,3.388269619,0.611680071
68,018C,6.03769659,-0.010472363,0.99258,32.90194637,0.829962173,37.09064615,1.400674423,1.61E-07,18,PE,0,44,5.9542,3.0814,NA,NA,NA,NA,NA,NA,NA,NA,NA,NA,NA,NA,74.01,90.14,8.73,8.26,6.12,6.29,1.75,1.93,8.61,8.38,6.83,7.03,1.94,2.21,35C,018C,8.495,6.5675,0.001975166,0.96375,1626.238838,0.00176653,0.001894802,NA,NA,0.113449088,0.081751839,0.014870911,32.88707546,0.049392769,0.018335407,0.031057362,2.632285328,2.615736063,0.632680997
69,019C,4.175335345,-0.008105003,0.99585,32.8588033,1.092499533,35.12115923,1.752265953,1.25E-07,19,PE,0,64,3.9882,1.804,NA,NA,NA,NA,NA,NA,NA,NA,NA,NA,NA,NA,60.72,77.7,8.08,7.61,6.27,5.92,1.08,0.69,8.17,7.92,6.4,6.43,1.12,1.31,35C,019C,7.945,6.255,0.001515568,0.845,1226.164761,0.001781327,0.001471254,NA,NA,0.106356199,0.082458247,0.014505723,32.84429757,0.049274198,0.017319781,0.031954417,2.580496053,2.56239409,0.706447266
70,020C,2.793754643,-0.008651592,0.99831,33.33573874,1.569903414,34.34212913,2.229060135,1.33E-07,20,PE,0,80,2.6015,1.1631,NA,NA,NA,NA,NA,NA,NA,NA,NA,NA,NA,NA,44.99,58.55,7.83,8.01,6.23,5.86,1.19,1.11,6.95,6.81,5.39,5.44,0.86,0.7,35C,020C,7.4,5.73,0.001045918,0.835,801.5495,0.001794524,0.001451064,NA,NA,0.112837838,0.127542501,0.021653551,33.31408519,0.050589985,0.017394755,0.033195229,3.842193692,3.800706729,1.091559175
71,021C,2.790188929,-0.014846369,0.99944,33.79845667,0.397123677,34.74499448,1.341801292,2.29E-07,21,LS,0,43,2.5934,1.2314,48,29,1.31,0.88,1.25,1.49,1.45,1.41,1.07,1.32,1.04,1.7,32.64,48,8.24,9.02,6.95,7.59,1.67,1.1,8.54,8.49,7.22,7,1.12,1.72,35C,021C,8.5725,7.19,0.000879038,0.69125,881.853075,0.001544475,0.001396378,1.292,0.070477301,0.080635754,0.260416937,0.047586232,33.75087043,0.05184057,0.0180599,0.03378067,7.70905182,7.648801274,0.787712268
72,022C,1.836362844,-0.008419629,0.99753,32.75991131,0.930405938,37.26105253,1.461442914,1.30E-07,22,LS,0,46,1.7039,0.8592,25.83,33,0.75,0.65,0.88,0.82,0.85,0.75,0.39,0.54,0.96,0.37,43.87,59.51,6.34,6.16,5.69,5.26,0.84,1.01,5.84,5.74,5,4.94,1.17,0.77,35C,022C,6.02,5.2225,0.000829686,0.39875,539.166551,0.001566677,0.001593571,0.696,0.21222329,0.066237542,0.156471577,0.023960289,32.73595102,0.048974989,0.018273201,0.030701788,5.096497178,5.058247181,0.756190744
73,023C,4.408894524,-0.010854124,0.99614,32.18482983,0.147805983,35.7136287,0.747245974,1.67E-07,23,MG,0,48.5,4.2382,2.2441,31.11,22,1.5,1.23,1.11,1.48,0.88,1.42,1.08,1.3,1.43,1.29,60.41,81.35,8.39,8.77,7.33,6.83,2.15,1.89,8.06,8.34,6.74,7.06,1.35,1.61,35C,023C,8.39,6.99,0.001592285,0.7,1431.599334,0.001392918,0.001567548,1.272,0.084287022,0.083432658,0.105106749,0.019000714,32.16582911,0.047426377,0.016955865,0.030470512,3.449457893,3.432989938,0.479697153
74,024C,3.77215022,-0.00869741,0.99987,32.20098097,0.153552466,35.50587312,0.659270534,1.34E-07,24,LS,0.7,55,3.5248,1.6774,24.73,14,1.19,0.9,1.14,1.7,1.35,0.79,0.93,1.04,0.78,0.5,41.38,63.25,8.8,9.15,7.18,7.19,2.22,1.64,7.93,8.21,6.84,6.2,2.03,2.53,35C,024C,8.5225,6.8525,0.001107917,0.835,1148.509411,0.00160852,0.001460502,1.032,0.066425818,0.097975946,0.121042823,0.022053671,32.1789273,0.047461473,0.016872609,0.030588864,3.957087935,3.937196744,0.505212015
75,025C,2.500471367,-0.006292405,0.99947,32.72834848,1.136532795,34.96434838,1.763870735,9.70E-08,25,LS,0.3,60,2.3159,1.1518,45.7,44,1.22,1.41,1.4,1.09,1.13,0.83,1.01,1.03,0.87,0.93,33.74,45.7,8.29,8.61,6.78,7.07,1.64,1.62,8.33,8.08,7.07,6.91,1.82,1.71,35C,025C,8.3275,6.9575,0.000882693,0.685,792.2924027,0.001469281,0.001453756,1.092,0.115617037,0.08225758,0.10991667,0.019796081,32.7085524,0.048899575,0.017116466,0.03178311,3.458335947,3.433014427,0.737588511
76,001D,4.215608033,-0.009030987,0.99412,40.27912343,1.307428785,23.25074667,1.370624294,1.39E-07,1,CC,0.65,83,3.8784,2.4566,NA,NA,NA,NA,NA,NA,NA,NA,NA,NA,NA,NA,49.99,93.55,7.21,7.5,5.85,5.94,1.34,1.08,7.14,6.87,5.76,6.1,0.66,0.8,45C,001D,7.18,5.9125,0.001127606,0.63375,1205.681755,0.00117925,0.002037519,NA,NA,0.088266017,0.123490696,0.020495487,40.25862794,0.073909598,0.017203284,0.056706315,2.177723896,2.159282524,0.854050908
77,002D,4.900479129,-0.010453238,0.99974,39.63106141,0.615192262,25.47672821,0.99649485,1.61E-07,2,CC,0.15,149,4.6887,2.8855,54.52,3,0.94,1.01,0.61,NA,NA,NA,NA,NA,NA,NA,38.53,54.52,11.01,10.52,10.17,9.11,1.14,1.53,11.17,10.64,9.74,8.95,1.62,1.25,45C,002D,10.835,9.4925,0.001311529,0.67125,1600.124177,0.001126913,0.001803298,0.853333333,0.005078512,0.061952007,0.122893677,0.025055656,39.60600575,0.071381096,0.018209943,0.053171152,2.311284815,2.296707704,0.63469596
78,003D,2.69114925,-0.020221967,0.99434,42.25331,2.033039868,21.66403038,1.803507514,3.12E-07,3,CC,0,115,2.4959,1.3864,NA,NA,NA,NA,NA,NA,NA,NA,NA,NA,NA,NA,44.15,58.69,7.56,8.26,5.9,6.89,1.69,1.95,7,7.33,6.25,5.95,0.87,1.01,45C,003D,7.5375,6.2475,0.001045461,0.645,833.6020395,0.001330971,0.001663144,NA,NA,0.085572139,0.298244171,0.050716282,42.20259372,0.081904793,0.017791148,0.064113645,4.651804971,4.582794193,1.505866838
79,004D,3.38667379,-0.013431354,0.9997,39.7085284,0.723654603,25.35952469,1.148664579,2.07E-07,4,LS,0.15,79,3.1687,1.6497,60.26,11,1.16,1.46,0.92,1.06,1.34,1.2,1.06,1.63,0.87,0.95,45.9,60.26,8.53,8.45,6.79,7.07,1.98,1.78,8.39,8.28,6.83,7.11,1.1,1.41,45C,004D,8.4125,6.95,0.001213075,0.73125,1066.152404,0.001424749,0.00154734,1.165,0.021698938,0.08692422,0.170721662,0.030669942,39.67785845,0.071655769,0.018201365,0.053454404,3.193781053,3.17126612,0.709966687
80,005D,6.191381315,-0.041624104,0.9953,42.35057333,2.1036816,21.57992917,1.865289021,6.42E-07,5,MG,0,56,6.0984,3.1461,40.56,23,1,1.25,0.78,1.26,0.89,0.74,0.98,0.95,0.8,1.34,82.46,93.87,9.52,10.12,7.66,7.58,3.98,3.99,9.56,9.19,7.99,7.42,4.14,3.92,45C,005D,9.5975,7.6625,0.002486287,0.9675,2161.638507,0.00136577,0.001455424,0.999,0.059084256,0.100807502,0.258136878,0.049532574,42.30104076,0.082328788,0.017812685,0.064516104,4.001123188,3.9401329,1.54792464
81,006D,4.527847225,-0.023657696,0.999,40.78096129,0.273026096,24.31802258,0.483271202,3.65E-07,6,MG,0,37,4.3183,2.3516,28.44,20,1.12,1.24,1.04,1.13,1.22,1.62,1.14,0.76,1.19,0.94,57.55,71.18,9.54,9.11,7.91,7.96,3.39,2.57,9.15,8.92,7.7,7.38,3.57,3.68,45C,006D,9.18,7.7375,0.001659732,0.72125,1499.627358,0.001311459,0.001568123,1.14,0.076605107,0.078567538,0.219781458,0.041245272,40.73971602,0.075822676,0.01847894,0.057343737,3.832702082,3.806656375,0.684214818
82,007D,1.690141217,-0.016539762,0.99683,40.22314606,1.325909781,23.26558889,1.410412093,2.55E-07,7,TD,0.3,67,1.6851,0.7877,57.24,4,1.72,1.17,0.67,0.35,NA,NA,NA,NA,NA,NA,39.63,57.24,6.1,6.3,5.1,5.08,0.89,1.05,5.84,5.53,4.61,4.55,1.29,1.34,45C,007D,5.9425,4.835,0.000739849,0.55375,505.3334124,0.001775857,0.001558773,0.9775,0.011759563,0.093184687,0.344701042,0.052046194,40.17109987,0.073566055,0.017163064,0.056402992,6.11139643,6.045598994,1.088352636
83,008D,4.331982783,-0.042198563,0.99127,41.06609124,1.767950899,23.92221593,1.641485836,6.51E-07,8,MG,0.03,49,4.1584,2.0875,20.3,9,0.86,1.21,1.39,0.78,1.36,1.06,0.96,1.72,1.35,0.71,65.41,84.32,7.74,7.8,5.89,6.09,2.14,2.85,7.87,7.63,6.36,6.02,1.85,2.18,45C,008D,7.76,6.09,0.001594615,0.835,1269.387008,0.001631417,0.001644495,1.14,0.0571327,0.107603093,0.408035927,0.070402981,40.99568826,0.076857874,0.018454728,0.058403146,6.986540162,6.882390106,1.51328324
84,009D,1.834361712,-0.020906808,0.99814,41.05773772,1.8691515,23.80454752,1.696794636,3.22E-07,9,TD,0.05,60,1.7315,0.8686,31.14,6,1.45,1.24,1.73,1.13,1.83,1.05,1.78,1.38,0.79,1.17,63.26,72.6,5.57,5.34,4,4.72,0.83,0.57,5.35,5.65,4.84,4.28,0.94,0.64,45C,009D,5.4775,4.46,0.001088583,0.50875,544.5545634,0.001584598,0.001595065,1.355,0.035176308,0.092879963,0.296130247,0.042927515,41.01481021,0.076935694,0.018355839,0.058579854,5.055155049,4.985700324,1.393078615
85,010D,2.027359548,-0.014672293,0.9922,40.80432525,0.28740737,24.27670404,0.500810078,2.26E-07,10,TD,0.3,67,1.8139,0.9762,63.81,1,2.07,NA,NA,NA,NA,NA,NA,NA,NA,NA,38.51,63.81,7.35,6.55,6.29,5.45,1.06,0.85,6.76,5.84,5.45,4.56,0.68,0.61,45C,010D,6.625,5.4375,0.000801511,0.59375,700.1651953,0.001196432,0.001394242,2.07,0.002365513,0.089622642,0.282257316,0.044998696,40.75932656,0.075901557,0.018470402,0.057431155,4.91470731,4.879928278,0.712695557
86,011D,2.984717331,-0.01055457,0.99868,39.87834944,0.881706207,25.08938427,1.397185146,1.63E-07,11,TD,0.4,82,2.7552,1.3883,NA,NA,NA,NA,NA,NA,NA,NA,NA,NA,NA,NA,51.87,68.1,7.85,8.01,7.11,7.02,0.45,0.57,8.02,7.72,6.31,6.64,0.66,0.84,45C,011D,7.9,6.77,0.00128734,0.565,1062.53025,0.001286457,0.001306598,NA,NA,0.071518987,0.126416511,0.022007927,39.85634151,0.072342014,0.018171494,0.05417052,2.333677274,2.317248704,0.708968786
87,012D,1.968092444,-0.015444968,0.99561,42.21597305,2.005177568,21.67527073,1.77256091,2.38E-07,12,TD,0,49,1.8119,0.8237,NA,NA,NA,NA,NA,NA,NA,NA,NA,NA,NA,NA,31.19,49.94,7.05,7.36,6.15,6.17,0.63,0.48,7.15,7.29,6.2,6.02,1.23,1,45C,012D,7.2125,6.135,0.000706726,0.53875,649.4716508,0.001521544,0.001268262,NA,NA,0.074696707,0.336970922,0.056052776,42.15992027,0.081721591,0.017765551,0.06395604,5.268789683,5.189847458,1.521089505
88,013D,4.403889694,-0.00918491,0.99703,39.95695484,0.940719805,24.95943441,1.499957383,1.42E-07,13,MG,0,48,4.1755,2.1193,38.93,29,0.8,0.95,0.96,0.69,0.87,1.03,0.78,0.93,1.04,0.56,62.37,77.65,9.35,8.75,7.47,6.87,4.02,4.39,8.85,8.88,7.2,7.18,3.85,3.33,45C,013D,8.9575,7.18,0.001755143,0.88875,1557.597001,0.00132011,0.001360622,0.861,0.083162355,0.099218532,0.08068986,0.014958022,39.94199682,0.072673358,0.018153335,0.054520023,1.480004147,1.469935753,0.684954698
89,014D,5.221668837,-0.023866428,0.99232,41.06259642,1.799776169,23.88680917,1.660450695,3.68E-07,14,CC,0.08,71,4.9989,2.8308,NA,NA,NA,NA,NA,NA,NA,NA,NA,NA,NA,NA,67.69,78.79,8.13,8.06,7.5,7.25,1.17,1.21,8.28,7.79,6.86,7.19,1.11,0.92,45C,014D,8.065,7.2,0.001715058,0.4325,1281.208622,0.00169223,0.002209476,NA,NA,0.053626782,0.214568093,0.037742365,41.02485406,0.076976596,0.018424007,0.058552589,3.664536369,3.617307696,1.305630512
90,015D,3.484566927,-0.010224005,0.99905,40.74091882,0.236125084,24.36745412,0.462646282,1.58E-07,15,CC,0.1,63,3.3277,2.1174,NA,NA,NA,NA,NA,NA,NA,NA,NA,NA,NA,NA,55.5,71.98,7.36,7.18,6.73,6.27,1.46,1.31,7.16,7.11,5.76,5.72,0.95,0.88,45C,015D,7.2025,6.12,0.001255816,0.54125,933.5087325,0.001296506,0.002268217,NA,NA,0.075147518,0.125531123,0.020866751,40.72005207,0.075743652,0.018477234,0.057266418,2.192054745,2.180362904,0.536233715
91,016D,4.047817716,-0.027180038,0.99019,40.11545284,1.364503204,23.28993182,1.487000179,4.19E-07,16,PE,0,43.5,3.9327,1.8555,NA,NA,NA,NA,NA,NA,NA,NA,NA,NA,NA,NA,51.4,74.07,8.34,7.94,6.18,5.98,1.14,2.25,8.21,7.34,5.76,5.62,1.23,0.92,45C,016D,7.9575,5.885,0.00128496,1.03625,1172.561547,0.001771506,0.001582433,NA,NA,0.13022306,0.326149642,0.056985848,40.05846699,0.073126007,0.017082783,0.056043223,5.819608903,5.753376438,1.151192968
92,017D,3.731128071,-0.016787196,0.99656,41.07388084,1.723483139,23.95770588,1.607755795,2.59E-07,17,PE,0,49,3.5668,1.7377,NA,NA,NA,NA,NA,NA,NA,NA,NA,NA,NA,NA,65.19,76.88,7.93,7.41,6.11,6.16,1.82,1.69,7.05,7.15,5.55,5.61,1.88,1.85,45C,017D,7.385,5.8575,0.001512451,0.76375,1048.224685,0.00174495,0.001657755,NA,NA,0.103419093,0.171140692,0.028806488,41.04507435,0.077058997,0.018489724,0.058569274,2.922021756,2.887713226,1.188086465
93,018D,6.523269125,-0.033630069,0.99125,40.7529625,0.244106821,24.34974886,0.467208217,5.19E-07,18,PE,0,54,6.3888,3.0948,NA,NA,NA,NA,NA,NA,NA,NA,NA,NA,NA,NA,63.26,82.34,10.15,8.95,7.58,7.52,1.22,1.19,9.87,9.03,6.82,7.94,1.2,1.36,45C,018D,9.5,7.465,0.001888003,1.0175,1857.79625,0.001773068,0.001665845,NA,NA,0.107105263,0.274651244,0.052433054,40.70052945,0.075665266,0.018475603,0.057189662,4.802463113,4.766237134,0.760054063
94,019D,4.174690526,-0.034716723,0.99236,42.13856292,1.943701235,21.64073596,1.709555292,5.35E-07,19,PE,0,60,3.9918,1.9674,NA,NA,NA,NA,NA,NA,NA,NA,NA,NA,NA,NA,60.51,73.44,8.39,8.22,6.63,6.56,1.1,0.82,7.67,7.94,6.03,6.84,0.65,0.55,45C,019D,8.055,6.515,0.001531238,0.77,1191.252339,0.001699388,0.001651539,NA,NA,0.0955928,0.349584881,0.061453582,42.07710934,0.081367083,0.01766534,0.063701742,5.487838615,5.406303463,1.508149747
95,020D,3.005967924,-0.028256255,0.99301,40.079437,1.014433996,24.745859,1.64559001,4.36E-07,20,PE,0,74,2.8357,1.35,NA,NA,NA,NA,NA,NA,NA,NA,NA,NA,NA,NA,48.24,64.16,7.23,7.02,5.86,5.49,0.53,0.89,6.61,6.34,4.9,5.23,0.82,0.76,45C,020D,6.8,5.37,0.001030543,0.715,741.6896,0.002003129,0.001820168,NA,NA,0.105147059,0.422770821,0.06828436,40.01115264,0.072941832,0.01811589,0.054825942,7.711145548,7.627034246,1.102804829
96,021D,3.156223627,-0.025998681,0.99829,41.04978415,1.937031783,23.73912021,1.740144044,4.01E-07,21,LS,0,46,2.9817,1.4641,26.12,29,1.14,1.91,1.74,1.38,1.56,1.46,1.22,1.05,1.26,0.94,47.29,58.16,7.45,8.22,6.09,6,1.05,1.03,7.28,7.14,6.2,6.01,1.19,1.32,45C,021D,7.5225,6.075,0.001117587,0.72375,822.7896109,0.001844457,0.001779434,1.366,0.147591936,0.096211366,0.358695896,0.060935347,40.9888488,0.076830056,0.018297687,0.058532369,6.12816293,6.033312727,1.572108182
97,022D,2.139846513,-0.013693014,0.99306,40.80015464,0.288263512,24.28808144,0.498878646,2.11E-07,22,LS,0,47,1.9841,1.0133,33.38,17,1.01,0.92,0.65,0.76,0.65,0.72,0.45,1.24,0.56,0.9,51.04,69.09,7.33,6.99,5.88,5.28,1.77,1.16,6.04,5.91,4.6,5.1,1.19,0.83,45C,022D,6.5675,5.215,0.001053078,0.67625,744.9984416,0.00130309,0.001360137,0.786,0.077546555,0.102969166,0.200491015,0.031824145,40.76833049,0.075937798,0.018474974,0.057462824,3.489056106,3.467564223,0.619797691
98,023D,5.638886126,-0.019541858,0.99654,40.31897309,1.290395776,23.24980091,1.339103467,3.01E-07,23,MG,0,49,5.4613,2.8034,30.4,20,1.39,1.31,1.88,1.36,1.22,1.4,1.67,1.14,1.57,1.12,57.18,79.48,10.31,10.18,8.68,8.35,1.31,1.23,9.96,9.86,8.32,8.35,1.11,1.59,45C,023D,10.0775,8.425,0.001810284,0.82625,2017.917844,0.00131715,0.001389254,1.406,0.065283526,0.081989581,0.166446824,0.032727565,40.28624553,0.074018283,0.017239089,0.056779194,2.931475655,2.904514676,0.928243855
99,024D,2.952007628,-0.014974082,0.99794,40.12709944,1.353851221,23.29967444,1.475543584,2.31E-07,24,LS,0.5,72,2.7359,1.3207,25.42,14,0.56,0.22,0.39,0.56,0.69,0.95,0.98,1.04,0.76,0.5,42.42,72.32,7.67,7.32,6.3,6.31,1.44,2.93,6.66,6.76,5.33,5.71,1.96,1.51,45C,024D,7.1025,5.9125,0.000946524,0.595,912.054753,0.001551661,0.001448049,0.665,0.077542759,0.083773319,0.243929827,0.040265427,40.08683402,0.07323662,0.017100535,0.056136086,4.345330176,4.301156455,1.027019627
100,025D,3.298068858,-0.01165741,0.99816,42.07683158,1.896797602,21.56983684,1.678161235,1.80E-07,25,LS,0.4,81,3.0857,1.6091,29.01,17,0.92,1.18,0.91,1.24,1.2,1.51,1.47,1.36,1.12,1,41.03,53.11,9.76,9.47,7.21,6.98,2.67,3.04,8.36,8.33,6.95,6.4,1.61,1.49,45C,025D,8.98,6.885,0.001157518,1.0475,1070.702911,0.001379094,0.001502845,1.191,0.065256662,0.116648107,0.155285477,0.028822443,42.04800914,0.081242822,0.017550491,0.063692331,2.438056135,2.408051791,1.246000776
101,001E,4.458617575,-0.017893073,0.99932,55.11831039,0.093573297,11.3848987,0.112724523,2.76E-07,1,CC,0.9,102,4.1748,2.6878,NA,NA,NA,NA,NA,NA,NA,NA,NA,NA,NA,NA,42.45,71.77,9.26,9.17,7.57,7.19,1.47,1.18,7.95,8.08,6.49,6.77,0.8,0.78,55C,001E,8.615,7.005,0.001148902,0.805,1331.660502,0.001116651,0.002018382,NA,NA,0.093441672,0.24013672,0.170256116,54.94805427,0.155201257,0.01781419,0.137387067,1.747884467,1.720969169,1.563961661
102,002E,4.888908396,-0.027007289,0.99459,55.39029467,0.118348431,12.37398667,0.214849824,4.16E-07,2,CC,0.05,103,4.6583,2.8312,NA,NA,NA,NA,NA,NA,NA,NA,NA,NA,NA,NA,48.84,67.1,9.25,9.9,7.56,7.95,0.92,1,8.82,9.48,7.24,6.94,0.73,0.65,55C,002E,9.3625,7.4225,0.001436539,0.97,1470.436215,0.001242556,0.001925415,NA,NA,0.103604806,0.289881241,0.214255773,55.17603889,0.156905015,0.019615332,0.137289682,2.111456857,2.073622585,1.824549572
103,003E,3.323295333,-0.033600781,0.99865,55.20752413,0.111420797,12.09459867,0.347302179,5.18E-07,3,CC,0.8,131,3.1561,1.87,NA,NA,NA,NA,NA,NA,NA,NA,NA,NA,NA,NA,51.9,62.42,7.65,8.17,7.22,6.61,0.7,0.85,8.2,7.7,7.2,7.01,0.68,0.58,55C,003E,7.93,7.01,0.001292976,0.46,981.3188645,0.001310583,0.001905599,NA,NA,0.058007566,0.400696395,0.272564026,54.93496011,0.155103885,0.019005641,0.136098244,2.944170213,2.882412188,2.142581316
104,004E,4.474470892,-0.046742388,0.99584,55.39516429,0.11264972,12.30609524,0.282998149,7.21E-07,4,LS,0,73,4.2141,2.0648,63.4,4,1.21,0.89,0.85,1.3,NA,NA,NA,NA,NA,NA,47.56,63.4,9.09,8.79,7.62,7.77,1.31,1.45,8.15,8.49,6.7,7.14,1.68,1.38,55C,004E,8.63,7.3075,0.001289444,0.66125,1180.458865,0.001820733,0.00174915,1.0625,0.007310716,0.076622248,0.558939576,0.3966311,54.99853319,0.155577123,0.019512249,0.136064874,4.10789031,3.994262174,2.844784119
105,005E,5.133817638,-0.069030602,0.99578,55.19976041,0.110273016,12.10334795,0.349723667,1.06E-06,5,MG,0.01,56,4.9562,2.6314,34.32,15,0.92,0.63,0.75,0.53,1.04,0.78,0.77,0.86,0.9,0.75,57.24,72.18,10.03,9.34,8.5,8.54,3.48,4.15,9.78,9.75,7.81,7.86,4.26,3.43,55C,005E,9.725,8.1775,0.001748796,0.77375,1706.617153,0.001362227,0.001541881,0.793,0.044942204,0.079562982,0.608637957,0.458479946,54.74128047,0.153669707,0.019012327,0.13465738,4.519900469,4.380321848,3.186492359
106,006E,3.315743427,-0.037689084,0.99639,55.1326562,0.138884017,12.52511739,0.212182995,5.81E-07,6,MG,0,51,3.1762,1.7417,42.26,29,1.17,1.21,0.9,1.02,1.23,1.52,1.08,0.82,1.16,1.14,66.66,81.69,7.49,7.36,6.37,6.08,3.16,3.49,6.96,7.17,5.77,5.75,2.65,2.65,55C,006E,7.245,5.9925,0.001517238,0.62625,1071.977536,0.001338181,0.001624754,1.125,0.094717476,0.086438923,0.383017393,0.24903145,54.88362475,0.154722642,0.019611777,0.135110865,2.834837836,2.778760579,2.018067243
107,007E,3.090711105,-0.042292635,0.9998,55.11904737,0.09396983,11.38112237,0.1084598,6.52E-07,7,TD,0.25,116,2.8814,1.3692,46.19,5,0.97,1.58,1.35,1.19,1.13,NA,NA,NA,NA,NA,30.68,46.19,9.65,9.7,7.94,7.59,1.31,0.59,8.68,8.85,7.22,7.27,1.35,1.08,55C,007E,9.22,7.505,0.000888661,0.8575,981.634499,0.001540492,0.001394817,1.244,0.011740622,0.093004338,0.733812448,0.538228935,54.58081843,0.152490102,0.017808909,0.134681193,5.448514617,5.258546194,3.61256545
108,008E,5.150889867,-0.043034315,0.99286,47.97967853,12.89677225,23.35458233,19.72847066,6.64E-07,8,MG,0.03,65,4.9484,2.6717,37.5,24,1.39,0.98,1.32,1.39,1.45,1.16,1.48,1,1.16,1.16,54.64,73.15,9.7,9.55,8.02,7.68,1.84,1.39,9.36,9.36,7.95,8.24,0.79,0.77,55C,008E,9.4925,7.9725,0.00162945,0.76,1647.841935,0.001381625,0.001621333,1.249,0.067421649,0.080063208,0.407221043,0.303065863,47.67661267,0.108546429,0.025740687,0.082805742,4.917787524,3.757077287,30.89396753
109,009E,5.212629325,-0.046865231,0.99487,50.65172606,10.77107359,19.22434981,16.3723017,7.23E-07,9,TD,0.1,116,4.9406,2.4526,37.47,9,1.93,1.44,1.57,1.38,1.3,1.47,0.93,1.24,1.34,1.65,57.93,74.61,10.13,9.89,8.45,8.74,1.46,1.56,9.18,9.53,8.4,8.43,1.04,1.06,55C,009E,9.6825,8.505,0.001762142,0.58875,1748.686914,0.001422782,0.001402538,1.425,0.024806832,0.060805577,0.410077873,0.308231199,50.34349486,0.124020251,0.024208249,0.099812002,4.108502612,3.433611401,19.65543366
110,010E,1.599727712,-0.037084463,0.99132,55.122915,0.125420598,12.58149583,0.17482149,5.72E-07,10,TD,0.1,66,1.5456,0.7744,46.51,3,1.35,1.88,2.07,NA,NA,NA,NA,NA,NA,NA,33.96,46.51,6.89,6.7,5.97,5.65,1.11,0.84,6.25,6.77,5.07,5.35,0.77,0.69,55C,010E,6.6525,5.51,0.000709745,0.57125,514.5838058,0.001498687,0.001504906,1.766666667,0.009695943,0.085869974,0.8056493,0.50194367,54.62097133,0.15278455,0.01969087,0.133093679,6.053249891,5.851464652,3.448456942
111,011E,2.708598348,-0.022881955,0.99421,55.39607471,0.110775878,12.28431379,0.301227718,3.53E-07,11,TD,0.4,79,2.3715,1.0028,NA,NA,NA,NA,NA,NA,NA,NA,NA,NA,NA,NA,28.65,53.4,7.65,7.79,6.63,6.37,0.81,0.73,8.18,7.99,6.41,7.07,0.6,0.65,55C,011E,7.9025,6.62,0.000711277,0.64125,833.7009084,0.001641716,0.001202829,NA,NA,0.081145207,0.496033046,0.336828917,55.0592458,0.156030219,0.019478561,0.136551659,3.632566971,3.543688784,2.508069766
112,012E,3.992564788,-0.073697653,0.99239,55.21609293,0.114022471,12.03428293,0.388420636,1.14E-06,12,TD,0.02,60,3.6941,1.4312,52.2,5,1.1,1.89,1.25,0.79,1.18,NA,NA,NA,NA,NA,28.7,52.2,9.94,10.04,8.61,8.41,0.77,0.71,9.81,9.9,7.63,8.28,1.2,1.45,55C,012E,9.9225,8.2325,0.000894649,0.845,1284.850882,0.001761216,0.001113904,1.242,0.009653358,0.08515999,1.270156585,0.966460979,54.24963195,0.150079904,0.018918613,0.131161291,9.683928662,9.126824687,6.104028445
113,013E,6.004013198,-0.051729078,0.99763,55.39890537,0.106382162,12.22704737,0.345216072,7.98E-07,13,MG,0,66,5.6972,2.9695,27.9,29,0.65,0.73,0.95,0.76,0.81,0.73,0.8,0.84,0.91,0.85,63.87,80.68,10.35,9.84,8.45,8.29,5.62,3.99,9.2,10,8.39,7.5,4.21,4.38,55C,013E,9.8475,8.1575,0.001975936,0.845,1955.950579,0.001394565,0.001518188,0.803,0.105552325,0.085808581,0.403662533,0.305983453,55.09292192,0.156282029,0.019390379,0.136891651,2.948773946,2.881516149,2.334111403
114,014E,4.405229116,-0.024811413,0.99101,50.16387745,11.23832139,19.97863368,17.11179023,3.83E-07,14,CC,0.3,103,4.0095,2.4952,NA,NA,NA,NA,NA,NA,NA,NA,NA,NA,NA,NA,38.08,62.05,10,9.7,9.22,8.38,1.37,1.92,9.15,9.11,7.79,7.61,0.93,0.88,55C,014E,9.49,8.25,0.001135306,0.62,1397.057301,0.001083921,0.00178604,NA,NA,0.065331928,0.336972883,0.250752092,49.91312536,0.121402185,0.024558088,0.096844097,3.479539735,2.869912853,21.24199978
115,015E,4.404002807,-0.022511261,0.99886,55.122915,0.125420598,12.58149583,0.17482149,3.47E-07,15,CC,0.3,106,4.1566,2.5324,NA,NA,NA,NA,NA,NA,NA,NA,NA,NA,NA,NA,46.21,64.52,9.27,8.73,7.32,8.19,0.83,0.97,9.41,8.97,7.94,7.48,1.36,0.97,55C,015E,9.095,7.7325,0.001320348,0.68125,1334.257873,0.001217306,0.001897984,NA,NA,0.074903793,0.262886184,0.191507426,54.93140757,0.155077476,0.01969087,0.135386605,1.941744406,1.909353378,1.696439662
116,016E,8.085975506,-0.067831018,0.99944,55.11904737,0.09396983,11.38112237,0.1084598,1.05E-06,16,PE,0.1,61,7.9137,4.1644,NA,NA,NA,NA,NA,NA,NA,NA,NA,NA,NA,NA,67.3,90.48,10.05,10.12,8.19,7.98,1.23,1.41,9.91,10.02,8.02,8.09,1.62,1.2,55C,016E,10.025,8.07,0.002119578,0.9775,2273.324138,0.001649259,0.001831855,NA,NA,0.097506234,0.493441305,0.37739331,54.74165406,0.153672462,0.017808909,0.135863553,3.631888707,3.53603145,2.710871166
117,017E,6.688416841,-0.065385804,0.99979,47.58815432,13.13203806,23.94710975,20.07726565,1.01E-06,17,PE,0,62,6.4197,3.0585,NA,NA,NA,NA,NA,NA,NA,NA,NA,NA,NA,NA,66.42,85.53,9.27,9.46,8.04,8.25,1.52,1.84,9.34,8.92,7.6,7.67,1.61,1.32,55C,017E,9.2475,7.89,0.001929626,0.67875,1828.551349,0.001838176,0.001672636,NA,NA,0.073398216,0.522476627,0.383791669,47.20436265,0.10598684,0.025877962,0.080108879,6.522081389,4.893442173,33.28207749
118,018E,6.538966187,-0.078280077,0.99858,55.12338231,0.157043059,12.53217143,0.208074978,1.21E-06,18,PE,0,59,6.4218,3.1791,NA,NA,NA,NA,NA,NA,NA,NA,NA,NA,NA,NA,80.42,99.48,8.65,8.63,7.04,7.04,1.31,1.27,8.25,8.29,6.74,7.09,1.13,1.14,55C,018E,8.455,6.9775,0.002136129,0.73875,1777.882312,0.001823912,0.001788139,NA,NA,0.087374335,0.565041275,0.396874765,54.72650754,0.153560782,0.019614113,0.133946669,4.218404838,4.10146837,2.85108789
119,019E,4.650534713,-0.055284227,0.99988,55.22897154,0.115029337,11.91973626,0.508805368,8.52E-07,19,PE,0,60,4.3786,2.0616,NA,NA,NA,NA,NA,NA,NA,NA,NA,NA,NA,NA,51.27,65.75,7.85,8.71,6.19,7.3,1.01,1.41,9.08,8.32,7.8,6.27,0.8,0.79,55C,019E,8.49,6.89,0.00136748,0.8,1184.816644,0.001955577,0.001740016,NA,NA,0.094228504,0.623357003,0.438739963,54.79023158,0.15403111,0.018750087,0.135281024,4.607867283,4.470563745,3.071280175
120,020E,2.847005758,-0.05224454,0.99756,55.39943,0.105332018,12.21283093,0.355515742,8.06E-07,20,PE,0,78,2.5918,1.163,NA,NA,NA,NA,NA,NA,NA,NA,NA,NA,NA,NA,41.62,56.22,6.97,6.76,5.85,5.46,1.02,0.94,6.77,6.71,5.61,5.47,0.8,0.63,55C,020E,6.8025,5.5975,0.000889448,0.6025,650.3811578,0.002196866,0.001788182,NA,NA,0.088570379,0.905684418,0.570594626,54.82883537,0.154316632,0.019368319,0.134948313,6.711343005,6.463954432,3.827201686
121,021E,4.516177389,-0.083315468,0.99888,54.67952567,3.520863418,13.06800556,5.049207406,1.28E-06,21,LS,0,62,4.3468,2.1874,27.98,14,1.64,1.39,1.42,2.02,1.16,1.25,1.38,1.75,1.21,1.2,47.83,63.81,9.62,9.4,8.14,8.01,0.9,1.25,9.46,8.99,8.42,7.79,2.12,1.43,55C,021E,9.3675,8.09,0.001407583,0.63875,1399.832772,0.001542613,0.001562615,1.442,0.053414187,0.068187884,0.91265821,0.674740101,54.00478557,0.148319052,0.02002212,0.128296933,7.113640144,6.709430235,6.02450424
122,022E,1.807948582,-0.054082751,0.99862,55.12986677,0.152098024,12.4996798,0.228649191,8.34E-07,22,LS,0,57,1.6246,0.8482,32.01,19,0.64,0.51,1.01,0.59,0.72,0.66,1.06,0.58,0.96,0.95,51.49,68.42,6,6.25,4.99,5.04,2.94,2.8,5.55,5.35,4.4,4.37,0.97,1.04,55C,022E,5.7875,4.7,0.00093619,0.54375,572.9346477,0.001355128,0.001480448,0.768,0.102559743,0.093952484,0.890741095,0.517622919,54.61224385,0.152720508,0.019569334,0.133151175,6.689697607,6.461215461,3.536209981
123,023E,3.388618584,-0.032643144,0.99963,55.11831039,0.093573297,11.3848987,0.112724523,5.03E-07,23,MG,0,46,3.2154,1.6425,17.15,8,1.04,0.95,1.17,1.45,1.33,1.18,1.16,1.7,1.27,1.44,40.34,53.88,9.24,9.27,7.91,7.92,4.14,3.57,8.96,9.66,7.37,7.64,3.7,3.41,55C,023E,9.2825,7.71,0.001176388,0.78625,1160.63994,0.001355201,0.001415168,1.269,0.050252874,0.084702397,0.427856113,0.314881196,54.80342919,0.154128672,0.01781419,0.136314482,3.138742908,3.066283149,2.36311376
124,024E,2.86911214,-0.053351444,0.9989,55.11904737,0.09396983,11.38112237,0.1084598,8.23E-07,24,LS,0.3,55,2.6241,1.2434,25.81,19,1.46,0.63,1.06,0.94,1.03,1.08,1.06,1.09,1.25,0.97,40.35,68.65,6.88,6.92,5.84,5.7,1.33,1.36,6.57,6.89,5.83,5.65,1.71,2.27,55C,024E,6.815,5.755,0.000863892,0.53,797.0990116,0.001732156,0.001559907,1.057,0.108018896,0.077769626,0.952233355,0.60047209,54.51857528,0.152034622,0.017808909,0.134225713,7.094269314,6.823764161,3.964163277
125,025E,2.349599181,-0.029608874,0.9996,55.23140667,0.114965266,11.89134086,0.538840945,4.57E-07,25,LS,0,58,2.1511,1.0863,24.09,14,1.04,0.77,1.22,1.45,1.03,0.83,1.26,1.62,1.12,1.08,36.52,48.29,7.79,7.87,5.98,6.44,1.68,1.86,7.28,7.43,6.14,5.88,1.79,1.53,55C,025E,7.5925,6.11,0.000871095,0.74125,695.9320141,0.001530035,0.001560928,1.142,0.076543168,0.097629239,0.524098514,0.348836431,54.88257024,0.154714819,0.018707599,0.13600722,3.853460962,3.75704975,2.566141478
