"","segment","TreeID","sp","lichen","apex_dist","fresh_mass","dry_mass","length_counted_lenticel","n_lenticels","lenticel_diam1","lenticel_diam2","lenticel_diam3","lenticel_diam4","lenticel_diam5","lenticel_diam6","lenticel_diam7","lenticel_diam8","lenticel_diam9","lenticel_diam10","exposed_length","total_length","basal_diam1","basal_diam2","basal_xylem_diam1","basal_xylem_diam2","basal_pith_diam1","basal_pith_diam2","distal_diam1","distal_diam2","distal_xylem_diam1","distal_xylem_diam2","distal_pith_diam1","distal_pith_diam2","treatment","sampleID","diam","wood_diam","sa","bark_thickness","vol","water_content","density","lenticel_size","LD","d_basal_mm","d_distal_mm","r_basal_cm","r_distal_cm","L_cm","V_cm3","rho_g_cm3","end_mass_sample","Tc","RH","sat_mass_g","RWC_end_sat","deficit_end","CWR_end","psi_end","RH_instem","svp_kPa","ws","wa","w_instem","D_100","D_unsat","mf_unsat"
"1","001A",1,"CC",0.2,87,2.7745,1.7358,NA,NA,NA,NA,NA,NA,NA,NA,NA,NA,NA,NA,31.28,57.85,8.28,8.04,7.1,6.53,1.05,1.1,7.47,7.82,6.42,6.64,0.83,1.34,"10C","001A",7.9025,6.6725,0.000776570916359392,0.615,903.175984140625,0.00115005272310061,0.00192188458338119,NA,NA,8.16,7.645,0.408,0.38225,5.785,2.83841525110269,0.611538427763754,2.768,10.781772375,36.2039552678571,3.44707239395983,0.603176913063805,0.396823086936195,239.243498179494,-1.23833763163183,99.0594508768069,1.29414457733071,0.0127753660151106,0.00462518779741567,0.0126552074220708,0.00815017821769496,0.00803001962465513,0.991359802390257
"2","001B",1,"CC",0.85,77.5,3.9325,2.3894,NA,NA,NA,NA,NA,NA,NA,NA,NA,NA,NA,NA,44.18,63.24,9.88,10.15,8.58,8.72,0.89,0.83,8.61,8.65,7.29,7.49,0.97,0.9,"25C","001B",9.3225,8.02,0.00129392164012835,0.65125,1374.0313888125,0.00112304566879918,0.00173897046272358,NA,NA,10.015,8.63,0.50075,0.4315,6.324,4.32458654286088,0.552515246560269,3.896,23.9111127272727,57.095972,5.16242810130244,0.543304988251788,0.456695011748212,292.843740956713,-1.92703012846742,98.6042714188955,2.96992774205252,0.0293181415799854,0.0167394779074288,0.0289089398985049,0.0125786636725566,0.012169461991076,0.977175791097033
"3","001C",1,"CC",0.7,99.8,3.2246,2.2377,NA,NA,NA,NA,NA,NA,NA,NA,NA,NA,NA,NA,39.28,61.59,8.06,8.48,7.19,6.78,1.69,1.63,7.92,8.14,6.6,6.59,1.08,0.79,"35C","001C",8.15,6.79,0.00100572433937901,0.68,1022.74044375,0.000964956461857921,0.0021879451562463,NA,NA,8.27,8.03,0.4135,0.4015,6.159,3.21326605344401,0.696394248960995,3.1833,32.197085462963,35.6277805555556,3.99791410539206,0.537207375570589,0.462792624429411,253.515921757848,-1.39127416553637,99.0176103969303,4.812779545973,0.0475101633363573,0.0169268167350634,0.0470434284313395,0.0305833466012939,0.0301166116962761,0.968014877416799
"4","001D",1,"CC",0.65,83,3.8784,2.4566,NA,NA,NA,NA,NA,NA,NA,NA,NA,NA,NA,NA,49.99,93.55,7.21,7.5,5.85,5.94,1.34,1.08,7.14,6.87,5.76,6.1,0.66,0.8,"45C","001D",7.18,5.9125,0.00112760619628621,0.63375,1205.681755,0.00117924982616993,0.00203751942816784,NA,NA,7.355,7.005,0.36775,0.35025,9.355,3.78851099114006,0.648434175259115,3.8036,40.2791234285714,23.2507466666667,4.64991618594526,0.614138539911189,0.385861460088811,223.390188895976,-1.08762762073798,99.2509409579218,7.49521149143157,0.0739902417712889,0.0172032836722966,0.0734360111750456,0.0567869580989923,0.056232727502749,0.954680352576329
"5","001E",1,"CC",0.9,102,4.1748,2.6878,NA,NA,NA,NA,NA,NA,NA,NA,NA,NA,NA,NA,42.45,71.77,9.26,9.17,7.57,7.19,1.47,1.18,7.95,8.08,6.49,6.77,0.8,0.78,"55C","001E",8.615,7.005,0.0011489016391682,0.805,1331.6605020625,0.00111665097650408,0.00201838230978323,NA,NA,9.215,8.015,0.46075,0.40075,7.177,4.19029901349769,0.641433938566704,4.0612,55.1183103896104,11.3848987012987,5.13277433817302,0.561723687057698,0.438276312942302,255.727415805241,-1.41663604075247,99.0693051756413,15.8506235692917,0.156472098413541,0.0178141899001781,0.155015820692041,0.138657908513363,0.137201630791863,0.913584994703891
"6","002A",2,"CC",0.1,71,3.5568,2.1991,65.77,4,0.78,0.63,1.13,1.43,NA,NA,NA,NA,NA,NA,37.83,65.77,9.3,8.84,7.47,7.18,1.47,1.35,7.89,7.51,6.31,6.59,0.82,0.71,"10C","002A",8.385,6.8875,0.000996527483965256,0.74875,1156.0429895625,0.00117443729364582,0.00190226489832549,0.9925,0.00725319047449375,9.07,7.7,0.4535,0.385,6.577,3.63989553536629,0.604165690644937,3.5459,10.357099975,33.24464975,4.41100852237928,0.608885940071015,0.391114059928985,237.673997501751,-1.22257382975231,99.0699835886635,1.25800165494672,0.0124185750735116,0.00412851178712973,0.0123030802872738,0.00829006328638185,0.00817456850014405,0.991784203962798
"7","002B",2,"CC",0.1,127,3.177,2.2163,58.72,8,0.78,1.36,0.9,1.44,0.79,0.5,0.83,1.08,NA,NA,42.82,58.72,8.69,8.72,7.43,7.34,1.08,1.12,8.75,8.64,7.11,7.36,0.7,1.11,"25C","002B",8.7,7.31,0.00117035007761242,0.695,1111.1292,0.000864615924052757,0.00199463752730106,0.96,0.0156597450593504,8.705,8.695,0.43525,0.43475,5.872,3.49071571623061,0.634912774390358,3.151,25.3521480519481,56.787244025974,4.26785987207476,0.455604543997407,0.544395456002593,319.951540849275,-2.44025088391236,98.2442883834361,3.23710695508034,0.0319556461508424,0.0181467307597556,0.031394597159224,0.0138089153910868,0.0132478663994684,0.97522933604051
"8","002C",2,"CC",0.2,135,3.6661,2.2152,55.86,1,0.86,NA,NA,NA,NA,NA,NA,NA,NA,NA,33.3,55.86,9.09,9.08,7.67,8.28,0.96,1,9.58,8.85,7.67,8.22,1.54,1.47,"35C","002C",9.15,7.96,0.000957227573585542,0.595000000000001,1169.1847125,0.00124095019759335,0.00189465357895705,0.86,0.00195649154110882,9.085,9.215,0.45425,0.46075,5.586,3.67316389036031,0.603076820452655,3.6193,33.945014875,33.70733,4.44992233191875,0.628310721177798,0.371689278822202,226.132662933609,-1.11240558548421,99.2182029652655,5.30862511916694,0.052404986368874,0.0176643216918114,0.0519952857393891,0.0347406646770626,0.0343309640475778,0.9651701962844
"9","002D",2,"CC",0.15,149,4.6887,2.8855,54.52,3,0.94,1.01,0.61,NA,NA,NA,NA,NA,NA,NA,38.53,54.52,11.01,10.52,10.17,9.11,1.14,1.53,11.17,10.64,9.74,8.95,1.62,1.25,"45C","002D",10.835,9.4925,0.0013115286961554,0.671250000000001,1600.12417675,0.00112691253978955,0.00180329754523222,0.853333333333333,0.00507851210429503,10.765,10.905,0.53825,0.54525,5.452,5.02700829769207,0.573999450393736,4.6214,39.6310614102564,25.4767282051282,6.03880699899077,0.550501426139473,0.449498573860527,281.958356750975,-1.75850592071161,98.7892132328017,7.2405971233047,0.0714767731816851,0.0182099432332939,0.0706113418703809,0.0532668299483912,0.052401398637087,0.955589357448163
"10","002E",2,"CC",0.05,103,4.6583,2.8312,NA,NA,NA,NA,NA,NA,NA,NA,NA,NA,NA,NA,48.84,67.1,9.25,9.9,7.56,7.95,0.92,1,8.82,9.48,7.24,6.94,0.73,0.65,"55C","002E",9.3625,7.4225,0.00143653879394741,0.97,1470.43621484375,0.00124255644791376,0.0019254150376736,NA,NA,9.575,9.15,0.47875,0.4575,6.71,4.62030485817992,0.612773417967769,4.4877,55.3902946666667,12.3739866666667,5.61306329973836,0.595464198458563,0.404535801541437,243.569057514893,-1.28282042592154,99.1575420611992,16.0581484758459,0.158520715457511,0.0196153321946171,0.157185245105495,0.138905383262894,0.137569912910878,0.911599711349944
"11","003A",3,"CC",0.85,150,3.8688,2.3785,NA,NA,NA,NA,NA,NA,NA,NA,NA,NA,NA,NA,50.19,66.63,8.45,9.34,7.15,8.34,1.05,0.75,8.03,9.44,7.71,6.75,0.79,0.73,"10C","003A",8.815,7.4875,0.00138991865852557,0.66375,1294.3581279375,0.00115138149777351,0.00183759034587285,NA,NA,8.895,8.735,0.44475,0.43675,6.663,4.06645762547922,0.584907115494582,3.8579,10.9079157682927,35.6664437804878,4.9004771059987,0.586603263162516,0.413396736837484,256.384598591714,-1.42426513880478,98.9194774814155,1.30505500298142,0.0128830701182766,0.00459493296093596,0.0127438656445636,0.00828813715734067,0.00814893268362765,0.99133060069725
"12","003B",3,"CC",0,145,5.1054,3.0339,NA,NA,NA,NA,NA,NA,NA,NA,NA,NA,NA,NA,57.2,69.08,10.4,11.18,9.66,9.45,1.42,1.29,9.75,8.66,8.88,7.74,0.97,0.77,"25C","003B",9.9975,8.9325,0.0017965417501039,0.532499999999999,1726.1366079375,0.00120007882949378,0.00175762450436939,NA,NA,10.79,9.205,0.5395,0.46025,6.908,5.43417654774918,0.558299858928329,5.0415,23.3462037974684,60.9496330379747,6.49801161268425,0.579542527627846,0.420457472372154,268.028025936612,-1.56690803859245,98.8614631481568,2.87056554750196,0.0283372709526354,0.0172714626586079,0.028014640680033,0.0110658082940275,0.0107431780214251,0.97735694833068
"13","003C",3,"CC",0.25,125,7.3053,4.4703,NA,NA,NA,NA,NA,NA,NA,NA,NA,NA,NA,NA,75.46,93.71,11.38,10.81,9.27,10.11,1.89,2.28,9.87,10.47,8.35,8.47,1.49,1.94,"35C","003C",10.6325,9.05,0.00252058916428609,0.791250000000001,2648.48019279688,0.00107042522262783,0.00168787367644205,NA,NA,11.095,10.17,0.55475,0.5085,9.371,8.32569372609427,0.536928230495586,7.2188,33.0523382716049,35.1922011111111,9.89320151830206,0.506831995883372,0.493168004116628,321.222663994952,-2.46835346302519,98.2685163355207,5.05012625246737,0.0498531712978023,0.0175444283033893,0.0489899717805559,0.032308742994413,0.0314455434771667,0.966732799958027
"14","003D",3,"CC",0,115,2.4959,1.3864,NA,NA,NA,NA,NA,NA,NA,NA,NA,NA,NA,NA,44.15,58.69,7.56,8.26,5.9,6.89,1.69,1.95,7,7.33,6.25,5.95,0.87,1.01,"45C","003D",7.5375,6.2475,0.00104546116675702,0.645,833.602039453125,0.00133097083199062,0.00166314372372401,NA,NA,7.91,7.165,0.3955,0.35825,5.869,2.6209700337869,0.528964460534814,2.3707,42.25331,21.6640303797468,3.10711029352716,0.57203121507593,0.42796878492407,280.968604766212,-1.74405172533153,98.8090298924451,8.31905826940715,0.0821229839033283,0.0177911481815716,0.0811449237136075,0.0643318357217566,0.0633537755320359,0.95053196405241
"15","003E",3,"CC",0.8,131,3.1561,1.87,NA,NA,NA,NA,NA,NA,NA,NA,NA,NA,NA,NA,51.9,62.42,7.65,8.17,7.22,6.61,0.7,0.85,8.2,7.7,7.2,7.01,0.68,0.58,"55C","003E",7.93,7.01,0.00129297586365999,0.46,981.3188645,0.0013105831820071,0.00190559874842801,NA,NA,7.91,7.95,0.3955,0.3975,6.242,3.08291067214939,0.606569634629162,2.9466,55.2075241333333,12.0945986666667,3.73862495786368,0.576145574567746,0.423854425432254,256.908176100828,-1.43037397778561,99.0605763336188,15.9184399064143,0.157141558799746,0.0190056408753734,0.155665333806661,0.138135917924373,0.136659692931288,0.912664512658983
"16","004A",4,"LS",0.05,96,4.294,2.0829,55.28,8,1.28,1.27,1.26,1.03,0.68,0.66,0.71,0.41,NA,NA,41.13,55.28,10.47,9.46,7.99,8.87,2.15,1.97,10.59,9.45,7.7,8.94,1.85,2.57,"10C","004A",9.9925,8.375,0.00129116795562767,0.80875,1379.927777375,0.00160233023514181,0.00150942682229518,0.9125,0.0144826420104514,9.965,10.02,0.49825,0.501,5.528,4.3351819125401,0.480464267018399,4.2718,10.2978102758621,32.3754905747126,5.06554944500763,0.73387772862942,0.26612227137058,183.094841467114,-0.774550271279539,99.4096653490753,1.25302703137026,0.0123694672395879,0.00400467570029495,0.0122964459883379,0.00836479153929298,0.00829177028804291,0.991849439155684
"17","004B",4,"LS",0.05,84,2.866,1.5219,51.65,7,1.27,1.44,1.07,0.91,0.96,0.67,1.13,NA,NA,NA,35.01,51.65,9.21,8.24,6.84,7.59,1.67,1.14,8.48,8.66,6.97,7.37,1.25,1.27,"25C","004B",8.6475,7.1925,0.00095111395574184,0.7275,965.587146328125,0.00139200278826335,0.0015761394564824,1.06428571428571,0.0156724590396085,8.725,8.57,0.43625,0.4285,5.165,3.03356270144756,0.501687339204749,2.8235,25.2672380952381,56.8724342857143,3.56721594820081,0.636380898093015,0.363619101906985,245.162543647416,-1.29960288889729,99.0608257513752,3.22080211624189,0.0317946901899496,0.0180824142846255,0.0314960826472555,0.013712275905324,0.01341366836263,0.975210751534059
"18","004C",4,"LS",0.3,41,3.2507,1.5206,66.46,10,1.61,0.99,0.67,0.98,1.48,1.09,0.52,0.85,1.2,0.35,48.13,66.46,7.88,8.45,6.21,6.25,2.24,2.91,7.53,6.96,5.76,5.87,1.42,2.15,"35C","004C",7.705,6.0225,0.00116503340328512,0.84125,986.383120375,0.00175398378607924,0.00154159166817646,0.974,0.0195284160911805,8.165,7.245,0.40825,0.36225,6.646,3.10249563263053,0.490121560206909,3.1778,33.9051938554217,33.7429373493976,3.63569303522794,0.783511633955813,0.216488366044187,147.588615568719,-0.559681530290004,99.6058386477109,5.29685407150464,0.0522887864906678,0.0176437724663063,0.0520826843027406,0.0346450140243615,0.0344389118364343,0.965136771615477
"19","004D",4,"LS",0.15,79,3.1687,1.6497,60.26,11,1.16,1.46,0.92,1.06,1.34,1.2,1.06,1.63,0.87,0.95,45.9,60.26,8.53,8.45,6.79,7.07,1.98,1.78,8.39,8.28,6.83,7.11,1.1,1.41,"45C","004D",8.4125,6.95,0.00121307495230308,0.73125,1066.15240390625,0.00142474940208789,0.0015473397555131,1.165,0.0216989380835597,8.49,8.335,0.4245,0.41675,6.026,3.34951131450582,0.492519608115846,3.078,39.7085283950617,25.359524691358,3.92797754827205,0.626920982951917,0.373079017048083,253.761659078754,-1.39406892187504,99.0391662416203,7.27063421073314,0.0717732893458356,0.018201365033457,0.0710836673523012,0.0535719243123786,0.0528823023188442,0.955357483807121
"20","004E",4,"LS",0,73,4.2141,2.0648,63.4,4,1.21,0.89,0.85,1.3,NA,NA,NA,NA,NA,NA,47.56,63.4,9.09,8.79,7.62,7.77,1.31,1.45,8.15,8.49,6.7,7.14,1.68,1.38,"55C","004E",8.63,7.3075,0.00128944408519882,0.66125,1180.458865,0.00182073265212846,0.00174915031876185,1.0625,0.00731071641365495,8.94,8.32,0.447,0.416,6.34,3.71011597375096,0.556532468151519,3.9015,55.3951642857143,12.3060952380952,4.43413675297174,0.775195842337024,0.224804157662976,143.563370185769,-0.53809882001639,99.6457552511409,16.0618850598516,0.158557601775435,0.0195122494817248,0.157995919797229,0.13904535229371,0.138483670315504,0.911245915360523
"21","005A",5,"MG",0.05,92,4.6885,2.612,34.79,20,0.77,1.12,0.94,0.97,0.92,0.76,0.76,0.94,0.95,1.32,59.27,71.74,9.31,9.54,7.46,7.85,2.86,3.62,9.9,9.39,7.69,8.03,3.29,2.84,"10C","005A",9.535,7.7575,0.00177543794437378,0.88875,1630.582495375,0.00127347129377986,0.00160188154074308,0.945,0.0602913307246279,9.425,9.645,0.47125,0.48225,7.174,5.12285324454799,0.509872111362907,4.6459,11.0306896923077,36.2010767948718,6.03874934844409,0.593536262266596,0.406463737733404,271.889371401852,-1.61756974976459,98.774255596017,1.31575167616005,0.0129886641279373,0.00470203627558256,0.012829456304237,0.00828662785235478,0.00812742002865444,0.99123425371009
"22","005B",5,"MG",0,82,2.7421,1.4778,30.86,10,0.81,0.99,0.76,1.01,0.96,0.89,1.11,0.79,1.08,0.69,56.14,69.95,7.83,7.65,6.66,6.48,1.22,2.59,7.82,7.39,6.05,6.15,2.85,3.54,"25C","005B",7.6725,6.335,0.00135319124129024,0.66875,1029.44114367188,0.00122814209221366,0.0014355361732764,0.909,0.0422344828926059,7.74,7.605,0.387,0.38025,6.995,3.23416817226371,0.456933567237982,2.7012,23.3585302631579,60.9280460526316,3.75235778265332,0.537862792200811,0.462137207799189,325.016426686797,-2.55479638169788,98.1503980638103,2.87270227976282,0.028358364064786,0.0172781971171657,0.027833847213972,0.0110801669476202,0.0105556500968062,0.977443977834431
"23","005C",5,"MG",0,57,3.2831,1.809,36.15,11,0.79,0.9,0.83,0.72,0.64,0.86,0.45,0.9,0.62,1.11,68.7,84.88,7.5,7.44,6.17,5.34,2.6,2.71,7.47,7.44,6.01,6.03,3.09,2.48,"35C","005C",7.4625,5.8875,0.00161061208668833,0.7875,1181.718590625,0.00124742050408157,0.00153082130919446,0.782,0.0407755698733409,7.47,7.455,0.3735,0.37275,8.488,3.71247969287916,0.487275392635766,3.1891,33.1911733333333,35.1173638666667,4.34680436820384,0.543816543659267,0.456183456340733,311.841266209323,-2.27036582006322,98.4070029600206,5.08959785746192,0.0502428218900486,0.0176439545800096,0.049442455224538,0.032598867310039,0.0317985006445284,0.966456795097726
"24","005D",5,"MG",0,56,6.0984,3.1461,40.56,23,1,1.25,0.78,1.26,0.89,0.74,0.98,0.95,0.8,1.34,82.46,93.87,9.52,10.12,7.66,7.58,3.98,3.99,9.56,9.19,7.99,7.42,4.14,3.92,"45C","005D",9.5975,7.6625,0.0024862873707386,0.9675,2161.63850667188,0.00136576952662888,0.00145542374004238,0.999,0.0590842556899423,9.82,9.375,0.491,0.46875,9.387,6.79220427374397,0.463192782961726,5.8425,42.3505733333333,21.5799291666667,7.89538219582189,0.56774895422557,0.43225104577443,302.240938741719,-2.08819717603126,98.5761383114689,8.36158881404716,0.0825428313331407,0.0178126845338529,0.0813675355811593,0.0647301467992878,0.0635548510473064,0.950409889942494
"25","005E",5,"MG",0.01,56,4.9562,2.6314,34.32,15,0.92,0.63,0.75,0.53,1.04,0.78,0.77,0.86,0.9,0.75,57.24,72.18,10.03,9.34,8.5,8.54,3.48,4.15,9.78,9.75,7.81,7.86,4.26,3.43,"55C","005E",9.725,8.1775,0.00174879582495464,0.77375,1706.617153125,0.00136222702071349,0.00154188067029657,0.793,0.0449422043252377,9.685,9.765,0.48425,0.48825,7.218,5.36152614543553,0.490793092977866,4.5322,55.1997604109589,12.1033479452055,6.28422484673423,0.520364397351105,0.479635602648895,326.777264385028,-2.59628004692562,98.3013390937715,15.9125284370173,0.157083202734623,0.019012326590444,0.154414891779518,0.138070876144179,0.135402565189074,0.913286390815019
"26","006A",6,"MG",0,52,2.8853,1.5558,28.24,15,0.76,1.32,1.01,1.3,1.23,1.37,1.26,0.82,0.9,0.94,61.47,79.11,7.44,7.39,6.46,6.11,3.78,2.62,7.24,6.87,5.94,5.91,2.7,3.29,"10C","006A",7.235,6.105,0.00139717762251095,0.565,1035.2576874375,0.00128422132589116,0.00150281424507068,1.091,0.0734155456928568,7.415,7.055,0.37075,0.35275,7.911,3.25302898019204,0.478261955080448,2.8428,10.8490938556701,31.8681542268041,3.7985692399323,0.573844146372745,0.426155853627255,293.809014844951,-1.94287504585826,98.5286365627329,1.29995732826301,0.0128327475642942,0.00408955978532573,0.0126439312086364,0.0087431877789685,0.00855437142331069,0.991633254503019
"27","006B",6,"MG",0,54,2.6445,1.4346,30.76,19,0.74,0.79,0.72,0.61,0.88,0.94,1.08,1.05,0.8,0.85,56.11,72.61,7.75,7.05,5.77,6.1,2.28,3.14,7.56,6.93,5.85,6.04,2.53,3.26,"25C","006B",7.3225,5.94,0.00129077195787368,0.69125,973.319010953125,0.00124306623664445,0.00147392579807433,0.846,0.084354428896098,7.4,7.245,0.37,0.36225,7.261,3.05788602873874,0.469147635496316,2.6145,24.53488,59.7951404210526,3.5609275871803,0.554900386522592,0.445099613477408,309.503878916856,-2.22423256055879,98.3940962497826,3.08311807795515,0.0304355190321337,0.0181989613431406,0.0299467538905986,0.0122365576889932,0.011747792547458,0.97592714238313
"28","006C",6,"MG",0,40,3.4425,1.8523,41.29,26,1.03,0.97,1.38,0.9,1.2,1.25,1.8,1.18,0.93,1.27,57.25,71.93,8.04,8.38,6.9,6.78,2.2,3.73,8.47,8.1,6.85,7.3,2.81,3.46,"35C","006C",8.2475,6.9575,0.00148336383975008,0.645,1223.19224051563,0.001300040948044,0.00151431634263734,1.191,0.0763494900845137,8.21,8.285,0.4105,0.41425,7.193,3.84279823814907,0.482018540971379,3.3525,32.809541443299,37.1991525773196,4.49230603035686,0.568256277731765,0.431743722268235,296.608346241425,-1.98971855926376,98.6008048093228,4.98173580473173,0.0491780434820507,0.0182938154294286,0.0484899466627807,0.0308842280526221,0.0301961312333521,0.966608118953895
"29","006D",6,"MG",0,37,4.3183,2.3516,28.44,20,1.12,1.24,1.04,1.13,1.22,1.62,1.14,0.76,1.19,0.94,57.55,71.18,9.54,9.11,7.91,7.96,3.39,2.57,9.15,8.92,7.7,7.38,3.57,3.68,"45C","006D",9.18,7.7375,0.00165973167322537,0.72125,1499.627358,0.0013114591365037,0.00156812289896888,1.14,0.0766051068028399,9.325,9.035,0.46625,0.45175,7.118,4.71161008937598,0.499107514287426,4.1391,40.7809612903226,24.3180225806452,5.53619710236299,0.561295492818751,0.438704507181249,296.522224008572,-1.98825723701404,98.6370849863017,7.69765145628811,0.0759886619574344,0.0184789399735391,0.0749530010749081,0.0575097219838954,0.0564740611013691,0.953284029475776
"30","006E",6,"MG",0,51,3.1762,1.7417,42.26,29,1.17,1.21,0.9,1.02,1.23,1.52,1.08,0.82,1.16,1.14,66.66,81.69,7.49,7.36,6.37,6.08,3.16,3.49,6.96,7.17,5.77,5.75,2.65,2.65,"55C","006E",7.245,5.9925,0.0015172375127587,0.626250000000001,1071.9775355625,0.00133818102750378,0.00162475419700477,1.125,0.094717475733546,7.425,7.065,0.37125,0.35325,8.169,3.3684096696369,0.517068934844778,2.8989,55.1326561956522,12.5251173913043,3.97913564366287,0.517199233541112,0.482800766458888,320.696040449057,-2.45665954811517,98.3916236129806,15.8615119296244,0.156579584695206,0.0196117767938913,0.154061195628076,0.136967807901315,0.134449418834184,0.913163513789016
"31","007A",7,"TD",0.2,67.8,1.9653,0.9614,55.82,13,1.6,1.89,1.49,1.34,1.23,1.24,1.2,1.73,1.28,1.4,40.53,55.82,7.13,7.26,6.02,6.09,0.71,0.59,6.63,6.97,5.55,5.12,0.94,0.84,"10C","007A",6.9975,5.695,0.000890982929874335,0.65125,683.30666221875,0.00146917929460875,0.00140698174503123,1.44,0.0332820917129,7.195,6.8,0.35975,0.34,5.582,2.1472412135419,0.447737307730862,1.8968,10.8564467850467,36.5883513084112,2.48435549925619,0.614200480878694,0.385799519121306,273.632741189335,-1.64103456166709,98.7558275981799,1.30059359384926,0.01283902856712,0.00469758887672514,0.0126792889170261,0.00814143969039487,0.00798170004030097,0.991311561103124
"32","007B",7,"TD",0.1,74,2.7968,1.2904,NA,NA,NA,NA,NA,NA,NA,NA,NA,NA,NA,NA,47.95,63.32,7.58,7.9,6.33,6.3,0.66,0.59,7.13,7.68,5.75,5.93,0.87,0.71,"25C","007B",7.5725,6.0775,0.00114071661220835,0.7475,907.7358314375,0.0016595136468442,0.00142155895505029,NA,NA,7.74,7.405,0.387,0.37025,6.332,2.85220131175083,0.452422483182957,2.7491,23.928466,56.9451682,3.30467923382876,0.724179634830119,0.275820365169881,194.789628466902,-0.856622572792988,99.3771704736794,2.97302695989514,0.0293487360305542,0.0167126870971731,0.029165943436954,0.0126360489333811,0.0124532563397809,0.977060684732937
"33","007C",7,"TD",0,117,5.1752,2.5046,62.54,13,1.31,1.4,1.52,1.63,2.03,1.6,1.94,1.81,1.08,1.66,43.83,62.54,10.49,11.08,8.63,8.13,0.82,1.27,9.61,10.27,8.94,8.38,0.98,0.77,"35C","007C",10.3625,8.52,0.00142687486224589,0.92125,1678.90828671875,0.0015906765254101,0.00149180275052128,1.598,0.020059538252575,10.785,9.94,0.53925,0.497,6.254,5.27736861060525,0.474592582933628,5.0713,32.2004140196078,35.573168627451,6.15560497424161,0.70301191537904,0.29698808462096,205.463187100978,-0.937408334548644,99.337030550142,4.81368416710752,0.0475190934561453,0.0169040472453906,0.0472040563836816,0.0306150462107547,0.030300009138291,0.967945948185464
"34","007D",7,"TD",0.3,67,1.6851,0.7877,57.24,4,1.72,1.17,0.67,0.35,NA,NA,NA,NA,NA,NA,39.63,57.24,6.1,6.3,5.1,5.08,0.89,1.05,5.84,5.53,4.61,4.55,1.29,1.34,"45C","007D",5.9425,4.835,0.00073984907545103,0.55375,505.3334124375,0.00177585724179873,0.00155877284306314,0.9775,0.0117595628029741,6.2,5.685,0.31,0.28425,5.724,1.58854536160413,0.495862453184573,1.555,40.2231460606061,23.2655888888889,1.86475185511063,0.712407667615214,0.287592332384786,194.990878194271,-0.858091788442657,99.4084505036276,7.47291795133103,0.0737701673379174,0.0171630638554853,0.0733337802845569,0.0566071034824321,0.0561707164290716,0.954751577929979
"35","007E",7,"TD",0.25,116,2.8814,1.3692,46.19,5,0.97,1.58,1.35,1.19,1.13,NA,NA,NA,NA,NA,30.68,46.19,9.65,9.7,7.94,7.59,1.31,0.59,8.68,8.85,7.22,7.27,1.35,1.08,"55C","007E",9.22,7.505,0.000888661057283883,0.8575,981.634499,0.0015404919056334,0.00139481650389714,1.244,0.0117406224126603,9.675,8.765,0.48375,0.43825,4.619,3.08639918322209,0.443623756590878,2.6146,55.1190473684211,11.3811223684211,3.56650827413118,0.566784376440049,0.433215623559951,308.420336327791,-2.20324858907496,98.5562687705783,15.8511827750776,0.156477618707578,0.0178089092643008,0.154218502459241,0.138668709443277,0.13640959319494,0.913986294138229
"36","008A",8,"MG",0,38,2.9115,1.4639,71.67,26,1.18,1.02,0.86,0.84,0.72,0.88,1.03,1.42,1.32,0.95,59.76,71.67,7.97,7.37,5.92,5.64,2.96,2.68,6.74,7.29,5.13,5.62,3.33,3.03,"10C","008A",7.3425,5.5775,0.00137849252896483,0.8825,965.973747234375,0.00149859145152189,0.00151546561611142,1.022,0.049407398634427,7.67,7.015,0.3835,0.35075,7.167,3.03670849427963,0.482068003154602,2.8526,11.2127491694915,35.9313192372881,3.55002407869522,0.665684277451308,0.334315722548692,229.664480475812,-1.14508305260211,99.1312839260714,1.33175568378407,0.0131466503828635,0.00472376491807684,0.0130324433178044,0.00842288546478666,0.00830867839972753,0.991121895882059
"37","008B",8,"MG",0.2,42,4.0117,2.1196,30.76,16,1.13,1.2,0.99,1,2.09,1.41,1.27,1.37,1.12,1.27,43.67,61.77,9.4,9.46,7.52,7.22,2.62,2.73,9.24,8.7,7.41,6.61,1.62,1.61,"25C","008B",9.2,7.19,0.00126217883087685,1.005,1307.0532,0.00144760748835625,0.00162166314270911,1.285,0.056538700740657,9.43,8.97,0.4715,0.4485,6.177,4.10708419528998,0.516083892906497,3.9469,23.7302096491228,61.7760397368421,4.85032055892635,0.669164039515801,0.330835960484199,219.966408276312,-1.05739944855437,99.231241460448,2.93778680919194,0.0290008569515492,0.0179155809144138,0.0287779103871909,0.0110852760371354,0.0108623294727772,0.976653254349198
"38","008C",8,"MG",0,42,4.9416,2.4917,31.74,16,1.03,1.29,1.39,1.1,1.32,1.45,1.3,1.26,1.49,1.09,56.23,72.41,10.34,9.65,7.49,7.68,2.93,3.11,9.8,9.85,8.28,7.92,2.94,3.05,"35C","008C",9.91,7.8425,0.00175061889117152,1.03375,1777.81213025,0.00137804212172604,0.00140155416739654,1.272,0.0508673842782904,9.995,9.825,0.49975,0.49125,7.241,5.58529849141299,0.446117607470902,4.7876,33.6623726956522,35.216065826087,6.45901147842598,0.578704246562182,0.421295753437818,299.251952423967,-2.03521586060885,98.572989584407,5.22556496323783,0.0515850440596035,0.018166223072446,0.0508489201079847,0.0334188209871576,0.0326826970355388,0.965492428409785
"39","008D",8,"MG",0.03,49,4.1584,2.0875,20.3,9,0.86,1.21,1.39,0.78,1.36,1.06,0.96,1.72,1.35,0.71,65.41,84.32,7.74,7.8,5.89,6.09,2.14,2.85,7.87,7.63,6.36,6.02,1.85,2.18,"45C","008D",7.76,6.09,0.00159461462565735,0.835,1269.387008,0.0016314173588895,0.00164449453700412,1.14,0.0571327002183739,7.77,7.75,0.3885,0.3875,8.432,3.98789910638757,0.523458579144185,3.783,41.066091238938,23.9222159292035,4.71987962586809,0.644094029348397,0.355905970651603,234.930624089122,-1.19548501743866,99.1790179179004,7.81476071490212,0.0771447257147298,0.0184547278634694,0.0765113813393269,0.0586899978512603,0.0580566534758575,0.952516945398602
"40","008E",8,"MG",0.03,65,4.9484,2.6717,37.5,24,1.39,0.98,1.32,1.39,1.45,1.16,1.48,1,1.16,1.16,54.64,73.15,9.7,9.55,8.02,7.68,1.84,1.39,9.36,9.36,7.95,8.24,0.79,0.77,"55C","008E",9.4925,7.9725,0.00162945048995595,0.76,1647.84193492188,0.00138162523464846,0.00162133269179526,1.249,0.0674216486700026,9.625,9.36,0.48125,0.468,7.315,5.17718433019173,0.516052709272775,4.6489,47.9796785344828,23.3545823275862,6.1140142003216,0.574381036982411,0.425618963017589,282.994405236358,-1.77378400629217,98.8103180782642,11.1649678052837,0.110216858887302,0.0257406870477145,0.108905628842415,0.0844761718395875,0.0831649417947003,0.932676842054935
"41","009A",9,"TD",0.2,86,3.1465,1.5351,30.69,10,0.99,0.73,1.35,1.24,1.02,0.89,1.3,1.19,1.17,1.29,43.7,60.56,8.82,8.63,7.11,7.03,1.84,2,7.63,7.69,6.44,6.48,1.67,1.75,"10C","009A",8.1925,6.765,0.00112472865449515,0.71375,1016.152231625,0.00158578601694659,0.00151069884238222,1.117,0.0397728453483619,8.725,7.66,0.43625,0.383,6.056,3.19683204847886,0.480194134918799,3.1132,11.2400954311927,37.0573153211009,3.73511386666068,0.717313660570395,0.282686339429605,194.540675653136,-0.854807868257604,99.3508464613579,1.33417430911032,0.0131705262498551,0.00488064344185718,0.0130850293126464,0.00828988280799794,0.00820438587078921,0.991017163622748
"42","009B",9,"TD",0.2,61,2.5838,1.27,72.9,10,1.5,1.89,1.63,2.29,0.7,0.6,1,0.77,0.84,1.09,46.61,72.9,7.94,7.19,6.6,6.02,1.02,0.52,6.99,6.28,6.78,5.06,0.53,0.64,"25C","009B",7.1,6.115,0.00103965039844512,0.492500000000001,918.72225,0.00143002958728821,0.0013823546779236,1.231,0.0193203114434205,7.565,6.635,0.37825,0.33175,7.29,2.89037776333398,0.439388932516241,2.5322,23.7345660377358,61.5943739622642,3.33570243865866,0.611027017434125,0.388972982565875,277.992188028681,-1.70139620140753,98.7659547272344,2.9385572230216,0.0290084622213386,0.0178675807013135,0.0286504846645942,0.0111408815200252,0.0107829039632808,0.976740967317046
"43","009C",9,"TD",0.2,63,1.236,0.5515,39.02,3,1.5,1.53,1.62,NA,NA,NA,NA,NA,NA,NA,27.65,39.02,6.35,6.18,4.98,4.54,0.78,0.76,6.5,6.04,5.23,4.68,1.24,1.33,"35C","009C",6.2675,4.8575,0.000544426618593742,0.705,383.19158121875,0.00178631273114856,0.00143922786154628,1.55,0.0122670362043173,6.265,6.27,0.31325,0.3135,3.902,1.20383192032061,0.458120432504501,1.1655,33.7414111764706,34.9402516666667,1.39721503720372,0.726012868389017,0.273987131610983,192.481220419885,-0.839912095835371,99.4087530921518,5.24867772753418,0.0518132056025092,0.0181036644340842,0.0515068616265273,0.033709541168425,0.0334031971924432,0.965194736969694
"44","009D",9,"TD",0.05,60,1.7315,0.8686,31.14,6,1.45,1.24,1.73,1.13,1.83,1.05,1.78,1.38,0.79,1.17,63.26,72.6,5.57,5.34,4,4.72,0.83,0.57,5.35,5.65,4.84,4.28,0.94,0.64,"45C","009D",5.4775,4.46,0.00108858274606001,0.50875,544.5545634375,0.00158459786757262,0.0015950651382241,1.355,0.0351763080530001,5.455,5.5,0.27275,0.275,7.26,1.7107782380833,0.507722146952929,1.5588,41.0577377227723,23.8045475247525,2.01535226405732,0.601873675451056,0.398126324548944,266.868173731757,-1.55203235102174,98.9354434161385,7.81130800577736,0.0771106417154725,0.0183558393538013,0.0762897553022326,0.0587548023616712,0.0579339159484313,0.952677202671983
"45","009E",9,"TD",0.1,116,4.9406,2.4526,37.47,9,1.93,1.44,1.57,1.38,1.3,1.47,0.93,1.24,1.34,1.65,57.93,74.61,10.13,9.89,8.45,8.74,1.46,1.56,9.18,9.53,8.4,8.43,1.04,1.06,"55C","009E",9.6825,8.505,0.00176214201740544,0.588750000000001,1748.68691357813,0.0014227818488726,0.0014025380878396,1.425,0.0248068322977514,10.01,9.355,0.5005,0.46775,7.461,5.49575698161769,0.446271552436453,4.5559,50.6517260576923,19.2243498076923,6.35575957902029,0.538871126690633,0.461128873309367,327.499848526871,-2.61356296623924,98.2663216567636,12.7561951560755,0.125924927503214,0.0242082485583007,0.123741794306354,0.101716678944913,0.0995335457480536,0.926024978567673
"46","010A",10,"TD",0.15,67,2.1287,1.1744,35.8,13,1.59,0.93,2.19,1.04,1.23,1.4,1.34,0.91,0.77,1.07,56.12,72.45,6.86,6.62,5.94,5.4,0.61,0.69,6.51,6.57,5.15,5.42,1.12,1.16,"10C","010A",6.64,5.4775,0.00117067303333721,0.58125,798.57288,0.00119500677258161,0.00147062344516383,1.247,0.0546880258464024,6.74,6.54,0.337,0.327,7.245,2.5089803668205,0.468078593013565,2.099,10.8800543238095,31.0353386666667,2.9207829642231,0.529437138898866,0.470562861101134,327.536626069539,-2.61444672067401,98.0253112883046,1.30263826117001,0.0128592128447188,0.00399090025622599,0.0126052834202612,0.00886831258849282,0.00861438316403526,0.991701908161756
"47","010B",10,"TD",0.1,44,1.746,0.7812,29.54,5,1.26,1.05,0.81,1.54,1.34,1.13,1.81,1.98,1.31,1.39,34.66,55.49,6.33,6.81,6.07,5.23,0.8,0.78,6.51,6.09,4.9,5.36,0.42,0.55,"25C","010B",6.435,5.39,0.000700691714837972,0.5225,574.4494738125,0.00167952107884585,0.00135991072428936,1.362,0.0263033438388889,6.57,6.3,0.3285,0.315,5.549,1.8049510058832,0.432809531922858,1.6871,24.5317568627451,59.7790708823529,2.07887827861047,0.698092905562092,0.301907094437908,217.057569614621,-1.03231262011235,99.2514251270133,3.08254210060025,0.030429833174731,0.0181906715429042,0.0302020430896932,0.0122391616318268,0.012011371546789,0.975803642683701
"48","010C",10,"TD",0.08,58,1.4469,0.75,54.13,11,2.41,1.68,1.63,1.58,1.81,1.38,1.02,1.58,1.24,1.62,36.96,54.13,6.43,6.64,5.17,5.21,1.46,1.85,6.25,6.27,5.48,5.36,1.27,1.28,"35C","010C",6.3975,5.305,0.000742834609489552,0.54625,553.858244578125,0.00125826419814483,0.00135413710519246,1.595,0.0317646711450521,6.535,6.26,0.32675,0.313,5.413,1.74026491656307,0.43096886736142,1.3985,32.6814108737864,37.3456165048544,2.00325192955008,0.517453821302165,0.482546178697835,347.505672150441,-3.16147869963872,97.7850682270796,4.9459693216495,0.0488249686243781,0.0182339855410757,0.0477435288811983,0.0305909830833024,0.0295095433401226,0.967011242788863
"49","010D",10,"TD",0.3,67,1.8139,0.9762,63.81,1,2.07,NA,NA,NA,NA,NA,NA,NA,NA,NA,38.51,63.81,7.35,6.55,6.29,5.45,1.06,0.85,6.76,5.84,5.45,4.56,0.68,0.61,"45C","010D",6.625,5.4375,0.000801510606719547,0.59375,700.1651953125,0.00119643193578926,0.00139424239670225,2.07,0.00236551318330066,6.95,6.3,0.3475,0.315,6.381,2.20139834376807,0.443445414031277,1.6972,40.8043252525253,24.276704040404,2.54370223987197,0.459967444804985,0.540032555195015,384.529334397078,-4.72168689853224,96.7938731934755,7.70719025394441,0.0760828258039922,0.0184704024460113,0.0736435139307291,0.0576124233579809,0.0551731114847178,0.95394304181163
"50","010E",10,"TD",0.1,66,1.5456,0.7744,46.51,3,1.35,1.88,2.07,NA,NA,NA,NA,NA,NA,NA,33.96,46.51,6.89,6.7,5.97,5.65,1.11,0.84,6.25,6.77,5.07,5.35,0.77,0.69,"55C","010E",6.6525,5.51,0.000709745156547087,0.57125,514.583805796875,0.00149868688309329,0.00150490550086546,1.76666666666667,0.00969594251469602,6.795,6.51,0.33975,0.3255,4.651,1.61685995872694,0.478953044646945,1.3177,55.122915,12.5814958333333,1.88840281586979,0.487700742098933,0.512299257901067,352.969849237374,-3.33886560890956,97.8203135105884,15.8541177382115,0.156506591690143,0.0196908703123873,0.153095238656034,0.136815721377756,0.133404368343647,0.913606945515789
"51","011A",11,"TD",0,112,3.0076,1.3207,NA,NA,NA,NA,NA,NA,NA,NA,NA,NA,NA,NA,33.91,46.47,9.06,9.54,8.4,8.09,0.95,0.56,9.15,9.65,8.56,8.25,0.77,0.64,"10C","011A",9.35,8.325,0.000996068654358199,0.512499999999999,1015.63089375,0.0016609380537564,0.00130037399229123,NA,NA,9.3,9.4,0.465,0.47,4.647,3.19072896910771,0.413917951912203,2.9963,10.2498945268817,31.78466,3.65383156651031,0.718176387500604,0.281823612499396,206.075656339495,-0.942227984393852,99.2822060487727,1.24901939103946,0.0123299051435288,0.00391901842819313,0.0122414018302164,0.00841088671533563,0.00832238340202331,0.991919789870795
"52","011B",11,"TD",0.02,107,4.0275,1.978,NA,NA,NA,NA,NA,NA,NA,NA,NA,NA,NA,NA,41.53,54.97,11.21,10.18,8.72,9.71,1.48,1.27,9.11,9.97,8.22,7.55,1.08,0.69,"25C","011B",10.1175,8.55,0.00132003369432701,0.78375,1406.73460739062,0.00145692015340523,0.00140609322441354,NA,NA,10.695,9.54,0.53475,0.477,5.497,4.42418663404119,0.447087829609311,3.9941,25.2185833333333,56.9039008888889,5.11777104962561,0.642116883089422,0.357883116910578,253.983645486315,-1.39659855516931,98.9909216860705,3.21149149982182,0.0317027788728709,0.0180401178688421,0.0313828730063518,0.0136626610040288,0.0133427551375097,0.975288504562403
"53","011C",11,"TD",0,80,2.5886,1.1167,NA,NA,NA,NA,NA,NA,NA,NA,NA,NA,NA,NA,38.79,60.05,7.57,7.68,6.69,4.97,1.01,0.81,7.93,7.33,6.04,6.85,0.56,0.76,"35C","011C",7.6275,6.1375,0.000929505296072286,0.745,873.408578203125,0.00168523648236677,0.00127855396416807,NA,NA,7.625,7.63,0.38125,0.3815,6.005,2.74389407112183,0.406976352240684,2.5481,33.5703694565217,34.1680282608696,3.13546420099196,0.709047643749902,0.290952356250098,214.062272728996,-1.00703207374499,99.2911347798699,5.19877220050791,0.0513205547927731,0.0175352216652298,0.0509567612290693,0.0337853331275433,0.0334215395638396,0.96575400855285
"54","011D",11,"TD",0.4,82,2.7552,1.3883,NA,NA,NA,NA,NA,NA,NA,NA,NA,NA,NA,NA,51.87,68.1,7.85,8.01,7.11,7.02,0.45,0.57,8.02,7.72,6.31,6.64,0.66,0.84,"45C","011D",7.9,6.77,0.00128733984643945,0.565,1062.53025,0.00128645749144554,0.00130659809450131,NA,NA,7.93,7.87,0.3965,0.3935,6.81,3.3380532733014,0.415901091544576,2.6763,39.8783494382022,25.0893842696629,3.8248597668079,0.528614162289723,0.471385837710277,344.080717942511,-3.05704707565145,97.9061843006689,7.33685746362398,0.0724270233329119,0.0181714941990727,0.0709105349478092,0.0542555291338392,0.0527390407487365,0.955458985426559
"55","011E",11,"TD",0.4,79,2.3715,1.0028,NA,NA,NA,NA,NA,NA,NA,NA,NA,NA,NA,NA,28.65,53.4,7.65,7.79,6.63,6.37,0.81,0.73,8.18,7.99,6.41,7.07,0.6,0.65,"55C","011E",7.9025,6.62,0.000711277389824059,0.64125,833.7009084375,0.00164171585534815,0.00120282944381028,NA,NA,7.72,8.085,0.386,0.40425,5.34,2.61961427352131,0.382804449546699,2.2142,55.3960747126437,12.2843137931034,2.97124544235247,0.615409487068265,0.384590512931735,288.991188513738,-1.86530342091555,98.7773799184881,16.0625837362736,0.158564498877331,0.0194785606065533,0.156625857471908,0.139085938270778,0.137147296865355,0.911947790960769
"56","012A",12,"TD",0.15,70,2.2364,1.0873,48.32,6,0.83,1.05,0.99,1.41,1.38,1.36,NA,NA,NA,NA,34.41,48.32,8.3,7.9,6.51,6.22,1.19,1.21,7.89,7.5,6.22,6.61,0.75,1.02,"10C","012A",7.8975,6.39,0.000853737149851171,0.753750000000001,753.4357155,0.00152514670642794,0.00144312245574719,1.17,0.0157229737803689,8.1,7.695,0.405,0.38475,4.832,2.36750684383354,0.459259496052569,2.2055,10.7434191931818,34.9468385227273,2.74876788279458,0.673019329220613,0.326980670779387,229.46834735012,-1.14324516985844,99.1312445578431,1.29084328430316,0.0127427767453422,0.00445319761250637,0.0126320731788851,0.00828957913283579,0.00817887556637872,0.991457364604304
"57","012B",12,"TD",0,75,4.7092,2.1133,72.02,8,0.84,2.08,1.05,0.88,0.99,1.2,1.34,0.97,NA,NA,48.28,72.02,9.39,9.92,7.94,8.41,0.82,0.82,8.94,8.54,7.16,7.64,1.21,1.23,"25C","012B",9.1975,7.7875,0.00139504086826761,0.705,1523.11508253125,0.00170433608712344,0.00138748543970028,1.16875,0.0120772226675279,9.655,8.74,0.48275,0.437,7.202,4.78895357964105,0.441286382266081,4.6423,23.3213325581395,60.8213490697674,5.52998085236832,0.740192048738466,0.259807951261534,185.360087043245,-0.789956012052692,99.4243295019848,2.86625846516916,0.0282947528644537,0.0172092504081174,0.0281318683197268,0.0110855024563363,0.0109226179116093,0.977329440636078
"58","012C",12,"TD",0,69,4.4369,2.0265,73.66,6,1.16,0.85,0.68,0.73,0.65,1.05,NA,NA,NA,NA,62.21,73.66,9.36,9.6,7.89,7.93,1.69,1.54,8.68,8.56,7.41,7.45,1.04,1.22,"35C","012C",9.05,7.67,0.00176871823476738,0.69,1508.2345375,0.00159815992809407,0.0013436239189689,0.853333333333333,0.00900058953861478,9.48,8.62,0.474,0.431,7.366,4.74182418092359,0.427367174040875,4.2987,32.9512825581395,35.1782824418605,5.4524150900145,0.663238854524671,0.336761145475329,243.306172054187,-1.28007253884061,99.0979924412691,5.02156279462609,0.0495712023161509,0.0174382975606017,0.0491240663243054,0.0321329047555492,0.0316857687637038,0.966718818057546
"59","012D",12,"TD",0,49,1.8119,0.8237,NA,NA,NA,NA,NA,NA,NA,NA,NA,NA,NA,NA,31.19,49.94,7.05,7.36,6.15,6.17,0.63,0.48,7.15,7.29,6.2,6.02,1.23,1,"45C","012D",7.2125,6.135,0.000706726007467171,0.53875,649.47165078125,0.00152154447205093,0.0012682616693264,NA,NA,7.205,7.22,0.36025,0.361,4.994,2.04037610223642,0.403700082106019,1.7101,42.2159730487805,21.6752707317073,2.32920597236629,0.588772157845908,0.411227842154092,303.427378750269,-2.10969707617509,98.5609748083271,8.30278147049798,0.0819623047433167,0.0177655514510609,0.0807828465303846,0.0641967532922558,0.0630172950793237,0.950725801009277
"60","012E",12,"TD",0.02,60,3.6941,1.4312,52.2,5,1.1,1.89,1.25,0.79,1.18,NA,NA,NA,NA,NA,28.7,52.2,9.94,10.04,8.61,8.41,0.77,0.71,9.81,9.9,7.63,8.28,1.2,1.45,"55C","012E",9.9225,8.2325,0.000894649404120523,0.845,1284.8508815625,0.00176121605430826,0.00111390358253833,1.242,0.00965335758256758,9.99,9.855,0.4995,0.49275,5.22,4.03654035585977,0.354561053235193,3.2172,55.2160929268293,12.0342829268293,4.53838970650912,0.574795930952843,0.425204069047157,327.307444007384,-2.60894603447667,98.2932074514446,15.9249665529254,0.157205987689293,0.018918613336446,0.154522807605529,0.138287374352847,0.135604194269083,0.913279289529012
"61","013A",13,"MG",0,57,3.4062,1.7524,22.17,10,1.03,0.92,0.76,0.98,0.81,0.91,0.87,0.74,0.86,0.84,54.48,65.91,8.54,8.98,6.26,7.47,3.84,3.26,8.68,8.06,6.37,7.15,2.97,3.98,"10C","013A",8.565,6.8125,0.00146593373392925,0.87625,1208.7766299375,0.00136816013731628,0.0014497302120166,0.872,0.0526631629864332,8.76,8.37,0.438,0.4185,6.591,3.79813990933331,0.461383740944814,3.3907,10.2105825306122,31.3332528571429,4.41261783141124,0.61585182260465,0.38414817739535,269.057448068208,-1.58024148287789,98.7989264366124,1.24573979784045,0.01229753008727,0.00385321619742753,0.0121498277044421,0.00844431388984245,0.00829661150701461,0.991998478049065
"62","013B",13,"MG",0.05,24,3.8798,1.8077,19.88,15,1.26,0.95,0.77,0.98,0.76,0.59,0.62,0.98,1.06,1.07,51.75,66.45,8.61,9.06,6.91,7.25,0.92,1.02,8.59,8.31,6.67,6.9,0.99,0.75,"25C","013B",8.6425,6.9325,0.00140507535082263,0.855,1240.83424382813,0.0016699248995638,0.00145684245014308,0.904,0.0873042710995507,8.835,8.45,0.44175,0.4225,6.645,3.89884039635492,0.463650679748277,3.8345,25.1436010416667,56.9886654166667,4.53270922752375,0.743777297899934,0.256222702100066,179.081254050952,-0.747804728419213,99.4582834363044,3.19718878726988,0.0315615872385971,0.0179865273515935,0.0313906128927604,0.0135750598870036,0.0134040855411669,0.975311429877823
"63","013C",13,"MG",0,55,4.1473,2.0758,29.63,19,1,1.01,0.73,0.78,0.95,0.72,0.62,0.8,0.78,0.78,57.01,72.15,9.08,9.81,7.72,7.65,1.07,1.37,9.61,8.87,6.87,7.88,1.34,0.93,"35C","013C",9.3425,7.53,0.00167326227716493,0.90625,1574.35459898437,0.00131577727237329,0.00131850855032221,0.817,0.0686370869119822,9.445,9.24,0.47225,0.462,7.215,4.94617929304099,0.419677467600202,4.0767,33.4199915625,34.3512645833333,5.67405721511891,0.556074755187805,0.443925244812195,322.947697704025,-2.50717369220265,98.2436160369219,5.15523631333023,0.0508907829548887,0.0174816275013637,0.0499969454043842,0.033409155453525,0.0325153179030205,0.966260713547126
"64","013D",13,"MG",0,48,4.1755,2.1193,38.93,29,0.8,0.95,0.96,0.69,0.87,1.03,0.78,0.93,1.04,0.56,62.37,77.65,9.35,8.75,7.47,6.87,4.02,4.39,8.85,8.88,7.2,7.18,3.85,3.33,"45C","013D",8.9575,7.18,0.00175514270605287,0.888750000000001,1557.59700132813,0.00132011039970334,0.00136062152032453,0.861,0.0831623546388356,9.05,8.865,0.4525,0.44325,7.765,4.8935092342575,0.433083886950418,4.1062,39.9569548387097,24.9594344086021,5.63664040308867,0.564887037448878,0.435112962551122,312.749057951024,-2.28861029751389,98.4287277543917,7.36768627129832,0.0727313550967257,0.0181533348698547,0.0715885475002361,0.054578020226871,0.0534352126303813,0.955129058814955
"65","013E",13,"MG",0,66,5.6972,2.9695,27.9,29,0.65,0.73,0.95,0.76,0.81,0.73,0.8,0.84,0.91,0.85,63.87,80.68,10.35,9.84,8.45,8.29,5.62,3.99,9.2,10,8.39,7.5,4.21,4.38,"55C","013E",9.8475,8.1575,0.00197593556562312,0.845000000000001,1955.9505785625,0.00139456488824206,0.00151818764366858,0.803,0.105552325290428,10.095,9.6,0.50475,0.48,8.068,6.14609382135372,0.483152403187029,5.4017,55.3989053684211,12.2270473684211,7.18734706810696,0.576644899809421,0.423355100190579,290.5336495032,-1.88973153017174,98.7614785905714,16.0647561933787,0.158585944653294,0.0193903785724163,0.156621823776418,0.139195566080878,0.137231445204002,0.911993898825583
"66","014A",14,"CC",0.15,117,5.4145,3.3308,NA,NA,NA,NA,NA,NA,NA,NA,NA,NA,NA,NA,64.77,82.69,8.8,9.35,7.46,7.16,1.71,2.23,8.53,8.69,7.47,7.51,4.72,4.38,"10C","014A",8.8425,7.4,0.00179928035495985,0.72125,1616.37876970312,0.00128911616451304,0.00206065562257524,NA,NA,9.075,8.61,0.45375,0.4305,8.269,5.07917388836297,0.65577593388391,5.3871,11.2239877368421,36.3999944736842,6.24711674550583,0.705101736006161,0.294898263993839,169.322170181304,-0.685562193316151,99.4790092145192,1.33274920527411,0.013156458097474,0.0047889500204131,0.0130879141630905,0.00836750807706086,0.00829896414267739,0.991061567908248
"67","014B",14,"CC",0.03,81,2.8258,1.7251,NA,NA,NA,NA,NA,NA,NA,NA,NA,NA,NA,NA,49.81,65.77,8.14,8.27,7.25,7.04,2.33,2.76,7.05,7.46,6.45,6.44,2.05,2.55,"25C","014B",7.73,6.795,0.00120961150348213,0.4675,982.48705825,0.00112032010066429,0.00175585010053235,NA,NA,8.205,7.255,0.41025,0.36275,6.577,3.09045905882683,0.558201861653157,2.7948,23.7325454545455,61.6906102727273,3.69536425363203,0.542922096885275,0.457077903114725,291.401450881504,-1.90364144775941,98.6202706385691,2.93819986721531,0.0290049345233496,0.0178933211166593,0.0286047449254671,0.0111116134066903,0.0107114238088078,0.976750966978937
"68","014C",14,"CC",0.15,101,2.1787,1.3572,NA,NA,NA,NA,NA,NA,NA,NA,NA,NA,NA,NA,28.02,37.5,9.19,9.7,8.13,8.52,0.86,0.87,8.38,8.7,7.66,7.91,1.39,1.3,"35C","014C",8.9925,8.055,0.000791586629686122,0.46875,758.10990234375,0.00108361597370022,0.00179024175228964,NA,NA,9.445,8.54,0.47225,0.427,3.75,2.38368268960048,0.569371085304763,2.1282,33.6870111607143,35.1270354464286,2.85958398830177,0.513184382956253,0.486815617043747,306.829424693419,-2.17288773778301,98.4773196374276,5.23276035948001,0.0516560746246792,0.0181452476436447,0.0508695177202935,0.0335108269810345,0.0327242700766488,0.965492617318031
"69","014D",14,"CC",0.08,71,4.9989,2.8308,NA,NA,NA,NA,NA,NA,NA,NA,NA,NA,NA,NA,67.69,78.79,8.13,8.06,7.5,7.25,1.17,1.21,8.28,7.79,6.86,7.19,1.11,0.92,"45C","014D",8.065,7.2,0.00171505779020884,0.4325,1281.2086219375,0.00169223026045618,0.0022094762332454,NA,NA,8.095,8.035,0.40475,0.40175,7.879,4.02505415885114,0.703294884560755,4.7958,41.0625964220184,23.8868091743119,5.01767234066932,0.898543533363536,0.101456466636464,55.1228211877406,-0.164629966908903,99.8865392532824,7.81331606284568,0.0771304645888023,0.0184240068915874,0.0770429517877331,0.0587064576972149,0.0586189448961457,0.95226652066034
"70","014E",14,"CC",0.3,103,4.0095,2.4952,NA,NA,NA,NA,NA,NA,NA,NA,NA,NA,NA,NA,38.08,62.05,10,9.7,9.22,8.38,1.37,1.92,9.15,9.11,7.79,7.61,0.93,0.88,"55C","014E",9.49,8.25,0.00113530623988016,0.62,1397.05730125,0.00108392118107475,0.00178603984086225,NA,NA,9.85,9.13,0.4925,0.4565,6.205,4.39109026115186,0.568241564532419,3.8064,50.1638774528302,19.9786336792453,5.26603052089212,0.473215517915486,0.526784482084514,332.407314376005,-2.73512350892766,98.1837098550744,12.4519741822764,0.122921758956332,0.0245580879339704,0.120689143162439,0.0983636710223614,0.0961310552284683,0.927376384451795
"71","015A",15,"CC",0.2,105,4.6441,2.929,NA,NA,NA,NA,NA,NA,NA,NA,NA,NA,NA,NA,70.9,94.1,8.07,8.53,7.18,7.53,1.42,1.19,7.56,7.73,7.49,6.29,1.29,1.06,"10C","015A",7.9725,7.1225,0.00177578603283979,0.425,1495.26679078125,0.00114701938849581,0.00195884775750931,NA,NA,8.3,7.645,0.415,0.38225,9.41,4.70016145737246,0.623170081828935,4.6318,10.8074764494382,32.8404568539326,5.72721340542441,0.608531142299255,0.391468857700745,233.058675826165,-1.17733239908781,99.1056586608921,1.29636124257436,0.0127972481991546,0.00420267477333402,0.0126827971182413,0.00859457342582054,0.00848012234490726,0.991557264054212
"72","015B",15,"CC",0.5,86,3.8981,2.3239,NA,NA,NA,NA,NA,NA,NA,NA,NA,NA,NA,NA,48.49,80.87,7.93,8.61,7.06,6.13,0.92,1.16,7.75,7.75,6.35,7.03,0.56,0.68,"25C","015B",8.01,6.6425,0.00122020998045828,0.68375,1297.15682175,0.00121357724340241,0.00179153357638348,NA,NA,8.27,7.75,0.4135,0.3875,8.087,4.0765695497985,0.570062640073164,3.8759,24.5279186046512,59.8248156976744,4.89144357577252,0.604468806155718,0.395531193844282,249.117196055865,-1.34221067385974,99.027787580631,3.08183436733803,0.030422846666713,0.0182004119483471,0.0301270719730936,0.0122224347183659,0.0119266600247465,0.97583625803928
"73","015C",15,"CC",0.35,103,4.6342,2.8172,NA,NA,NA,NA,NA,NA,NA,NA,NA,NA,NA,NA,44.41,58.9,10.29,10.42,8.16,8.44,1.4,1.53,10.79,10.08,8.87,9.47,1.12,1.33,"35C","015C",10.395,8.735,0.00145029095870887,0.83,1591.124968125,0.00114195932839969,0.00177057117224414,NA,NA,10.355,10.435,0.51775,0.52175,5.89,4.9986911827791,0.563587526612063,4.5782,32.9718174712644,36.9929793103448,5.98654053342845,0.555636095719581,0.444363904280419,281.741856404392,-1.755332463973,98.765256285443,5.02735562556323,0.0496283872217495,0.0183590190169996,0.049015603829893,0.0312693682047499,0.0306565848128934,0.966312688576554
"74","015D",15,"CC",0.1,63,3.3277,2.1174,NA,NA,NA,NA,NA,NA,NA,NA,NA,NA,NA,NA,55.5,71.98,7.36,7.18,6.73,6.27,1.46,1.31,7.16,7.11,5.76,5.72,0.95,0.88,"45C","015D",7.2025,6.12,0.00125581632035517,0.54125,933.50873246875,0.00129650635061469,0.00226821659653932,NA,NA,7.27,7.135,0.3635,0.35675,7.198,2.93279003541844,0.721974629765098,3.2547,40.7409188235294,24.3674541176471,3.67525497048338,0.730042283491328,0.269957716508672,143.397572074529,-0.537220574539977,99.6298517435971,7.68132702306413,0.0758275125672668,0.0184772343333818,0.0755468383516253,0.057350278233885,0.0570696040182435,0.952987963657496
"75","015E",15,"CC",0.3,106,4.1566,2.5324,NA,NA,NA,NA,NA,NA,NA,NA,NA,NA,NA,NA,46.21,64.52,9.27,8.73,7.32,8.19,0.83,0.97,9.41,8.97,7.94,7.48,1.36,0.97,"55C","015E",9.095,7.7325,0.00132034840337109,0.68125,1334.25787325,0.00121730591406874,0.00189798392857263,NA,NA,9,9.19,0.45,0.4595,6.452,4.19184717654746,0.604125077404603,4.02,55.122915,12.5814958333333,5.07983159213188,0.583960725224055,0.416039274775945,252.831639011417,-1.38352232320464,99.0909735765984,15.8541177382115,0.156506591690143,0.0196908703123873,0.155083905417314,0.136815721377756,0.135393035104927,0.912612612135149
"76","016A",16,"PE",0,56.5,5.4315,2.544,NA,NA,NA,NA,NA,NA,NA,NA,NA,NA,NA,NA,53.74,72.93,9.49,9.26,7.03,7.42,1.6,1.01,9.78,9.24,6.86,6.89,0.73,0.55,"10C","016A",9.4425,7.05,0.00159416961905797,1.19625,1625.62439995313,0.00177624056336953,0.00156493714050635,NA,NA,9.375,9.51,0.46875,0.4755,7.293,5.10713666500404,0.498126478077709,5.3956,11.0596348210526,37.6974030526316,5.99918861305599,0.825309503864642,0.174690496135358,118.185326269414,-0.412775032779727,99.6858057041191,1.31828473369533,0.0130136696317407,0.00490581549301521,0.012972781424073,0.0081078541387255,0.00806696593105779,0.991060701541456
"77","016B",16,"PE",0,36,3.8003,1.8183,NA,NA,NA,NA,NA,NA,NA,NA,NA,NA,NA,NA,44.07,66.21,7.85,8.28,5.96,6.42,1.49,1.32,8.82,7.67,1.69,6.01,1.34,0.76,"25C","016B",8.155,5.02,0.00112905965412739,1.5675,1100.8078738125,0.00180049584232679,0.0016517868769439,NA,NA,8.065,8.245,0.40325,0.41225,6.621,3.45843033265663,0.52575874749608,3.7584,23.9383462365591,56.8683961290323,4.09601604694234,0.851774303739237,0.148225696260763,97.6211791095987,-0.323101771513006,99.7646311662135,2.97479278742806,0.0293661676942553,0.016700068572285,0.0292970488878255,0.0126660991219703,0.0125969803155405,0.977001441269945
"78","016C",16,"PE",0,53,4.417,2.1804,NA,NA,NA,NA,NA,NA,NA,NA,NA,NA,NA,NA,60.29,79.34,8.22,8.6,6.5,6.46,1.38,1.8,8,7.49,6.11,6.13,0.83,1.14,"35C","016C",8.0775,6.3,0.00152993198181351,0.88875,1294.15453396875,0.00172823255746829,0.00168480652253593,NA,NA,8.41,7.745,0.4205,0.38725,7.934,4.06800275846288,0.535987837142932,4.3481,32.2018025555556,35.4828366666667,4.83255860261873,0.817334226489934,0.182665773510066,119.090037884286,-0.416948277841589,99.7045756892716,4.81406158119779,0.0475228191628607,0.0168624443029532,0.0473824252019101,0.0306603748599075,0.0305199808989569,0.967877565247568
"79","016D",16,"PE",0,43.5,3.9327,1.8555,NA,NA,NA,NA,NA,NA,NA,NA,NA,NA,NA,NA,51.4,74.07,8.34,7.94,6.18,5.98,1.14,2.25,8.21,7.34,5.76,5.62,1.23,0.92,"45C","016D",7.9575,5.885,0.00128496009000436,1.03625,1172.56154723437,0.00177150615666983,0.0015824329259103,NA,NA,8.14,7.775,0.407,0.38875,7.407,3.68435660017594,0.503615746616762,3.7251,40.1154528409091,23.2899318181818,4.3349864703058,0.754027102946609,0.245972897053391,165.534050172201,-0.66240941944802,99.5428841109088,7.43018903049908,0.0733483616041371,0.017082783407357,0.0730130745888565,0.0562655781967801,0.0559302911814995,0.954952071001893
"80","016E",16,"PE",0.1,61,7.9137,4.1644,NA,NA,NA,NA,NA,NA,NA,NA,NA,NA,NA,NA,67.3,90.48,10.05,10.12,8.19,7.98,1.23,1.41,9.91,10.02,8.02,8.09,1.62,1.2,"55C","016E",10.025,8.07,0.0021195775855056,0.9775,2273.3241375,0.00164925887081072,0.00183185491734568,NA,NA,10.085,9.965,0.50425,0.49825,9.048,7.14194368498934,0.583090568013379,7.4883,55.1190473684211,11.3811223684211,8.6021878408335,0.748999303079732,0.251000696920268,155.964243063779,-0.606255496841443,99.6006405721806,15.8511827750776,0.156477618707578,0.0178089092643008,0.155852710584842,0.138668709443277,0.138043801320541,0.913169190075429
"81","017A",17,"PE",0,93,6.2997,3.0469,NA,NA,NA,NA,NA,NA,NA,NA,NA,NA,NA,NA,53.25,72.75,10.78,9.69,7.98,9.33,1.08,0.77,10.88,10.24,8.77,8.5,1.84,1.74,"10C","017A",10.3975,8.645,0.00173939578703602,0.876250000000001,1966.21436367188,0.00165434657588679,0.00154962757687822,NA,NA,10.235,10.56,0.51175,0.528,7.275,6.17754753123541,0.493221619840887,6.2568,11.1987871129032,35.3813997580645,7.24594103772892,0.764436444216344,0.235563555783656,160.118725550478,-0.63023355944884,99.520912798324,1.33052230612834,0.0131344748877427,0.00464716106615484,0.0130715492995482,0.00848731382158787,0.00842438823339335,0.991140644817148
"82","017B",17,"PE",0,64,4.9996,2.4733,NA,NA,NA,NA,NA,NA,NA,NA,NA,NA,NA,NA,56.8,74.38,9,8.76,7.07,7.2,1.78,1.29,8.63,9.33,7.63,7.13,1.69,1.51,"25C","017B",8.93,7.2575,0.00159349119212443,0.83625,1482.8564155,0.00170367135590007,0.00166792952719299,NA,NA,8.88,8.98,0.444,0.449,7.438,4.65857950285945,0.530912909929277,4.9704,23.7233776859504,61.8797248760331,5.52584054182049,0.818039913242483,0.181960086757517,119.229593802051,-0.417593831174149,99.695681752612,2.93657895277838,0.0289889333936662,0.0179382722284971,0.0289007147796261,0.0110506611651691,0.010962442551129,0.976580506495938
"83","017C",17,"PE",0,72,7.9342,3.7603,NA,NA,NA,NA,NA,NA,NA,NA,NA,NA,NA,NA,70.59,88.27,10.6,10.82,9.08,8.88,2.4,1.84,10.56,10.59,7.33,7.62,1.34,1.67,"35C","017C",10.6425,8.2275,0.0023601342829994,1.2075,2499.42697692188,0.00166994276629769,0.00150446483722878,NA,NA,10.71,10.575,0.5355,0.52875,8.827,7.85228671940878,0.478879609770938,7.754,33.60613968,35.27887976,9.17083347265553,0.738134237628117,0.261865762371883,180.435779192002,-0.756753512834959,99.4669010538869,5.20917485208544,0.0514232463187112,0.0181415452374667,0.051149109534529,0.0332817010812444,0.0330075642970623,0.965354672614002
"84","017D",17,"PE",0,49,3.5668,1.7377,NA,NA,NA,NA,NA,NA,NA,NA,NA,NA,NA,NA,65.19,76.88,7.93,7.41,6.11,6.16,1.82,1.69,7.05,7.15,5.55,5.61,1.88,1.85,"45C","017D",7.385,5.8575,0.00151245113927132,0.76375,1048.2246845,0.00174495032128773,0.00165775527489021,NA,NA,7.67,7.1,0.3835,0.355,7.688,3.29472979483414,0.52741806102721,3.4037,41.0738808403361,23.9577058823529,3.90405317145752,0.769034348577207,0.230965651422793,151.864705944029,-0.583171448276225,99.5986798370123,7.81798153085997,0.0771765205415594,0.0184897238015805,0.0768667956035338,0.058686796739979,0.0583770718019534,0.952321740297443
"85","017E",17,"PE",0,62,6.4197,3.0585,NA,NA,NA,NA,NA,NA,NA,NA,NA,NA,NA,NA,66.42,85.53,9.27,9.46,8.04,8.25,1.52,1.84,9.34,8.92,7.6,7.67,1.61,1.32,"55C","017E",9.2475,7.89,0.00192962574101564,0.67875,1828.55134926563,0.00183817643477713,0.00167263555449419,NA,NA,9.365,9.13,0.46825,0.4565,8.553,5.74487263099534,0.532387782367613,5.9691,47.5881543220339,23.9471097457627,6.81733366995637,0.774335939167476,0.225664060832524,147.650561542461,-0.560017635241079,99.6223959364774,10.9467803822105,0.108062985016886,0.0258779616165408,0.107654934794298,0.0821850234003452,0.0817769731777576,0.93323355179458
"86","018A",18,"PE",0,70,5.0871,2.6189,NA,NA,NA,NA,NA,NA,NA,NA,NA,NA,NA,NA,66.78,84.69,8.03,8.88,6.92,6.93,1.64,1.74,7.77,8.06,6.58,5.72,1.26,1.15,"10C","018A",8.185,6.5375,0.00171717663737406,0.82375,1418.4352288125,0.00174008650508938,0.00184633034121164,NA,NA,8.455,7.915,0.42275,0.39575,8.469,4.45776201793244,0.58749210690585,5.0704,10.830192516129,32.3306533333333,5.37607760234802,0.889133872954827,0.110866127045173,68.5719877190302,-0.211326847528947,99.8388896745533,1.29832301015708,0.0128166141180364,0.00414369507957339,0.0127959652293196,0.00867291903846298,0.00865227014974616,0.991530169845554
"87","018B",18,"PE",0,66,5.1429,2.5407,NA,NA,NA,NA,NA,NA,NA,NA,NA,NA,NA,NA,76.13,91.52,8.62,8.39,7.11,6.95,1.42,1.44,7.68,7.78,6.29,6.4,1.03,1.33,"25C","018B",8.1175,6.6875,0.00194145799996667,0.715,1507.650287,0.00172599708462762,0.00168520513139398,NA,NA,8.505,7.73,0.42525,0.3865,9.152,4.74002079154869,0.536010307070802,5.0812,24.5312351648352,59.7788642857143,5.6309155967435,0.822110924130085,0.177889075869915,115.97324588188,-0.402656108272867,99.7073467177567,3.08244589682356,0.0304288834829571,0.0181900409609351,0.0303398323566943,0.0122388425220221,0.0121497913957592,0.975735063341185
"88","018C",18,"PE",0,44,5.9542,3.0814,NA,NA,NA,NA,NA,NA,NA,NA,NA,NA,NA,NA,74.01,90.14,8.73,8.26,6.12,6.29,1.75,1.93,8.61,8.38,6.83,7.03,1.94,2.21,"35C","018C",8.495,6.5675,0.00197516626812207,0.96375,1626.238838375,0.00176653018745427,0.00189480162894096,NA,NA,8.495,8.495,0.42475,0.42475,9.014,5.1089799876213,0.603134090849057,5.8897,32.9019463736264,37.0906461538462,6.18947089671221,0.903550817637618,0.0964491823623823,58.6752928057132,-0.176681758945754,99.8749937259733,5.00766888577883,0.0494340462564543,0.0183354071765101,0.0493722505971285,0.0310986390799442,0.0310368434206184,0.966146171113181
"89","018D",18,"PE",0,54,6.3888,3.0948,NA,NA,NA,NA,NA,NA,NA,NA,NA,NA,NA,NA,63.26,82.34,10.15,8.95,7.58,7.52,1.22,1.19,9.87,9.03,6.82,7.94,1.2,1.36,"45C","018D",9.5,7.465,0.00188800293702786,1.0175,1857.79625,0.0017730684944595,0.0016658446802226,NA,NA,9.55,9.45,0.4775,0.4725,8.234,5.83649294227065,0.530249934440251,6.1332,40.7529625,24.3497488636364,6.92168255266026,0.793962176311854,0.206037823688146,135.095263621359,-0.494290744609182,99.659393269424,7.68623382048992,0.0758759508439282,0.0184756034783927,0.0756175122484652,0.0574003473655355,0.0571419087700725,0.952953442136571
"90","018E",18,"PE",0,59,6.4218,3.1791,NA,NA,NA,NA,NA,NA,NA,NA,NA,NA,NA,NA,80.42,99.48,8.65,8.63,7.04,7.04,1.31,1.27,8.25,8.29,6.74,7.09,1.13,1.14,"55C","018E",8.455,6.9775,0.0021361293805603,0.73875,1777.88231175,0.00182391150334813,0.00178813860680731,NA,NA,8.64,8.27,0.432,0.4135,9.948,5.58627335870208,0.56909137735763,5.8292,55.1233823076923,12.5321714285714,6.70102270935143,0.752458307209139,0.247541692790861,156.065171424763,-0.60683095361851,99.6002675275692,15.8544723874113,0.15651009266941,0.0196141131163465,0.155884471006379,0.136895979553064,0.136270357890033,0.912250707938637
"91","019A",19,"PE",0,72,5.4003,2.4265,NA,NA,NA,NA,NA,NA,NA,NA,NA,NA,NA,NA,65.98,79.9,9.48,9.12,6.93,7.39,1.61,1.81,9.37,9.02,7.48,6.95,1.62,2.19,"10C","019A",9.2475,7.1875,0.00191684291466745,1.03,1708.18721859375,0.00174090987663996,0.00142051174109451,NA,NA,9.3,9.195,0.465,0.45975,7.99,5.36648607149666,0.452158072838019,5.3764,10.6228009139785,34.4270256989247,6.21733672084731,0.778165934654303,0.221834065345697,156.701556594702,-0.610467407322277,99.53496378925,1.2805092078242,0.0126407621700316,0.00435183844081673,0.0125819780486262,0.00828892372921486,0.00823013960780943,0.991533091755279
"92","019B",19,"PE",0,58,3.4063,1.5651,NA,NA,NA,NA,NA,NA,NA,NA,NA,NA,NA,NA,60.94,72.82,7.18,7.7,5.87,5.51,1.16,0.97,7.49,7.54,5.23,5.58,0.52,0.68,"25C","019B",7.4775,5.5475,0.00143155732755625,0.965,1017.89627878125,0.00180882869736444,0.00153758298622914,NA,NA,7.44,7.515,0.372,0.37575,7.282,3.197842280611,0.489423762231627,3.3874,23.3002022222222,60.7123756666667,3.7466435793123,0.835325967026731,0.164674032973269,112.339367544936,-0.386290359988157,99.7180604472931,2.86260364963765,0.0282586737377853,0.0171565121581019,0.028179001359448,0.0111021615796834,0.0110224892013462,0.977332243241225
"93","019C",19,"PE",0,64,3.9882,1.804,NA,NA,NA,NA,NA,NA,NA,NA,NA,NA,NA,NA,60.72,77.7,8.08,7.61,6.27,5.92,1.08,0.69,8.17,7.92,6.4,6.43,1.12,1.31,"35C","019C",7.945,6.255,0.00151556838458185,0.845,1226.164760625,0.00178132667822444,0.00147125415599162,NA,NA,7.845,8.045,0.39225,0.40225,7.77,3.85231362219451,0.468290013981866,3.925,32.8588032967033,35.1211592307692,4.48488505076594,0.791156636646552,0.208843363353448,145.337349363314,-0.547548550455088,99.6130508142317,4.99554641028465,0.0493143771992561,0.0173197809398129,0.0491235556182169,0.0319945962594432,0.031803774678404,0.966778331720985
"94","019D",19,"PE",0,60,3.9918,1.9674,NA,NA,NA,NA,NA,NA,NA,NA,NA,NA,NA,NA,60.51,73.44,8.39,8.22,6.63,6.56,1.1,0.82,7.67,7.94,6.03,6.84,0.65,0.55,"45C","019D",8.055,6.515,0.00153123754918053,0.77,1191.252339,0.00169938805887205,0.00165153925460624,NA,NA,8.305,7.805,0.41525,0.39025,7.344,3.74363125596406,0.525532528575216,3.7478,42.1385629213483,21.6407359550562,4.43349878843159,0.721949991765056,0.278050008234944,183.164083625808,-0.775017815376586,99.4688046520504,8.26912248572548,0.0816300344099258,0.0176653402066736,0.0811964194646105,0.0639646942032522,0.063531079257937,0.950569120164358
"95","019E",19,"PE",0,60,4.3786,2.0616,NA,NA,NA,NA,NA,NA,NA,NA,NA,NA,NA,NA,51.27,65.75,7.85,8.71,6.19,7.3,1.01,1.41,9.08,8.32,7.8,6.27,0.8,0.79,"55C","019E",8.49,6.89,0.00136747967591767,0.8,1184.81664375,0.00195557684998971,0.00174001606989157,NA,NA,8.28,8.7,0.414,0.435,6.575,3.72297037081579,0.55375138522745,4.0866,55.2289715384615,11.9197362637363,4.44586907211449,0.84931689283044,0.15068310716956,96.5006530620792,-0.318484531533063,99.7900752754303,15.934780185986,0.157302864619803,0.0187500865979827,0.15697264701451,0.13855277802182,0.138222560416527,0.912138633193754
"96","020A",20,"PE",0,69,2.8011,1.2166,NA,NA,NA,NA,NA,NA,NA,NA,NA,NA,NA,NA,64.05,78.42,6.53,6.43,5.18,5.38,0.87,1.12,6.54,6.26,4.87,5.52,1.34,1.06,"10C","020A",6.44,5.2375,0.00129585042093802,0.60125,813.089928,0.00194873893456961,0.00149626745837639,NA,NA,6.48,6.4,0.324,0.32,7.842,2.55443019300544,0.476270599733476,2.782,10.1794241165049,30.9212512621359,2.98103019300544,0.887198601682041,0.112801398317959,77.9156907675246,-0.24556182073024,99.8123846892433,1.24314580570354,0.0122719230572907,0.00379463216324084,0.0122488990507109,0.00847729089404983,0.00845426688747007,0.991978234393024
"97","020B",20,"PE",0.15,72,2.8229,1.1983,NA,NA,NA,NA,NA,NA,NA,NA,NA,NA,NA,NA,56.76,67.38,7.4,6.7,5.46,5.85,1.19,1.23,6.67,6.94,5.51,5.48,0.9,0.85,"25C","020B",6.9275,5.575,0.00123528962519551,0.67625,808.39586653125,0.00200965896445142,0.00148231831657155,NA,NA,7.05,6.805,0.3525,0.34025,6.738,2.53991522637845,0.471787399656092,2.7502,25.090456,57.0423928,2.96009834326156,0.88086131192916,0.11913868807084,82.6399011595545,-0.263468328100093,99.8087712821771,3.18708515666431,0.0314618475485124,0.0179465906607596,0.031401683460842,0.0135152568877528,0.0134550928000824,0.975325862939199
"98","020C",20,"PE",0,80,2.6015,1.1631,NA,NA,NA,NA,NA,NA,NA,NA,NA,NA,NA,NA,44.99,58.55,7.83,8.01,6.23,5.86,1.19,1.11,6.95,6.81,5.39,5.44,0.86,0.7,"35C","020C",7.4,5.73,0.00104591787578904,0.835,801.5495,0.00179452423088031,0.00145106446950563,NA,NA,7.92,6.88,0.396,0.344,5.855,2.52228680765226,0.461129161232308,2.5287,33.3357387378641,34.3421291262136,2.93012706739252,0.772823475768894,0.227176524231106,159.152030678923,-0.624600477722645,99.5594041828173,5.13098277881932,0.0506513601068047,0.0173947554920623,0.050428192332828,0.0332566046147424,0.0330334368407657,0.966088526087555
"99","020D",20,"PE",0,74,2.8357,1.35,NA,NA,NA,NA,NA,NA,NA,NA,NA,NA,NA,NA,48.24,64.16,7.23,7.02,5.86,5.49,0.53,0.89,6.61,6.34,4.9,5.23,0.82,0.76,"45C","020D",6.8,5.37,0.00103054292134237,0.715,741.6896,0.00200312907178421,0.00182016843703889,NA,NA,7.125,6.475,0.35625,0.32375,6.416,2.33186078687513,0.578936790565917,2.6105,40.079437,24.745859,2.80523741025175,0.866181690437671,0.133818309562329,83.5115935513089,-0.266817805314863,99.8156010923629,7.41594634623105,0.0732077625491713,0.0181158896974727,0.073072768234725,0.0550918728516985,0.0549568785372523,0.954405671033901
"100","020E",20,"PE",0,78,2.5918,1.163,NA,NA,NA,NA,NA,NA,NA,NA,NA,NA,NA,NA,41.62,56.22,6.97,6.76,5.85,5.46,1.02,0.94,6.77,6.71,5.61,5.47,0.8,0.63,"55C","020E",6.8025,5.5975,0.000889447869163975,0.6025,650.38115784375,0.00219686561144697,0.00178818218512936,NA,NA,6.865,6.74,0.34325,0.337,5.622,2.04329016111508,0.569180051924353,2.2926,55.39943,12.2128309278351,2.45109535592027,0.876953709062139,0.123046290937861,77.5686972592176,-0.244262743080556,99.8390416201409,16.0651588624897,0.158589919669198,0.0193683187577886,0.158334655903878,0.139221600911409,0.13896633714609,0.911148512669167
"101","021A",21,"LS",0,55,4.6537,2.3176,41.11,24,1.3,1.29,1.59,1.13,1.65,1.55,0.94,0.89,0.6,1.43,65.51,80.97,9.12,8.77,7.33,7.25,3.24,2.09,8.2,8.44,6.66,6.83,2.26,2.07,"10C","021A",8.6325,7.0175,0.00177661800511428,0.8075,1508.47223864063,0.00154865296169136,0.00153638889774235,1.237,0.0676280987141996,8.945,8.32,0.44725,0.416,8.097,4.74107541013079,0.488834241076977,4.6138,11.2787262828283,38.5376249494949,5.55374034519572,0.709548954948406,0.290451045051594,198.254670910159,-0.882201584348959,99.3302037852322,1.33759758227783,0.0132043196671059,0.00508863119044166,0.0131158776337898,0.00811568847666422,0.0080272464433481,0.990897745587884
"102","021B",21,"LS",0,61,3.3606,1.617,26.87,9,1.41,1.62,1.19,1.18,1.65,1.42,1.13,1.45,1.14,1.23,43.84,56.69,9.35,9.02,7.8,7.88,3.13,2.48,8.78,9.06,7.48,7.64,2.6,2.14,"25C","021B",9.0525,7.7,0.00124677748705189,0.67625,1161.40457545312,0.0015012856302204,0.00139227968803991,1.342,0.0370003906624581,9.185,8.92,0.45925,0.446,5.669,3.64892064154592,0.443144743020482,3.2861,23.7419791666667,61.362985,4.21592064154592,0.642228151686527,0.357771848313473,254.820735468774,-1.40618044957644,98.9790067437059,2.93986861734713,0.0290214078711464,0.0178084021587604,0.0287251012539004,0.011213005712386,0.01091669909514,0.97673324829367
"103","021C",21,"LS",0,43,2.5934,1.2314,48,29,1.31,0.88,1.25,1.49,1.45,1.41,1.07,1.32,1.04,1.7,32.64,48,8.24,9.02,6.95,7.59,1.67,1.1,8.54,8.49,7.22,7,1.12,1.72,"35C","021C",8.5725,7.19,0.000879037730667407,0.69125,881.853075,0.00154447496823663,0.00139637773559955,1.292,0.07047730144843,8.63,8.515,0.4315,0.42575,4.8,2.77046468952841,0.444474172384997,2.4771,33.7984566666667,34.7449944791667,3.20225429991802,0.632060929137083,0.367939070862917,261.744646181164,-1.48812627542982,98.9550341311347,5.26541423935996,0.0519784228959522,0.0180599001655565,0.0514352661175151,0.0339185227303957,0.0333753659519586,0.965252416858464
"104","021D",21,"LS",0,46,2.9817,1.4641,26.12,29,1.14,1.91,1.74,1.38,1.56,1.46,1.22,1.05,1.26,0.94,47.29,58.16,7.45,8.22,6.09,6,1.05,1.03,7.28,7.14,6.2,6.01,1.19,1.32,"45C","021D",7.5225,6.075,0.0011175871075352,0.723750000000001,822.789610875,0.00184445693035198,0.00177943423282046,1.366,0.147591935780204,7.835,7.21,0.39175,0.3605,5.816,2.5863567356853,0.566085868897766,2.7833,41.0497841489362,23.739120212766,3.09974244997101,0.806533237153011,0.193466762846989,122.350658594342,-0.432159056623163,99.7024242152014,7.80802182571064,0.0770782016358405,0.0182976869441703,0.076848835572414,0.0587805146916701,0.0585511486282436,0.952426738741708
"105","021E",21,"LS",0,62,4.3468,2.1874,27.98,14,1.64,1.39,1.42,2.02,1.16,1.25,1.38,1.75,1.21,1.2,47.83,63.81,9.62,9.4,8.14,8.01,0.9,1.25,9.46,8.99,8.42,7.79,2.12,1.43,"55C","021E",9.3675,8.09,0.00140758281299909,0.63875,1399.83277232812,0.00154261283396631,0.00156261522321844,1.442,0.0534141871514844,9.51,9.225,0.4755,0.46125,6.381,4.39804357821353,0.497357509333392,3.7255,54.6795256666667,13.0680055555556,5.16505396782392,0.516547596403235,0.483452403596765,327.31689493824,-2.60917256424919,98.2902907530383,15.5206601453544,0.153214808937359,0.0200221197438679,0.150595281181242,0.133192689193491,0.130573161437374,0.914691299537445
"106","022A",22,"LS",0,51,2.0467,1.0357,19.38,14,1.18,0.96,1.3,1.14,1.19,1.1,0.82,1.12,1.28,1.37,31.23,43.55,8.24,8.12,6.97,6.92,2.29,2.09,8.35,8.32,7.03,6.91,2.33,1.92,"10C","022A",8.2575,6.9575,0.000810159332755063,0.65,742.378409296875,0.00136183917438755,0.00139511061613569,1.146,0.0874834054915208,8.18,8.335,0.409,0.41675,4.355,2.33231903626929,0.444064462834671,2.0138,10.8576242828283,31.6488258585859,2.69548656873682,0.589292634621318,0.410707365378682,292.278439671457,-1.91782242650828,98.5475140644592,1.30069551085676,0.0128400346580134,0.00406372020909673,0.0126535349604872,0.00877631444891665,0.00858981475139044,0.991641372415208
"107","022B",22,"LS",0,76,2.6208,1.3706,26.93,21,1.02,1.18,1.03,1.02,1.12,1.41,1.13,1.07,1,1.24,42.66,55.08,8.04,7.97,6.92,6.85,1.68,1.51,8.04,7.9,6.71,6.83,1.42,1.23,"25C","022B",7.9875,6.8275,0.0010704874865346,0.579999999999999,878.5281515625,0.00142306196765177,0.0015601093687918,1.122,0.0976274779510085,8.005,7.97,0.40025,0.3985,5.508,2.75998200301809,0.496597441034479,2.5517,24.5395696969697,59.7592568686869,3.24058200301809,0.63161035672736,0.36838964327264,249.596556160434,-1.3474704424275,99.0240344023145,3.08398314082869,0.0304440586458903,0.0181931432074513,0.0301469351069672,0.012250915438439,0.0119537918995159,0.975829960842791
"108","022C",22,"LS",0,46,1.7039,0.8592,25.83,33,0.75,0.65,0.88,0.82,0.85,0.75,0.39,0.54,0.96,0.37,43.87,59.51,6.34,6.16,5.69,5.26,0.84,1.01,5.84,5.74,5,4.94,1.17,0.77,"35C","022C",6.02,5.2225,0.000829686451672165,0.39875,539.166551,0.00156667730673077,0.00159357066644144,0.696,0.21222328976968,6.25,5.79,0.3125,0.2895,5.951,1.69466584083789,0.507002607413853,1.6367,32.7599113131313,37.2610525252525,1.99594376291581,0.683971203858351,0.316028796141649,211.985014543157,-0.989819274468696,99.3013692490263,4.96785546608002,0.0490410213828235,0.0182732007363742,0.0486984057268515,0.0307678206464494,0.0304252049904773,0.966514196768387
"109","022D",22,"LS",0,47,1.9841,1.0133,33.38,17,1.01,0.92,0.65,0.76,0.65,0.72,0.45,1.24,0.56,0.9,51.04,69.09,7.33,6.99,5.88,5.28,1.77,1.16,6.04,5.91,4.6,5.1,1.19,0.83,"45C","022D",6.5675,5.215,0.0010530781937651,0.67625,744.998441578125,0.00130308997417976,0.00136013707337902,0.786,0.0775465547320162,7.16,5.975,0.358,0.29875,6.909,2.34683143804768,0.431773660251867,1.8785,40.8001546391753,24.288081443299,2.70214442506067,0.512302961220906,0.487697038779094,350.960197527376,-3.27200877149236,97.7671157080807,7.70548677138503,0.0760660095891908,0.0184749743596903,0.0743675436095839,0.0575910352295005,0.0558925692498936,0.953578741015363
"110","022E",22,"LS",0,57,1.6246,0.8482,32.01,19,0.64,0.51,1.01,0.59,0.72,0.66,1.06,0.58,0.96,0.95,51.49,68.42,6,6.25,4.99,5.04,2.94,2.8,5.55,5.35,4.4,4.37,0.97,1.04,"55C","022E",5.7875,4.7,0.000936189505681696,0.54375,572.93464765625,0.00135512837838675,0.0014804480815915,0.768,0.102559742736982,6.125,5.45,0.30625,0.2725,6.842,1.80196760459339,0.470707685220231,1.2964,55.1298667676768,12.4996797979798,2.09938838381417,0.358219438254126,0.641780561745874,445.617547045393,-12.9359330036301,91.8162559697915,15.8593942741127,0.156558679902396,0.0195693336837437,0.143746318282111,0.136989346218652,0.124176984598367,0.918342174017073
"111","023A",23,"MG",0,53,4.2895,2.2162,25.61,11,1.24,1.72,1.2,1.42,1.12,0.83,0.99,1.32,1.07,1.54,47.84,69.71,9.71,9.64,8.16,8.14,3.1,2.83,8.73,9.66,7.44,8.03,2.98,2.77,"10C","023A",9.435,7.9425,0.00141802193268789,0.74625,1551.3825436875,0.00133642086436782,0.00142853225274295,1.245,0.0455240825500604,9.675,9.195,0.48375,0.45975,6.971,4.87486320419073,0.45461788509159,4.2688,10.6700134083333,35.72475075,5.65197229509982,0.597420266449982,0.402579733550018,283.735612090768,-1.78480820740147,98.6466816533659,1.28454547023211,0.0126806068137425,0.00453011517779702,0.0125089978352676,0.00815049163594547,0.00797888265747055,0.991480443493468
"112","023B",23,"MG",0.02,46,4.8368,2.5406,34.01,24,1.55,1.47,1.14,0.99,1.14,1.31,1.08,1.12,1.55,0.92,51.43,71.92,10.26,11.11,9.26,8.45,2.24,1.36,9.4,9.12,7.82,7.42,2.42,2.41,"25C","023B",9.9725,8.2375,0.00161127786871144,0.867499999999999,1788.124597375,0.00128413870228667,0.00142081821576061,1.227,0.0707620758615154,10.685,9.26,0.53425,0.463,7.192,5.62711756136216,0.451492255545661,4.7237,23.8976418803419,57.2218351282051,6.5179773016219,0.548879282614142,0.451120717385858,318.862593869029,-2.41650717111371,98.2527829341326,2.96752385297887,0.0292944111843916,0.0167627996697111,0.0287825742328326,0.0125316115146806,0.0120197745631215,0.977227313048728
"113","023C",23,"MG",0,48.5,4.2382,2.2441,31.11,22,1.5,1.23,1.11,1.48,0.88,1.42,1.08,1.3,1.43,1.29,60.41,81.35,8.39,8.77,7.33,6.83,2.15,1.89,8.06,8.34,6.74,7.06,1.35,1.61,"35C","023C",8.39,6.99,0.00159228450638619,0.700000000000001,1431.59933375,0.00139291766417393,0.00156754753030074,1.272,0.0842870218291893,8.58,8.2,0.429,0.41,8.135,4.49827078521817,0.498880593710447,4.1341,32.184829826087,35.7136286956522,5.28516299301038,0.621493209559948,0.378506790440052,255.890107103579,-1.41852070770243,98.9984280644019,4.80945003235612,0.0474772954822914,0.0169558650232832,0.0470017762149598,0.0305214304590082,0.0300459111916766,0.968021179380879
"114","023D",23,"MG",0,49,5.4613,2.8034,30.4,20,1.39,1.31,1.88,1.36,1.22,1.4,1.67,1.14,1.57,1.12,57.18,79.48,10.31,10.18,8.68,8.35,1.31,1.23,9.96,9.86,8.32,8.35,1.11,1.59,"45C","023D",10.0775,8.425,0.00181028449008739,0.82625,2017.9178441875,0.00131714975793288,0.00138925378358442,1.406,0.0652835263549596,10.245,9.91,0.51225,0.4955,7.948,6.3400596641164,0.442172494979305,5.2888,40.3189730909091,23.2498009090909,7.32307005372679,0.549907398207223,0.450092601792777,320.859764970414,-2.46028734352497,98.3137942552188,7.51111697671588,0.0741472554463562,0.0172390892708329,0.0728969801654221,0.0569081661755233,0.0556578908945892,0.954931965281873
"115","023E",23,"MG",0,46,3.2154,1.6425,17.15,8,1.04,0.95,1.17,1.45,1.33,1.18,1.16,1.7,1.27,1.44,40.34,53.88,9.24,9.27,7.91,7.92,4.14,3.57,8.96,9.66,7.37,7.64,3.7,3.41,"55C","023E",9.2825,7.71,0.00117638837577225,0.786249999999999,1160.6399401875,0.0013552006488299,0.00141516756672587,1.269,0.050252874032534,9.255,9.31,0.46275,0.4655,5.388,3.64626857703015,0.450460509230453,3.0091,55.1183103896104,11.3848987012987,4.22221013547171,0.529749440144023,0.470250559855977,332.699062025699,-2.74258851081716,98.2060367330873,15.8506235692917,0.156472098413541,0.0178141899001781,0.153665046445035,0.138657908513363,0.135850856544857,0.914260381827394
"116","024A",24,"LS",0.55,47,2.7452,1.3274,27.94,16,0.97,1.21,1.05,1.36,1.5,1.72,1.37,1.6,1.48,1.36,52.98,86.88,6.8,6.92,5.51,5.27,1.31,2.07,6.36,6.16,9.87,5.11,1.48,1.02,"10C","024A",6.56,6.44,0.00109185675684395,0.0600000000000001,934.689792,0.00151686689224054,0.00142015031228671,1.362,0.0872950748118791,6.86,6.26,0.343,0.313,8.688,2.93846164570565,0.451732967806437,2.7117,10.9873879292929,37.2986483838384,3.4039135937576,0.666646249830232,0.333353750169768,235.570062576525,-1.2017468765476,99.0877728305731,1.31197023457955,0.0129513349909137,0.00483067289927392,0.0128331893943231,0.00812066209163975,0.00800251649504915,0.991168068853202
"117","024B",24,"LS",0.75,75,2.7463,1.2851,28.09,15,1.51,0.85,0.76,0.51,0.89,0.86,0.74,0.98,0.76,0.47,58.7,79.39,6.55,6.85,5.94,5.75,1.97,1.53,6.72,6.43,5.37,5.61,1.94,1.4,"25C","024B",6.6375,5.6675,0.00122403125668247,0.484999999999999,874.409523046875,0.00167107054702293,0.00146967749793264,0.833,0.0804516555945076,6.7,6.575,0.335,0.32875,7.939,2.74711972232285,0.467799051332707,2.6903,23.934278125,56.898036875,3.19773920284233,0.734691622921753,0.265308377078247,184.716814021218,-0.785557954254806,99.4287030914945,2.97406561065627,0.02935898924636,0.0167046885275212,0.0291912622484271,0.0126543007188388,0.0124865737209059,0.977052024612026
"118","024C",24,"LS",0.7,55,3.5248,1.6774,24.73,14,1.19,0.9,1.14,1.7,1.35,0.79,0.93,1.04,0.78,0.5,41.38,63.25,8.8,9.15,7.18,7.19,2.22,1.64,7.93,8.21,6.84,6.2,2.03,2.53,"35C","024C",8.5225,6.8525,0.00110791736388726,0.835,1148.50941132813,0.00160851968802213,0.00146050174552795,1.032,0.0664258177225742,8.975,8.07,0.44875,0.4035,6.325,3.61153924930898,0.464455702736984,3.457,32.2009809677419,35.5058731182796,4.1997184700882,0.705541358517575,0.294458641482425,205.651501705349,-0.938888014574563,99.3359887772014,4.81383826459875,0.0475206146554664,0.0168726091445965,0.0472050724410112,0.0306480055108699,0.0303324632964147,0.967961159207196
"119","024D",24,"LS",0.5,72,2.7359,1.3207,25.42,14,0.56,0.22,0.39,0.56,0.69,0.95,0.98,1.04,0.76,0.5,42.42,72.32,7.67,7.32,6.3,6.31,1.44,2.93,6.66,6.76,5.33,5.71,1.96,1.51,"45C","024D",7.1025,5.9125,0.000946524324494394,0.595,912.054753,0.00155166123014547,0.001448049029574,0.665,0.0775427586002535,7.495,6.71,0.37475,0.3355,7.232,2.86822130978211,0.460459587095226,2.6269,40.1270994444444,23.2996744444444,3.33132390718471,0.649649094160504,0.350350905839496,245.596078929565,-1.30420665327731,99.1020186509446,7.4347998014481,0.0733938776056081,0.0171005345442607,0.0727348142733611,0.0562933430613474,0.0556342797291005,0.955082325591189
"120","024E",24,"LS",0.3,55,2.6241,1.2434,25.81,19,1.46,0.63,1.06,0.94,1.03,1.08,1.06,1.09,1.25,0.97,40.35,68.65,6.88,6.92,5.84,5.7,1.33,1.36,6.57,6.89,5.83,5.65,1.71,2.27,"55C","024E",6.815,5.755,0.000863891641245553,0.530000000000001,797.0990115625,0.00173215620640842,0.00155990658872183,1.057,0.108018896484639,6.9,6.73,0.345,0.3365,6.865,2.50429025042304,0.496507942635627,2.2884,55.1190473684211,11.3811223684211,2.94028765302044,0.615833345324844,0.384166654675156,260.308346011537,-1.4707219664385,99.0339463991617,15.8511827750776,0.156477618707578,0.0178089092643008,0.154965961037547,0.138668709443277,0.137157051773246,0.913612564849076
"121","025A",25,"LS",0,68,2.9914,1.5427,24.91,21,1.05,1.57,1.05,1.22,0.9,0.96,1.02,0.88,1.13,1.1,48.31,59.01,8.51,8.41,6.81,6.78,0.84,2.61,8.65,7.99,6.61,7.31,1.57,1.97,"10C","025A",8.39,6.8775,0.0012733531617864,0.756250000000001,1038.45945525,0.00139504724298672,0.00148556594309078,1.088,0.100480920826298,8.46,8.32,0.423,0.416,5.901,3.26249229469544,0.472859354337268,2.9772,10.5140049183673,33.9648917346939,3.8034390479422,0.634527015095233,0.365472984904767,253.253946158155,-1.38830111094814,98.9451624285301,1.2712505761755,0.0125493640293731,0.0042623779059692,0.0124169886226108,0.00828698612340392,0.00815461071664156,0.99166031673571
"122","025B",25,"LS",0,53,1.9517,1.0021,41.99,28,1.23,1.26,1.2,1.9,1.25,1.35,1.22,1,1.12,1.28,33.18,41.99,8.24,8.3,6.43,6.67,1.72,1.94,8.31,8.13,6.96,6.88,2.51,1.69,"25C","025B",8.245,6.735,0.000859442674809172,0.755000000000001,713.6203124375,0.00133067961134187,0.00140424814503548,1.281,0.0808763413738377,8.27,8.22,0.4135,0.411,4.199,2.24191120160379,0.446984697379242,1.9175,23.26503125,60.4865196875,2.5932969158895,0.575290205039317,0.424709794960683,301.437860431786,-2.07379753138253,98.4955236448293,2.85652931479956,0.028198709919048,0.017056418226806,0.0277744669958527,0.011142291692242,0.0107180487690468,0.977584557388671
"123","025C",25,"LS",0.3,60,2.3159,1.1518,45.7,44,1.22,1.41,1.4,1.09,1.13,0.83,1.01,1.03,0.87,0.93,33.74,45.7,8.29,8.61,6.78,7.07,1.64,1.62,8.33,8.08,7.07,6.91,1.82,1.71,"35C","025C",8.3275,6.9575,0.000882692816640226,0.684999999999999,792.29240265625,0.00146928078080419,0.00145375620937227,1.092,0.115617036958694,8.45,8.205,0.4225,0.41025,4.57,2.48923952993667,0.462711597718081,2.2825,32.7283484848485,34.9643483838384,2.89311745201459,0.649335937391459,0.350664062608541,245.302810224183,-1.30109061463789,99.0825849925372,4.95904557965205,0.0489540531061407,0.0171164656760403,0.0485049412761836,0.0318375874301004,0.0313884756001433,0.967189296523888
"124","025D",25,"LS",0.4,81,3.0857,1.6091,29.01,17,0.92,1.18,0.91,1.24,1.2,1.51,1.47,1.36,1.12,1,41.03,53.11,9.76,9.47,7.21,6.98,2.67,3.04,8.36,8.33,6.95,6.4,1.61,1.49,"45C","025D",8.98,6.885,0.00115751792825957,1.0475,1070.702911,0.00137909403703863,0.00150284451781041,1.191,0.0652566621294093,9.615,8.345,0.48075,0.41725,5.311,3.3693189065029,0.477574264903919,3.0245,42.0768315789474,21.5698368421053,3.93354877663277,0.608918559199384,0.391081440800616,269.801939756512,-1.58996194842479,98.9130754470315,8.24236523195414,0.0813658956757566,0.0175504909423783,0.080481509777914,0.0638154047333783,0.0629310188355357,0.950983999639854
"125","025E",25,"LS",0,58,2.1511,1.0863,24.09,14,1.04,0.77,1.22,1.45,1.03,0.83,1.26,1.62,1.12,1.08,36.52,48.29,7.79,7.87,5.98,6.44,1.68,1.86,7.28,7.43,6.14,5.88,1.79,1.53,"55C","025E",7.5925,6.11,0.000871094841961336,0.74125,695.932014078125,0.00153003451265351,0.00156092833498827,1.142,0.0765431683650366,7.83,7.355,0.3915,0.36775,4.829,2.18704800713355,0.49669691586869,1.9946,55.2314066666667,11.8913408602151,2.56795839674394,0.613029293389124,0.386970706610876,262.160864724415,-1.49321072273707,99.019581107513,15.9366363591929,0.157321188146031,0.0187075987277848,0.155778781495562,0.138613589418246,0.137071182767777,0.912756809888327
