TIMESTAMP,RECORD,Temp_Avg,RH_Avg,Temp_Std,RH_Std
2023/6/2 0:00,633,24.7282,53.0308,0.01298279,0.01771898
2023/6/2 0:05,634,24.7289,53.0695,0.008030565,0.01972898
2023/6/2 0:10,635,24.7236,53.0881,0.01277618,0.0261698
2023/6/2 0:15,636,24.7321,53.1145,0.0146181,0.01463038
2023/6/2 0:20,637,24.7208,53.1211,0.009410193,0.009616395
2023/6/2 0:25,638,24.7203,53.1383,0.0108534,0.01471142
2023/6/2 0:30,639,24.7224,53.1605,0.01146437,0.02465445
2023/6/2 0:35,640,24.7151,53.1877,0.00941698,0.01260245
2023/6/2 0:40,641,24.7222,53.2207,0.01667184,0.02825599
2023/6/2 0:45,642,24.7151,53.2604,0.00941698,0.02593426
2023/6/2 0:50,643,24.7056,53.3124,0.01082752,0.02234464
2023/6/2 0:55,644,24.7138,53.3416,0.01196457,0.02040227
2023/6/2 1:00,645,24.7085,53.39,0.01233079,0.01357946
2023/6/2 1:05,646,24.7043,53.3897,0.01212461,0.01769786
2023/6/2 1:10,647,24.7016,53.4232,0.009489066,0.02254744
2023/6/2 1:15,648,24.6948,53.4337,0.006368913,0.02549567
2023/6/2 1:20,649,24.6949,53.4689,0.008837059,0.01721892
2023/6/2 1:25,650,24.6877,53.4793,0.01007068,0.0315403
2023/6/2 1:30,651,24.6878,53.5314,0.01184772,0.02202381
2023/6/2 1:35,652,24.6862,53.6056,0.01553595,0.02934287
2023/6/2 1:40,653,24.6774,53.6615,0.01456856,0.03969692
2023/6/2 1:45,654,24.6748,53.7967,0.01404127,0.03594935
2023/6/2 1:50,655,24.6761,53.8762,0.01298809,0.02462412
2023/6/2 1:55,656,24.6761,53.91121,0.01298809,0.02470502
2023/6/2 2:00,657,24.6703,53.9693,0.01006998,0.02117586
2023/6/2 2:05,658,24.666,54.0042,0.01114442,0.02282465
2023/6/2 2:10,659,24.6549,54.0246,0.01179391,0.02161976
2023/6/2 2:15,660,24.6524,54.02551,0.01082801,0.02234382
2023/6/2 2:20,661,24.6469,54.0642,0.01172567,0.02912648
2023/6/2 2:25,662,24.6428,54.1338,0.007208253,0.03213007
2023/6/2 2:30,663,24.6442,54.1717,0.008541822,0.02741588
2023/6/2 2:35,664,24.6398,54.1959,0.01559386,0.01005448
2023/6/2 2:40,665,24.6428,54.2109,0.007208253,0.01541717
2023/6/2 2:45,666,24.6399,54.2657,0.01098582,0.02305214
2023/6/2 2:50,667,24.6354,54.3144,0.0168829,0.01750496
2023/6/2 2:55,668,24.632,54.3472,0.00764171,0.0176563
2023/6/2 3:00,669,24.6246,54.37319,0.01169805,0.02096565
2023/6/2 3:05,670,24.6084,54.4191,0.008946709,0.01885495
2023/6/2 3:10,671,24.6032,54.4475,0.007208475,0.02918738
2023/6/2 3:15,672,24.6004,54.51959,0.009489066,0.0253975
2023/6/2 3:20,673,24.5946,54.5756,0.01292432,0.02337678
2023/6/2 3:25,674,24.593,54.62141,0.01797209,0.03112962
2023/6/2 3:30,675,24.5872,54.66719,0.01708647,0.0171855
2023/6/2 3:35,676,24.5876,54.7075,0.009499075,0.01340319
2023/6/2 3:40,677,24.5756,54.7332,0.0165479,0.01785957
2023/6/2 3:45,678,24.5642,54.7992,0.008623548,0.02898502
2023/6/2 3:50,679,24.5648,54.8296,0.01421826,0.01377751
2023/6/2 3:55,680,24.5555,54.8433,0.01965326,0.01761225
2023/6/2 4:00,681,24.5592,54.868,0.01498544,0.02387021
2023/6/2 4:05,682,24.5483,54.8764,0.01433945,0.02047063
2023/6/2 4:10,683,24.5494,54.8993,0.01412268,0.01526408
2023/6/2 4:15,684,24.4961,55.3744,0.02056911,0.2456326
2023/6/2 4:20,685,24.4331,55.9508,0.0260978,0.0800553
2023/6/2 4:25,686,24.4143,55.9474,0.01372627,0.0837639
2023/6/2 4:30,687,24.4,55.8041,0.01261765,0.03562434
2023/6/2 4:35,688,24.3932,55.78931,0.006367979,0.02618011
2023/6/2 4:40,689,24.381,55.7688,0.01663161,0.04042495
2023/6/2 4:45,690,24.3584,56.0334,0.01490744,0.05382035
2023/6/2 4:50,691,24.3481,56.0779,0.01179303,0.04057423
2023/6/2 4:55,692,24.3468,56.1342,0.01274137,0.03647476
2023/6/2 5:00,693,24.3683,55.9614,0.01000094,0.08542665
2023/6/2 5:05,694,24.3825,55.787,0.01245986,0.0246863
2023/6/2 5:10,695,24.3851,55.7655,0.01197035,0.03702813
2023/6/2 5:15,696,24.3893,55.7716,0.003899574,0.01707699
2023/6/2 5:20,697,24.3958,55.7323,0.008622743,0.02265456
2023/6/2 5:25,698,24.3986,55.7321,0.01005187,0.02578968
2023/6/2 5:30,699,24.3973,55.7303,0.01048856,0.02368963
2023/6/2 5:35,700,24.3906,55.7238,0.009727859,0.02337402
2023/6/2 5:40,701,24.3842,55.7121,0.01195689,0.01702643
2023/6/2 5:45,702,24.3864,55.6934,0.01288552,0.0177218
2023/6/2 5:50,703,24.3753,55.66819,0.0171234,0.01967077
2023/6/2 5:55,704,24.3726,55.6996,0.01735648,0.02090531
2023/6/2 6:00,705,24.3654,55.7357,0.01621279,0.03481068
2023/6/2 6:05,706,24.3642,55.81599,0.01183924,0.02338308
2023/6/2 6:10,707,24.358,55.8397,0.01044053,0.02584605
2023/6/2 6:15,708,24.3454,55.872,0.01207577,0.01832469
2023/6/2 6:20,709,24.3426,55.8419,0.01005125,0.01837672
2023/6/2 6:25,710,24.3397,55.8491,0.01275922,0.0138598
2023/6/2 6:30,711,24.3269,55.8418,0.01298809,0.01665442
2023/6/2 6:35,712,24.3182,55.8704,0.01028441,0.03241989
2023/6/2 6:40,713,24.3142,55.9036,0.01404185,0.02277826
2023/6/2 6:45,714,24.3071,55.9065,0.01098625,0.0245813
2023/6/2 6:50,715,24.3016,55.9522,0.009372491,0.02440813
2023/6/2 6:55,716,24.2986,55.9974,0.01351468,0.01906444
2023/6/2 7:00,717,24.2906,56.0276,0.009489067,0.01898477
2023/6/2 7:05,718,24.2853,56.0525,0.01048876,0.02684503
2023/6/2 7:10,719,24.2722,56.0771,0.01556115,0.01287175
2023/6/2 7:15,720,24.2695,56.11131,0.01189284,0.02923715
2023/6/2 7:20,721,24.2681,56.1581,0.01362635,0.02237115
2023/6/2 7:25,722,24.259,56.1743,0.01043991,0.02056708
2023/6/2 7:30,723,24.2563,56.1793,0.01300778,0.008638524
2023/6/2 7:35,724,24.2435,56.1381,0.008003304,0.01721351
2023/6/2 7:40,725,24.2392,56.1975,0.00941102,0.05578361
2023/6/2 7:45,726,24.2377,56.4059,0.01302388,0.0433968
2023/6/2 7:50,727,24.2208,56.5349,0.01103439,0.03529739
2023/6/2 7:55,728,24.2175,56.6191,0.0141155,0.03650353
2023/6/2 8:00,729,24.2194,56.7027,0.01365412,0.04129667
2023/6/2 8:05,730,24.1956,56.7649,0.01082752,0.01720176
2023/6/2 8:10,731,24.204,56.7814,0.01264088,0.03270494
2023/6/2 8:15,732,24.1997,56.8171,0.01212443,0.03149461
2023/6/2 8:20,733,24.1984,56.822,0.01082757,0.02203209
2023/6/2 8:25,734,24.186,56.8572,0.01257014,0.02298186
2023/6/2 8:30,735,24.1733,56.8551,0.01271299,0.02394745
2023/6/2 8:35,736,24.186,56.8895,0.01257014,0.02194701
2023/6/2 8:40,737,24.1777,56.912,0.01007068,0.02479494
2023/6/2 8:45,738,24.1732,56.925,0.01103497,0.03484536
2023/6/2 8:50,739,24.1618,56.9169,0.01288296,0.03083963
2023/6/2 8:55,740,24.1505,57.0509,0.008003303,0.09005016
2023/6/2 9:00,741,27.1204,50.8011,3.337188,8.208324
2023/6/2 9:05,742,36.9442,29.7718,1.617039,2.552998
2023/6/2 9:10,743,40.3369,24.9064,0.5209999,0.6276591
2023/6/2 9:15,744,41.22561,23.7151,0.05427711,0.1295682
2023/6/2 9:20,745,40.9221,23.8658,0.133364,0.1086803
2023/6/2 9:25,746,40.8364,24.0129,0.08800237,0.1015967
2023/6/2 9:30,747,41.0572,23.6763,0.02767936,0.03428161
2023/6/2 9:35,748,40.8405,23.8542,0.0760325,0.07654724
2023/6/2 9:40,749,40.9361,23.7143,0.1376777,0.1755262
2023/6/2 9:45,750,41.2427,23.2634,0.03566558,0.06583325
2023/6/2 9:50,751,40.9544,23.6339,0.08541361,0.1324231
2023/6/2 9:55,752,41.0891,23.4562,0.1282732,0.1777573
2023/6/2 10:00,753,41.2376,23.2413,0.05702274,0.06230732
2023/6/2 10:05,754,41.0121,23.4232,0.03381891,0.04416323
2023/6/2 10:10,755,41.2057,23.1603,0.09101078,0.1076206
2023/6/2 10:15,756,41.27489,23.0409,0.06278934,0.06656931
2023/6/2 10:20,757,41.04879,23.284,0.03051794,0.04357067
2023/6/2 10:25,758,41.2469,23.0287,0.08295232,0.1312081
2023/6/2 10:30,759,41.2871,22.9574,0.06497261,0.06911921
2023/6/2 10:35,760,41.0997,23.1154,0.02835897,0.04137455
2023/6/2 10:40,761,41.284,22.9167,0.06512749,0.07160065
2023/6/2 10:45,762,41.2638,22.9004,0.06337766,0.06475668
2023/6/2 10:50,763,41.035,23.1165,0.0319152,0.0502997
2023/6/2 10:55,764,41.1617,22.9456,0.06660688,0.08292052
2023/6/2 11:00,765,41.2767,22.9367,0.01976349,0.05900314
2023/6/2 11:05,766,41.1383,23.0129,0.0386498,0.05464134
2023/6/2 11:10,767,41.1654,22.9672,0.04486028,0.03269488
2023/6/2 11:15,768,41.2228,22.8564,0.02087048,0.02179082
2023/6/2 11:20,769,41.1276,22.9338,0.01898498,0.04291607
2023/6/2 11:25,770,41.1203,22.9282,0.01046008,0.03238781
2023/6/2 11:30,771,41.1825,22.9122,0.04371377,0.1111648
2023/6/2 11:35,772,41.25721,22.8296,0.00941057,0.08344115
2023/6/2 11:40,773,41.1916,23.0122,0.0963625,0.1671805
2023/6/2 11:45,774,40.0875,24.4445,0.3471419,0.4360873
2023/6/2 11:50,775,39.7838,24.7497,0.4169366,0.4970361
2023/6/2 11:55,776,39.5397,25.0489,0.05831934,0.08027884
2023/6/2 12:00,777,39.6974,24.911,0.04468873,0.04057096
2023/6/2 12:05,778,39.86541,24.8545,0.03942132,0.03848638
2023/6/2 12:10,779,39.8929,24.8639,0.03462748,0.03638817
2023/6/2 12:15,780,39.825,24.8221,0.01769203,0.1466443
2023/6/2 12:20,781,39.9289,24.4767,0.03341654,0.06727143
2023/6/2 12:25,782,39.9526,24.3245,0.01465718,0.06634761
2023/6/2 12:30,783,39.9493,24.1045,0.0087642,0.06006254
2023/6/2 12:35,784,39.9403,24.0211,0.0204699,0.05456839
2023/6/2 12:40,785,40.0162,23.8092,0.02270577,0.06162793
2023/6/2 12:45,786,39.9202,23.9046,0.1215463,0.2178193
2023/6/2 12:50,787,39.6907,24.1241,0.09577947,0.1217507
2023/6/2 12:55,788,39.95551,23.7608,0.04887136,0.0788653
2023/6/2 13:00,789,39.8512,23.8051,0.04673509,0.03851882
2023/6/2 13:05,790,39.9727,23.6428,0.08692842,0.07164724
2023/6/2 13:10,791,40.043,23.5372,0.04163187,0.01737115
2023/6/2 13:15,792,39.9497,23.6176,0.01403597,0.03423857
2023/6/2 13:20,793,39.7347,23.911,0.29183,0.3850954
2023/6/2 13:25,794,39.562,24.0624,0.1823353,0.2464418
2023/6/2 13:30,795,39.7459,23.8228,0.01421646,0.01763415
2023/6/2 13:35,796,39.9401,23.5829,0.1025964,0.1158773
2023/6/2 13:40,797,40.1631,23.278,0.02207502,0.02984633
2023/6/2 13:45,798,40.119,23.322,0.02107166,0.03397631
2023/6/2 13:50,799,40.0133,23.4761,0.100794,0.1500192
2023/6/2 13:55,800,39.7711,23.7331,0.0921016,0.1330479
2023/6/2 14:00,801,39.9825,23.427,0.05161384,0.07647488
2023/6/2 14:05,802,40.1233,23.1811,0.02654088,0.06598563
2023/6/2 14:10,803,40.1785,23.0714,0.01421503,0.01114651
2023/6/2 14:15,804,40.2015,23.0217,0.01296222,0.02784618
2023/6/2 14:20,805,40.05,23.3116,0.09693191,0.2047097
2023/6/2 14:25,806,39.6856,23.6509,0.1274454,0.1703958
2023/6/2 14:30,807,40.0527,23.1833,0.05970929,0.09608661
2023/6/2 14:35,808,40.187,22.9783,0.040331,0.05644466
2023/6/2 14:40,809,40.3216,22.8103,0.03397081,0.02334113
2023/6/2 14:45,810,40.4036,22.6972,0.01729306,0.03077926
2023/6/2 14:50,811,37.6775,26.1661,2.249391,2.9178
2023/6/2 14:55,812,38.8789,24.9979,2.363903,2.894019
2023/6/2 15:00,813,44.2676,19.2485,0.8824309,0.7992269
2023/6/2 15:05,814,46.0074,17.6932,0.1900905,0.1836457
2023/6/2 15:10,815,45.9975,17.6124,0.1539066,0.1090606
2023/6/2 15:15,816,45.1328,18.2389,0.3382924,0.2864486
2023/6/2 15:20,817,43.3407,19.7637,0.622692,0.5685901
2023/6/2 15:25,818,41.5272,21.3751,0.2286008,0.1699852
2023/6/2 15:30,819,40.8298,22.0447,0.1574903,0.1643709
2023/6/2 15:35,820,40.4701,22.4188,0.0649271,0.05228343
2023/6/2 15:40,821,40.2869,22.5879,0.05383141,0.05234008
2023/6/2 15:45,822,40.06321,22.9043,0.1488228,0.2466104
2023/6/2 15:50,823,39.787,23.2714,0.2380435,0.3184113
2023/6/2 15:55,824,39.8563,23.1282,0.1058301,0.1369935
2023/6/2 16:00,825,39.9965,22.9289,0.03788227,0.05465435
2023/6/2 16:05,826,40.2003,22.7103,0.05134702,0.0526099
2023/6/2 16:10,827,40.221,22.7905,0.08494611,0.1424735
2023/6/2 16:15,828,39.9929,23.0605,0.2322441,0.2734221
2023/6/2 16:20,829,39.4029,23.7248,0.04994342,0.0819305
2023/6/2 16:25,830,39.4977,23.5339,0.02363903,0.07164443
2023/6/2 16:30,831,39.6414,23.3632,0.05607823,0.06791288
2023/6/2 16:35,832,39.7514,23.2074,0.01169847,0.01916327
2023/6/2 16:40,833,39.8031,23.1655,0.03153567,0.03609772
2023/6/2 16:45,834,39.8462,23.2063,0.07892005,0.1584689
2023/6/2 16:50,835,39.635,23.558,0.1409013,0.21975
2023/6/2 16:55,836,39.96011,23.0785,0.04565182,0.07112299
2023/6/2 17:00,837,39.958,23.0524,0.01485914,0.03079708
2023/6/2 17:05,838,40.0926,23.0191,0.05217124,0.02675273
2023/6/2 17:10,839,40.1356,23.1274,0.01575536,0.09464687
2023/6/2 17:15,840,40.1697,23.1965,0.08054455,0.1139201
2023/6/2 17:20,841,39.7602,23.7047,0.3315541,0.4161623
2023/6/2 17:25,842,39.5149,23.8071,0.01802457,0.06268557
2023/6/2 17:30,843,39.6051,23.5823,0.05729419,0.08582927
2023/6/2 17:35,844,39.8303,23.2829,0.06190174,0.0714191
2023/6/2 17:40,845,39.9887,23.0934,0.02050366,0.04426789
2023/6/2 17:45,846,39.916,23.1739,0.03465235,0.03995113
2023/6/2 17:50,847,39.9896,23.0786,0.03943122,0.03640642
2023/6/2 17:55,848,38.6551,24.7691,1.74492,2.217364
2023/6/2 18:00,849,35.8925,28.304,1.096201,1.59086
2023/6/2 18:05,850,38.8294,24.4523,0.5302795,0.6275999
2023/6/2 18:10,851,39.84121,23.2063,0.09833606,0.137777
2023/6/2 18:15,852,39.8158,23.1794,0.06386999,0.05842146
2023/6/2 18:20,853,39.8252,23.2737,0.07428019,0.0706471
2023/6/2 18:25,854,40.044,22.9821,0.0336484,0.05225775
2023/6/2 18:30,855,40.022,23.0241,0.01888911,0.02801662
2023/6/2 18:35,856,40.1107,22.9443,0.04378145,0.07963045
2023/6/2 18:40,857,39.7873,23.3161,0.2755881,0.347843
2023/6/2 18:45,858,39.7371,23.3263,0.07602127,0.08988444
2023/6/2 18:50,859,39.8043,23.233,0.03999051,0.05135367
2023/6/2 18:55,860,40.0458,22.9898,0.05504486,0.06753004
2023/6/2 19:00,861,40.0911,22.9816,0.01340418,0.0248082
2023/6/2 19:05,862,38.6162,24.7353,0.9112118,1.056378
2023/6/2 19:10,863,38.3176,24.9884,0.05264661,0.09481341
2023/6/2 19:15,864,37.9112,25.4547,0.1880686,0.230424
2023/6/2 19:20,865,37.5567,25.8174,0.1409229,0.163535
2023/6/2 19:25,866,36.9776,26.4688,0.1731101,0.2145135
2023/6/2 19:30,867,36.3322,27.2327,0.1853994,0.2264482
2023/6/2 19:35,868,35.6873,28.0687,0.2003286,0.2478938
2023/6/2 19:40,869,35.0126,28.9761,0.1883809,0.2669412
2023/6/2 19:45,870,34.3668,29.9158,0.1811591,0.264924
2023/6/2 19:50,871,33.7724,30.8384,0.1700964,0.2590465
2023/6/2 19:55,872,33.1973,31.7319,0.1541831,0.2495234
2023/6/2 20:00,873,32.6827,32.5926,0.1507393,0.2372263
2023/6/2 20:05,874,32.2228,33.365,0.1327854,0.2091964
2023/6/2 20:10,875,31.795,34.1115,0.1218469,0.2120637
2023/6/2 20:15,876,31.394,34.7616,0.1114738,0.1741585
2023/6/2 20:20,877,31.0284,35.3794,0.1059257,0.1605034
2023/6/2 20:25,878,30.6899,35.9643,0.09090795,0.1551739
2023/6/2 20:30,879,30.3751,36.5256,0.08744446,0.1573679
2023/6/2 20:35,880,30.0902,37.0695,0.08216907,0.1575929
2023/6/2 20:40,881,29.8142,37.5621,0.06557716,0.1371457
2023/6/2 20:45,882,29.5647,38.044,0.06541433,0.1414383
2023/6/2 20:50,883,29.3315,38.517,0.06124406,0.1424973
2023/6/2 20:55,884,29.1206,38.9617,0.0627185,0.1310851
2023/6/2 21:00,885,28.903,39.3801,0.06561872,0.1082829
2023/6/2 21:05,886,28.7109,39.7707,0.04583115,0.1086184
2023/6/2 21:10,887,28.5268,40.16579,0.0519609,0.09877519
2023/6/2 21:15,888,28.358,40.533,0.05074451,0.1163192
2023/6/2 21:20,889,28.1983,40.8886,0.0498259,0.1045244
2023/6/2 21:25,890,28.0557,41.2256,0.0361302,0.09220454
2023/6/2 21:30,891,27.9135,41.5441,0.04028464,0.09134386
2023/6/2 21:35,892,27.7833,41.8425,0.03902312,0.08505094
2023/6/2 21:40,893,27.6613,42.1412,0.02802212,0.08124869
2023/6/2 21:45,894,27.552,42.4256,0.03712953,0.09115716
2023/6/2 21:50,895,27.4315,42.6963,0.03189751,0.08548773
2023/6/2 21:55,896,27.3347,42.9722,0.0353497,0.08171118
2023/6/2 22:00,897,27.2401,43.2142,0.02183308,0.06379521
2023/6/2 22:05,898,27.146,43.4455,0.01930343,0.06887971
2023/6/2 22:10,899,27.0511,43.6622,0.02633808,0.0652792
2023/6/2 22:15,900,26.9746,43.8588,0.02601216,0.06588886
2023/6/2 22:20,901,26.9031,44.0491,0.02371308,0.06691279
2023/6/2 22:25,902,26.8215,44.254,0.02312658,0.06589384
2023/6/2 22:30,903,26.75,44.424,0.02106201,0.05639508
2023/6/2 22:35,904,26.6794,44.5864,0.02599322,0.04110272
2023/6/2 22:40,905,26.6132,44.7577,0.03034093,0.05400221
2023/6/2 22:45,906,26.5555,44.9113,0.02259747,0.04532766
2023/6/2 22:50,907,26.4966,45.0566,0.01782796,0.04283799
2023/6/2 22:55,908,26.447,45.1918,0.02507179,0.05011423
2023/6/2 23:00,909,26.3894,45.3383,0.02403417,0.04338958
2023/6/2 23:05,910,26.3324,45.4592,0.01902716,0.04616248
2023/6/2 23:10,911,26.2837,45.5909,0.0149136,0.03594863
2023/6/2 23:15,912,26.2346,45.7107,0.01897982,0.04191893
2023/6/2 23:20,913,26.185,45.8334,0.01877745,0.04638346
2023/6/2 23:25,914,26.1518,45.9474,0.01106171,0.04196689
2023/6/2 23:30,915,26.1121,46.0674,0.02268248,0.04148727
2023/6/2 23:35,916,26.0636,46.1952,0.01706575,0.03165684
2023/6/2 23:40,917,26.0191,46.298,0.01512963,0.02843984
2023/6/2 23:45,918,25.9866,46.3921,0.01332097,0.02971642
2023/6/2 23:50,919,25.9517,46.4859,0.01837966,0.03315797
2023/6/2 23:55,920,25.9104,46.5949,0.02249534,0.03352153
2023/6/7 0:00,2073,40.9731,23.8749,0.135113,0.1358084
2023/6/7 0:05,2074,40.9702,23.8906,0.1338038,0.1626998
2023/6/7 0:10,2075,41.445,23.3382,0.06844293,0.09121498
2023/6/7 0:15,2076,41.2863,23.5014,0.1423671,0.1479978
2023/6/7 0:20,2077,40.8771,23.9717,0.06293692,0.08699424
2023/6/7 0:25,2078,41.163,23.6601,0.1689056,0.1945373
2023/6/7 0:30,2079,41.4519,23.3369,0.03404269,0.04131942
2023/6/7 0:35,2080,41.0811,23.7305,0.1467279,0.1669673
2023/6/7 0:40,2081,40.9021,23.9763,0.08351775,0.08968952
2023/6/7 0:45,2082,41.3527,23.4648,0.1151569,0.1439676
2023/6/7 0:50,2083,41.3457,23.4507,0.1153533,0.1194453
2023/6/7 0:55,2084,40.9095,23.9414,0.09975247,0.1221411
2023/6/7 1:00,2085,41.0586,23.8072,0.1727917,0.183443
2023/6/7 1:05,2086,41.4729,23.3507,0.04043343,0.0483447
2023/6/7 1:10,2087,41.1911,23.6425,0.1563708,0.1716368
2023/6/7 1:15,2088,40.8485,24.0488,0.03848404,0.05612441
2023/6/7 1:20,2089,41.2552,23.5925,0.1676065,0.1890413
2023/6/7 1:25,2090,41.4604,23.3416,0.06565386,0.06537309
2023/6/7 1:30,2091,41.0226,23.7936,0.1460155,0.1538416
2023/6/7 1:35,2092,40.9208,23.9394,0.1153589,0.1181085
2023/6/7 1:40,2093,41.4235,23.3732,0.1069873,0.1356333
2023/6/7 1:45,2094,41.3457,23.4337,0.1275253,0.1488886
2023/6/7 1:50,2095,40.8952,23.9617,0.08950464,0.1258136
2023/6/7 1:55,2096,41.0892,23.7609,0.1756245,0.2006052
2023/6/7 2:00,2097,41.4872,23.2977,0.0357933,0.03057133
2023/6/7 2:05,2098,41.184,23.6525,0.1554572,0.1800745
2023/6/7 2:10,2099,40.8632,23.9857,0.04197053,0.05733071
2023/6/7 2:15,2100,41.2876,23.5164,0.1629175,0.1625718
2023/6/7 2:20,2101,41.4405,23.336,0.07764833,0.07896321
2023/6/7 2:25,2102,41.0082,23.8246,0.1347251,0.1523404
2023/6/7 2:30,2103,40.948,23.9383,0.1408203,0.1476006
2023/6/7 2:35,2104,41.4391,23.3739,0.09705552,0.1068623
2023/6/7 2:40,2105,41.3258,23.4774,0.1319112,0.1347864
2023/6/7 2:45,2106,40.8902,23.9703,0.07311558,0.1029254
2023/6/7 2:50,2107,41.1244,23.7267,0.1698968,0.192035
2023/6/7 2:55,2108,41.4507,23.3401,0.03178044,0.04469327
2023/6/7 3:00,2109,41.1195,23.7177,0.1457423,0.1720046
2023/6/7 3:05,2110,40.8656,24.0429,0.06843083,0.06789185
2023/6/7 3:10,2111,41.3329,23.503,0.1517622,0.1603742
2023/6/7 3:15,2112,41.4181,23.4057,0.0931517,0.1033743
2023/6/7 3:20,2113,40.9591,23.924,0.1375082,0.1611944
2023/6/7 3:25,2114,40.986,23.9128,0.152146,0.1725528
2023/6/7 3:30,2115,41.4437,23.3739,0.064692,0.08946679
2023/6/7 3:35,2116,41.2507,23.5761,0.140747,0.1482114
2023/6/7 3:40,2117,40.8653,24.0538,0.04839175,0.07414149
2023/6/7 3:45,2118,41.1996,23.6884,0.1765934,0.1990957
2023/6/7 3:50,2119,41.4543,23.3849,0.05321485,0.05030826
2023/6/7 3:55,2120,41.0639,23.8385,0.1506642,0.1733746
2023/6/7 4:00,2121,40.884,24.0412,0.1030827,0.1156533
2023/6/7 4:05,2122,41.3811,23.4944,0.119212,0.1275338
2023/6/7 4:10,2123,41.3599,23.5032,0.1210928,0.1278912
2023/6/7 4:15,2124,40.9154,24.005,0.09636065,0.1206001
2023/6/7 4:20,2125,41.0723,24.1577,0.1588458,0.03792657
2023/6/7 4:25,2126,41.4263,24.1147,0.03701057,0.04052185
2023/6/7 4:30,2127,41.1163,24.455,0.1507049,0.1846381
2023/6/7 4:35,2128,40.8238,24.8087,0.05624402,0.06464058
2023/6/7 4:40,2129,41.2829,24.2823,0.1501471,0.206189
2023/6/7 4:45,2130,41.3912,23.8857,0.08316411,0.04064985
2023/6/7 4:50,2131,40.9477,24.1739,0.1250394,0.105398
2023/6/7 4:55,2132,40.9646,24.1023,0.152766,0.1710123
2023/6/7 5:00,2133,41.4213,23.5415,0.05027135,0.09424467
2023/6/7 5:05,2134,41.2151,23.7509,0.1475438,0.15058
2023/6/7 5:10,2135,40.8364,24.1742,0.04445482,0.06103227
2023/6/7 5:15,2136,41.2097,23.7813,0.1637911,0.1844201
2023/6/7 5:20,2137,41.4449,23.5264,0.06095533,0.06797658
2023/6/7 5:25,2138,41.027,23.9968,0.1472686,0.1724967
2023/6/7 5:30,2139,40.8996,24.1215,0.1090333,0.1148206
2023/6/7 5:35,2140,41.3995,23.5683,0.09491561,0.1341903
2023/6/7 5:40,2141,41.31879,23.6058,0.1260221,0.1314868
2023/6/7 5:45,2142,40.8816,24.0862,0.08838733,0.1132739
2023/6/7 5:50,2143,41.0888,23.8609,0.1798502,0.1909579
2023/6/7 5:55,2144,41.5073,23.4107,0.0310612,0.04921188
2023/6/7 6:00,2145,41.1966,23.7629,0.1529817,0.172645
2023/6/7 6:05,2146,40.8573,24.134,0.04796224,0.05656312
2023/6/7 6:10,2147,41.2791,23.6747,0.158619,0.1953022
2023/6/7 6:15,2148,41.4381,23.4722,0.0783144,0.1103086
2023/6/7 6:20,2149,40.9903,23.9754,0.152374,0.1700382
2023/6/7 6:25,2150,40.9293,24.0694,0.1437204,0.1637578
2023/6/7 6:30,2151,41.4445,23.5068,0.09230449,0.1101696
2023/6/7 6:35,2152,41.333,23.6163,0.1438494,0.1619992
2023/6/7 6:40,2153,40.8717,24.1376,0.08993144,0.08962476
2023/6/7 6:45,2154,41.11311,23.9058,0.1811296,0.2154059
2023/6/7 6:50,2155,41.4815,23.4493,0.0256254,0.04704929
2023/6/7 6:55,2156,41.1502,23.7963,0.162401,0.1938514
2023/6/7 7:00,2157,40.8338,24.1748,0.05041154,0.07999472
2023/6/7 7:05,2158,41.3189,23.6121,0.1598369,0.2040543
2023/6/7 7:10,2159,41.4619,23.4362,0.08568805,0.1042047
2023/6/7 7:15,2160,41.0035,23.9903,0.1494009,0.1751838
2023/6/7 7:20,2161,40.9358,24.2711,0.1317646,0.06109264
2023/6/7 7:25,2162,41.431,23.9969,0.09037711,0.06125249
2023/6/7 7:30,2163,41.3024,24.2777,0.1378976,0.1701552
2023/6/7 7:35,2164,40.8416,24.8521,0.08742611,0.101302
2023/6/7 7:40,2165,41.1012,24.5989,0.1971328,0.1706155
2023/6/7 7:45,2166,41.5015,24.2168,0.04190294,0.03978616
2023/6/7 7:50,2167,41.1715,24.6395,0.1603475,0.2098446
2023/6/7 7:55,2168,40.8296,25.1008,0.04971336,0.0462077
2023/6/7 8:00,2169,41.28761,24.691,0.1701809,0.1784
2023/6/7 8:05,2170,41.4321,24.5096,0.07466364,0.07580549
2023/6/7 8:10,2171,40.9561,25.0575,0.1494123,0.1600111
2023/6/7 8:15,2172,40.9255,25.0835,0.1448034,0.1568133
2023/6/7 8:20,2173,41.4421,24.6045,0.09350828,0.06086564
2023/6/7 8:25,2174,41.3216,24.8027,0.1415991,0.1614482
2023/6/7 8:30,2175,40.8547,25.2638,0.08581594,0.07618743
2023/6/7 8:35,2176,41.0966,24.979,0.1790355,0.2187593
2023/6/7 8:40,2177,41.4529,24.5792,0.04172374,0.0642942
2023/6/7 8:45,2178,41.1115,24.9576,0.1670201,0.1401104
2023/6/7 8:50,2179,40.8146,25.2665,0.07310653,0.0470132
2023/6/7 8:55,2180,41.2963,24.769,0.1463536,0.1980728
2023/6/7 9:00,2181,41.4211,24.5396,0.088934,0.09868349
2023/6/7 9:05,2182,40.9438,25.0482,0.1233308,0.1239692
2023/6/7 9:10,2183,40.931,25.0877,0.1413116,0.1415381
2023/6/7 9:15,2184,41.4338,24.5156,0.08247666,0.1450244
2023/6/7 9:20,2185,41.2792,24.5502,0.141437,0.1464901
2023/6/7 9:25,2186,40.8374,25.0132,0.07211476,0.07698308
2023/6/7 9:30,2187,41.1235,24.6978,0.1850219,0.2238923
2023/6/7 9:35,2188,41.4602,24.2682,0.04026903,0.04785781
2023/6/7 9:40,2189,41.0867,24.6493,0.1633618,0.1706989
2023/6/7 9:45,2190,40.8421,24.9057,0.07614931,0.08926262
2023/6/7 9:50,2191,41.3332,24.49,0.1468054,0.1776004
2023/6/7 9:55,2192,41.4069,24.2411,0.09878938,0.09269246
2023/6/7 10:00,2193,40.9235,24.731,0.1303521,0.1358689
2023/6/7 10:05,2194,40.7652,24.941,0.07548914,0.1725781
2023/6/7 10:10,2195,41.1873,24.5312,0.1282315,0.1579422
2023/6/7 10:15,2196,40.7884,24.8552,0.2325962,0.2358573
2023/6/7 10:20,2197,40.2709,25.4062,0.06126755,0.05384773
2023/6/7 10:25,2198,40.1954,25.5022,0.03010411,0.07426695
2023/6/7 10:30,2199,40.1277,25.5861,0.0148463,0.07597428
2023/6/7 10:35,2200,40.1356,25.5834,0.03366426,0.08165926
2023/6/7 10:40,2201,39.9857,25.7879,0.05010219,0.07113316
2023/6/7 10:45,2202,40.2939,25.3252,0.06567106,0.1097149
2023/6/7 10:50,2203,40.5602,24.8872,0.07250721,0.1405109
2023/6/7 10:55,2204,40.7828,24.5732,0.02431866,0.03680699
2023/6/7 11:00,2205,40.7977,24.5314,0.05126877,0.05687739
2023/6/7 11:05,2206,40.7813,24.5105,0.1231089,0.1383933
2023/6/7 11:10,2207,39.1235,26.7106,1.391443,1.627049
2023/6/7 11:15,2208,47.1096,18.6665,2.013648,1.726376
2023/6/7 11:20,2209,50.5903,15.8384,0.2870325,0.2358939
2023/6/7 11:25,2210,50.3,15.916,0.3294216,0.2032209
2023/6/7 11:30,2211,48.7391,16.9615,0.5252575,0.3661574
2023/6/7 11:35,2212,46.7792,18.4009,0.6548083,0.5022793
2023/6/7 11:40,2213,44.3895,20.426,0.6808619,0.645543
2023/6/7 11:45,2214,42.508,22.3147,0.4244414,0.4588896
2023/6/7 11:50,2215,41.3954,23.5056,0.2200946,0.2471933
2023/6/7 11:55,2216,40.8416,24.0655,0.1073316,0.1251092
2023/6/7 12:00,2217,40.421,24.5461,0.1876048,0.2052903
2023/6/7 12:05,2218,40.3265,24.6521,0.1997357,0.258806
2023/6/7 12:10,2219,40.5686,24.2869,0.03236721,0.03346471
2023/6/7 12:15,2220,40.7141,24.0811,0.06300185,0.07355213
2023/6/7 12:20,2221,40.7979,24.0009,0.04381043,0.03368807
2023/6/7 12:25,2222,40.8096,23.9957,0.01573659,0.02504789
2023/6/7 12:30,2223,40.7081,24.1255,0.1518251,0.1543873
2023/6/7 12:35,2224,40.2787,24.633,0.1065181,0.1421635
2023/6/7 12:40,2225,40.6386,24.2416,0.09197557,0.109011
2023/6/7 12:45,2226,40.7895,24.0344,0.02820464,0.04615017
2023/6/7 12:50,2227,40.8028,24.0507,0.02057097,0.02890336
2023/6/7 12:55,2228,40.8842,23.948,0.02967422,0.05210946
2023/6/7 13:00,2229,40.9034,23.8841,0.01448567,0.01978613
2023/6/7 13:05,2230,40.918,23.8207,0.01453251,0.03439778
2023/6/7 13:10,2231,40.6171,24.1954,0.1305608,0.1595431
2023/6/7 13:15,2232,40.6973,24.0732,0.0379285,0.05933444
2023/6/7 13:20,2233,40.7263,23.9801,0.02679212,0.0494417
2023/6/7 13:25,2234,40.8278,23.8629,0.02059503,0.04328416
2023/6/7 13:30,2235,40.8007,23.8954,0.01982062,0.02415847
2023/6/7 13:35,2236,40.7923,23.8788,0.03443387,0.05831796
2023/6/7 13:40,2237,40.7436,23.9335,0.1116581,0.137845
2023/6/7 13:45,2238,40.338,24.4177,0.1060193,0.1637412
2023/6/7 13:50,2239,40.4938,24.2018,0.03039345,0.03662148
2023/6/7 13:55,2240,40.679,23.9367,0.04849334,0.08277198
2023/6/7 14:00,2241,40.8083,23.6849,0.02628001,0.05779499
2023/6/7 14:05,2242,40.8406,23.6332,0.02105324,0.02575582
2023/6/7 14:10,2243,40.8359,23.6281,0.02340687,0.03576158
2023/6/7 14:15,2244,40.5891,23.9341,0.2003547,0.260701
2023/6/7 14:20,2245,40.4755,24.0611,0.09118531,0.1266259
2023/6/7 14:25,2246,40.4953,23.9727,0.03571809,0.03179904
2023/6/7 14:30,2247,40.5153,23.894,0.01975862,0.04172529
2023/6/7 14:35,2248,40.5106,23.8966,0.01200972,0.02133678
2023/6/7 14:40,2249,40.5006,23.9022,0.01513396,0.03305715
2023/6/7 14:45,2250,40.3016,24.1277,0.0935473,0.132896
2023/6/7 14:50,2251,40.4738,23.926,0.1107552,0.1687762
2023/6/7 14:55,2252,40.5517,23.7374,0.03721002,0.0761225
2023/6/7 15:00,2253,40.6137,23.5897,0.01853126,0.02635909
2023/6/7 15:05,2254,40.6408,23.5522,0.02609129,0.02745823
2023/6/7 15:10,2255,40.6517,23.5308,0.01079902,0.01980308
2023/6/7 15:15,2256,40.6377,23.5851,0.06614505,0.0910918
2023/6/7 15:20,2257,40.3395,23.9887,0.06258141,0.1207656
2023/6/7 15:25,2258,40.395,23.9312,0.02925116,0.03161264
2023/6/7 15:30,2259,40.3907,23.9373,0.02607745,0.03235454
2023/6/7 15:35,2260,40.39919,23.9958,0.0216326,0.06464785
2023/6/7 15:40,2261,40.43311,24.1045,0.02182095,0.04421138
2023/6/7 15:45,2262,40.4473,24.0387,0.01060264,0.02299193
2023/6/7 15:50,2263,40.44561,23.9991,0.01767695,0.009974314
2023/6/7 15:55,2264,40.2615,24.1975,0.07485043,0.1111962
2023/6/7 16:00,2265,40.40971,24.011,0.04212184,0.06578144
2023/6/7 16:05,2266,40.4701,23.9152,0.03380941,0.04258123
2023/6/7 16:10,2267,40.52079,23.8574,0.02669745,0.02369058
2023/6/7 16:15,2268,40.4883,23.7986,0.01259398,0.0310973
2023/6/7 16:20,2269,40.5648,23.6875,0.01722631,0.03346103
2023/6/7 16:25,2270,40.481,23.7393,0.1134902,0.1055044
2023/6/7 16:30,2271,40.1621,24.0811,0.0876918,0.1315953
2023/6/7 16:35,2272,40.3514,23.843,0.04484294,0.05039617
2023/6/7 16:40,2273,40.4697,23.6907,0.01773151,0.03529856
2023/6/7 16:45,2274,40.5263,23.633,0.0192405,0.04385664
2023/6/7 16:50,2275,40.5771,23.5354,0.02013661,0.01154294
2023/6/7 16:55,2276,40.5866,23.5256,0.02352516,0.02759066
2023/6/7 17:00,2277,40.508,23.6309,0.1004233,0.1228874
2023/6/7 17:05,2278,40.0953,24.0848,0.1013315,0.1435952
2023/6/7 17:10,2279,40.1273,24.0188,0.02208641,0.03656702
2023/6/7 17:15,2280,40.1459,23.9593,0.02499839,0.02972209
2023/6/7 17:20,2281,40.1176,23.9362,0.01550673,0.02834008
2023/6/7 17:25,2282,40.1066,23.9362,0.01915885,0.03214605
2023/6/7 17:30,2283,40.1861,23.8742,0.132209,0.1997283
2023/6/7 17:35,2284,40.4363,23.4802,0.05827583,0.0417106
2023/6/7 17:40,2285,39.9351,23.9774,0.2253231,0.2212005
2023/6/7 17:45,2286,39.051,24.9318,0.2951021,0.3389202
2023/6/7 17:50,2287,38.0173,26.1408,0.2932493,0.3895201
2023/6/7 17:55,2288,37.0097,27.4543,0.2858803,0.3691252
2023/6/7 18:00,2289,36.0531,28.7552,0.2601472,0.3598249
2023/6/7 18:05,2290,35.1763,29.9898,0.244423,0.3529134
2023/6/7 18:10,2291,34.3774,31.2236,0.2156924,0.3363555
2023/6/7 18:15,2292,33.6507,32.3933,0.1996787,0.3321163
2023/6/7 18:20,2293,32.9924,33.5207,0.1783528,0.3100284
2023/6/7 18:25,2294,32.3865,34.5733,0.1679007,0.2731711
2023/6/7 18:30,2295,31.859,35.521,0.1429697,0.2676623
2023/6/7 18:35,2296,31.3709,36.4349,0.1356612,0.2585269
2023/6/7 18:40,2297,30.9177,37.3089,0.1266886,0.2322866
2023/6/7 18:45,2298,30.5126,38.1137,0.1168438,0.2211813
2023/6/7 18:50,2299,30.1439,38.8773,0.1061598,0.2079938
2023/6/7 18:55,2300,29.7988,39.6084,0.09189761,0.2114114
2023/6/7 19:00,2301,29.5081,40.3147,0.08304407,0.1952223
2023/6/7 19:05,2302,29.2168,40.9808,0.07833227,0.1762923
2023/6/7 19:10,2303,28.9587,41.592,0.07240178,0.1779595
2023/6/7 19:15,2304,28.708,42.2135,0.06971969,0.1725315
2023/6/7 19:20,2305,28.4954,42.80471,0.06270589,0.1649459
2023/6/7 19:25,2306,28.2781,43.3777,0.06364968,0.1662137
2023/6/7 19:30,2307,28.1024,43.8711,0.04688976,0.1230917
2023/6/7 19:35,2308,27.9302,44.2804,0.05242896,0.1223394
2023/6/7 19:40,2309,27.7673,44.6664,0.05369335,0.1019217
2023/6/7 19:45,2310,27.6165,45.0182,0.03967682,0.1059968
2023/6/7 19:50,2311,27.4841,45.371,0.03548634,0.100536
2023/6/7 19:55,2312,27.3501,45.7518,0.03461089,0.1011423
2023/6/7 20:00,2313,27.2428,46.0836,0.0282409,0.09104094
2023/6/7 20:05,2314,27.1333,46.4267,0.04007529,0.1025227
2023/6/7 20:10,2315,27.0181,46.7318,0.0411158,0.08376539
2023/6/7 20:15,2316,26.9271,47.022,0.02361527,0.06104094
2023/6/7 20:20,2317,26.8414,47.2836,0.0296653,0.07164806
2023/6/7 20:25,2318,26.7472,47.5372,0.03222077,0.08244976
2023/6/7 20:30,2319,26.6754,47.7974,0.03039161,0.07436172
2023/6/7 20:35,2320,26.5992,48.0586,0.02025249,0.1060516
2023/6/7 20:40,2321,26.5353,48.389,0.02111928,0.09419858
2023/6/7 20:45,2322,26.4684,48.5224,0.01508748,0.03057916
2023/6/7 20:50,2323,26.4187,48.6814,0.0252943,0.06937291
2023/6/7 20:55,2324,26.3598,48.8405,0.01881372,0.05725006
2023/6/7 21:00,2325,26.3087,48.9986,0.02337967,0.03939351
2023/6/7 21:05,2326,26.2722,49.1284,0.01708696,0.04552983
2023/6/7 21:10,2327,26.2261,49.27619,0.01568065,0.035821
2023/6/7 21:15,2328,26.1934,49.3791,0.01957611,0.04351451
2023/6/7 21:20,2329,26.1465,49.4733,0.01652445,0.0273355
2023/6/7 21:25,2330,26.1104,49.5787,0.0146094,0.04712949
2023/6/7 21:30,2331,26.0747,49.698,0.0152911,0.04156659
2023/6/7 21:35,2332,26.0382,49.8109,0.01666013,0.02645516
2023/6/7 21:40,2333,26.0119,49.9405,0.01298862,0.04290498
2023/6/7 21:45,2334,25.982,50.0787,0.01866,0.03420848
2023/6/7 21:50,2335,25.9531,50.1369,0.01362691,0.01001377
2023/6/7 21:55,2336,25.92,50.2011,0.01071429,0.03974531
2023/6/7 22:00,2337,25.9074,50.3431,0.01151657,0.03898265
2023/6/7 22:05,2338,25.8874,50.421,0.01265884,0.03578232
2023/6/7 22:10,2339,25.8514,50.4891,0.01442333,0.01338968
2023/6/7 22:15,2340,25.8355,50.568,0.01158692,0.04169941
2023/6/7 22:20,2341,25.8054,50.6679,0.01265056,0.02735915
2023/6/7 22:25,2342,25.7865,50.74421,0.01664473,0.03421857
2023/6/7 22:30,2343,25.764,50.7953,0.01044053,0.02192714
2023/6/7 22:35,2344,25.751,50.8554,0.02008034,0.03057848
2023/6/7 22:40,2345,25.7256,50.8944,0.01082757,0.02476346
2023/6/7 22:45,2346,25.7133,50.9919,0.01124276,0.04702453
2023/6/7 22:50,2347,25.7016,51.063,0.01151683,0.01848828
2023/6/7 22:55,2348,25.6818,51.0732,0.01450426,0.02179365
2023/6/7 23:00,2349,25.668,51.0962,0.009380965,0.02206756
2023/6/7 23:05,2350,25.6431,51.0649,0.01094908,0.0303462
2023/6/7 23:10,2351,25.6311,51.0935,0.008323987,0.03126062
2023/6/7 23:15,2352,25.623,51.1404,0.01261733,0.01463
2023/6/7 23:20,2353,25.6044,51.21021,0.01550628,0.02282893
2023/6/7 23:25,2354,25.5877,51.2872,0.01562702,0.03614964
2023/6/7 23:30,2355,25.578,51.3355,0.01419133,0.01832001
2023/6/7 23:35,2356,25.5635,51.3523,0.01344076,0.01483966
2023/6/7 23:40,2357,25.539,51.3805,0.009848328,0.0309166
2023/6/7 23:45,2358,25.5258,51.3955,0.009775167,0.02223173
2023/6/7 23:50,2359,25.5187,51.3996,0.01322946,0.01495473
2023/6/7 23:55,2360,25.5075,51.4321,0.01353743,0.01509587
2023/6/14 0:00,4089,41.0106,21.571,0.1707238,0.1754023
2023/6/14 0:05,4090,41.511,21.0395,0.07092758,0.08065525
2023/6/14 0:10,4091,41.3442,21.1706,0.1467499,0.1465126
2023/6/14 0:15,4092,40.8586,21.6387,0.08855911,0.09536679
2023/6/14 0:20,4093,41.1196,21.3929,0.194967,0.2047701
2023/6/14 0:25,4094,41.5449,20.9245,0.03626831,0.04451798
2023/6/14 0:30,4095,41.2583,21.1937,0.1582537,0.1514369
2023/6/14 0:35,4096,40.8333,21.6184,0.04874249,0.04612204
2023/6/14 0:40,4097,41.2204,21.2224,0.1930623,0.2005216
2023/6/14 0:45,4098,41.5635,20.8524,0.04085689,0.03339524
2023/6/14 0:50,4099,41.1729,21.2117,0.1587744,0.1665121
2023/6/14 0:55,4100,40.8366,21.5611,0.04688938,0.05837892
2023/6/14 1:00,4101,41.3099,21.0817,0.1830805,0.1803721
2023/6/14 1:05,4102,41.5305,20.8272,0.06207896,0.05804979
2023/6/14 1:10,4103,41.0763,21.273,0.1635026,0.1660242
2023/6/14 1:15,4104,40.8813,21.4564,0.0999525,0.107942
2023/6/14 1:20,4105,41.4054,20.9329,0.1436014,0.1569329
2023/6/14 1:25,4106,41.4675,20.8318,0.1010613,0.08489864
2023/6/14 1:30,4107,40.9786,21.315,0.1404539,0.1541246
2023/6/14 1:35,4108,40.9465,21.3682,0.1360753,0.1456978
2023/6/14 1:40,4109,41.4771,20.8311,0.1026197,0.1021513
2023/6/14 1:45,4110,41.40701,20.8511,0.1326042,0.1261163
2023/6/14 1:50,4111,40.9084,21.3459,0.1044923,0.1028917
2023/6/14 1:55,4112,41.0639,21.1946,0.1771789,0.1671221
2023/6/14 2:00,4113,41.5115,20.7179,0.04804025,0.06001683
2023/6/14 2:05,4114,41.2663,20.9408,0.1607626,0.1521411
2023/6/14 2:10,4115,40.8462,21.354,0.0517275,0.05286004
2023/6/14 2:15,4116,41.2107,20.9893,0.1886839,0.1834089
2023/6/14 2:20,4117,41.5476,20.6296,0.0319362,0.05315341
2023/6/14 2:25,4118,41.1614,20.955,0.1684705,0.1730332
2023/6/14 2:30,4119,40.849,21.2683,0.05517773,0.06242456
2023/6/14 2:35,4120,41.3385,20.7835,0.174432,0.1700949
2023/6/14 2:40,4121,41.51521,20.5762,0.07414518,0.08368242
2023/6/14 2:45,4122,41.0473,21.0037,0.161911,0.1522419
2023/6/14 2:50,4123,40.8981,21.1671,0.1121719,0.114875
2023/6/14 2:55,4124,41.4418,20.6313,0.1294266,0.1318069
2023/6/14 3:00,4125,41.44201,20.6098,0.1106022,0.1142996
2023/6/14 3:05,4126,40.9475,21.0993,0.1305083,0.138175
2023/6/14 3:10,4127,40.989,21.0615,0.1589108,0.1641981
2023/6/14 3:15,4128,41.4984,20.5281,0.07724842,0.09012266
2023/6/14 3:20,4129,41.3614,20.6752,0.145873,0.1470602
2023/6/14 3:25,4130,40.866,21.1508,0.0904839,0.09916312
2023/6/14 3:30,4131,41.1289,20.9047,0.1982223,0.1825744
2023/6/14 3:35,4132,41.5579,20.4754,0.04259997,0.03125412
2023/6/14 3:40,4133,41.2335,20.7716,0.1629591,0.172413
2023/6/14 3:45,4134,40.8458,21.1586,0.04161666,0.05156596
2023/6/14 3:50,4135,41.2691,20.7439,0.1916735,0.1818115
2023/6/14 3:55,4136,41.548,20.4637,0.04768266,0.05027717
2023/6/14 4:00,4137,41.1173,20.8747,0.1691527,0.1675609
2023/6/14 4:05,4138,40.8657,21.1177,0.08360926,0.08917469
2023/6/14 4:10,4139,41.4179,20.5745,0.1670259,0.1709572
2023/6/14 4:15,4140,41.5295,20.3715,0.09073021,0.04281659
2023/6/14 4:20,4141,41.0199,20.5624,0.1652967,0.1504711
2023/6/14 4:25,4142,40.9085,20.6311,0.1232656,0.1825613
2023/6/14 4:30,4143,41.4882,19.8988,0.131091,0.1594057
2023/6/14 4:35,4144,41.4661,19.8428,0.1271888,0.1157482
2023/6/14 4:40,4145,40.9402,20.5268,0.1257184,0.2008176
2023/6/14 4:45,4146,41.0485,20.6859,0.1761502,0.1210029
2023/6/14 4:50,4147,41.5674,20.298,0.06798651,0.05373419
2023/6/14 4:55,4148,41.3288,20.5325,0.1617746,0.1598227
2023/6/14 5:00,4149,40.8659,20.9869,0.07224116,0.07220297
2023/6/14 5:05,4150,41.1886,20.673,0.1979755,0.1852264
2023/6/14 5:10,4151,41.5674,20.3056,0.03516657,0.05219245
2023/6/14 5:15,4152,41.1868,20.6518,0.1772433,0.1584016
2023/6/14 5:20,4153,40.8448,20.9777,0.06077785,0.05916765
2023/6/14 5:25,4154,41.3668,20.4985,0.1818589,0.1921868
2023/6/14 5:30,4155,41.5433,20.3126,0.07684104,0.07680736
2023/6/14 5:35,4156,41.0567,20.6061,0.1626484,0.05406764
2023/6/14 5:40,4157,40.8893,20.4633,0.1143195,0.1611621
2023/6/14 5:45,4158,41.4776,19.8019,0.1436716,0.1504147
2023/6/14 5:50,4159,41.4784,19.8254,0.1217653,0.1441457
2023/6/14 5:55,4160,40.9488,20.5084,0.1242045,0.1711762
2023/6/14 6:00,4161,41.0295,20.6386,0.1771112,0.1477224
2023/6/14 6:05,4162,41.5716,20.2251,0.06662551,0.04177444
2023/6/14 6:10,4163,41.3532,20.4532,0.1603433,0.1648411
2023/6/14 6:15,4164,40.8671,20.9643,0.07699241,0.08860143
2023/6/14 6:20,4165,41.1828,20.7018,0.2046206,0.1994758
2023/6/14 6:25,4166,41.5929,20.2769,0.04385607,0.03304953
2023/6/14 6:30,4167,41.2199,20.6407,0.1853204,0.1708906
2023/6/14 6:35,4168,40.849,21.0359,0.05971492,0.05518074
2023/6/14 6:40,4169,41.3399,20.5931,0.1923657,0.1965461
2023/6/14 6:45,4170,41.5551,20.3643,0.06878539,0.06760202
2023/6/14 6:50,4171,41.0792,20.8264,0.1744287,0.171069
2023/6/14 6:55,4172,40.8942,21.0121,0.1176937,0.1126964
2023/6/14 7:00,4173,41.4833,20.4421,0.150125,0.1494593
2023/6/14 7:05,4174,41.5042,20.403,0.1209787,0.1176853
2023/6/14 7:10,4175,40.9775,20.9278,0.1437996,0.1318444
2023/6/14 7:15,4176,40.9886,20.9122,0.1540659,0.1526051
2023/6/14 7:20,4177,41.5505,20.3718,0.09727283,0.09994873
2023/6/14 7:25,4178,41.4181,20.4809,0.1415961,0.1428276
2023/6/14 7:30,4179,40.9025,20.9867,0.1056602,0.1185009
2023/6/14 7:35,4180,41.1063,20.8097,0.1993734,0.2031128
2023/6/14 7:40,4181,41.5762,20.2789,0.04212841,0.04990452
2023/6/14 7:45,4182,41.2602,20.5229,0.168097,0.1604053
2023/6/14 7:50,4183,40.8422,20.9405,0.05311621,0.05082757
2023/6/14 7:55,4184,41.2919,20.5095,0.2025831,0.1823628
2023/6/14 8:00,4185,41.587,20.2245,0.05277793,0.06475701
2023/6/14 8:05,4186,41.1458,20.6669,0.1772895,0.170095
2023/6/14 8:10,4187,40.8699,20.9829,0.07604342,0.07472021
2023/6/14 8:15,4188,41.4205,20.475,0.1675301,0.1485463
2023/6/14 8:20,4189,41.5408,20.365,0.0963387,0.08667403
2023/6/14 8:25,4190,41.0239,20.8616,0.1514256,0.1725556
2023/6/14 8:30,4191,40.9436,20.9889,0.1396462,0.1361038
2023/6/14 8:35,4192,41.5082,20.4379,0.1179801,0.1041084
2023/6/14 8:40,4193,41.4266,20.5412,0.1345613,0.1662672
2023/6/14 8:45,4194,40.9201,21.1184,0.1070024,0.1307806
2023/6/14 8:50,4195,41.0651,21.052,0.1939169,0.1718401
2023/6/14 8:55,4196,41.5772,20.5952,0.06471364,0.06016756
2023/6/14 9:00,4197,41.3483,20.8938,0.16202,0.1969723
2023/6/14 9:05,4198,40.8671,21.4952,0.06442076,0.09420774
2023/6/14 9:10,4199,41.2049,21.2566,0.2115963,0.1876988
2023/6/14 9:15,4200,41.6317,20.9236,0.03711537,0.07436307
2023/6/14 9:20,4201,41.2478,21.4507,0.1861356,0.2247091
2023/6/14 9:25,4202,40.8601,21.9703,0.04870178,0.06452884
2023/6/14 9:30,4203,41.3411,21.6433,0.1856129,0.1719039
2023/6/14 9:35,4204,41.57771,21.542,0.06896862,0.09854218
2023/6/14 9:40,4205,41.1008,22.1448,0.1686808,0.213713
2023/6/14 9:45,4206,40.8924,22.4607,0.08974928,0.08188038
2023/6/14 9:50,4207,41.4575,21.9642,0.1569281,0.1485056
2023/6/14 9:55,4208,41.538,21.9738,0.09767891,0.1332388
2023/6/14 10:00,4209,41.0131,22.6327,0.1635577,0.1946718
2023/6/14 10:05,4210,40.9577,22.7638,0.1565051,0.1374626
2023/6/14 10:10,4211,41.5379,22.2374,0.1079303,0.1024316
2023/6/14 10:15,4212,41.4478,22.3757,0.1435893,0.1630015
2023/6/14 10:20,4213,40.9192,23.0653,0.1056996,0.1496016
2023/6/14 10:25,4214,41.08241,22.9148,0.2004064,0.1985283
2023/6/14 10:30,4215,41.5919,22.3769,0.05180314,0.05447489
2023/6/14 10:35,4216,41.3373,22.685,0.1675253,0.1746166
2023/6/14 10:40,4217,40.8619,23.3037,0.06472109,0.09486219
2023/6/14 10:45,4218,41.2065,23.034,0.2008131,0.1822291
2023/6/14 10:50,4219,41.6161,22.9264,0.03629368,0.03699254
2023/6/14 10:55,4220,41.2407,23.2619,0.1861462,0.2285079
2023/6/14 11:00,4221,40.8504,23.7513,0.0524066,0.04798379
2023/6/14 11:05,4222,41.3132,23.2681,0.1957234,0.2132944
2023/6/14 11:10,4223,41.5915,23.0139,0.05524632,0.06876551
2023/6/14 11:15,4224,41.1377,23.544,0.1764413,0.2217091
2023/6/14 11:20,4225,40.8755,23.9058,0.09626173,0.1368869
2023/6/14 11:25,4226,41.4422,23.3486,0.1676786,0.1709949
2023/6/14 11:30,4227,41.5714,23.234,0.09505993,0.08679326
2023/6/14 11:35,4228,41.0525,23.8035,0.1765431,0.2531325
2023/6/14 11:40,4229,40.9195,23.9817,0.1229557,0.1452479
2023/6/14 11:45,4230,41.4974,23.3319,0.1278246,0.1708158
2023/6/14 11:50,4231,41.4859,23.5364,0.1324318,0.2524955
2023/6/14 11:55,4232,40.9066,24.3378,0.1436579,0.1363749
2023/6/14 12:00,4233,40.9579,24.1694,0.1810481,0.2341339
2023/6/14 12:05,4234,41.5209,23.4227,0.08364213,0.1035309
2023/6/14 12:10,4235,41.3644,23.5648,0.1568177,0.1690804
2023/6/14 12:15,4236,40.8375,24.2234,0.103416,0.128306
2023/6/14 12:20,4237,41.0807,23.7561,0.2007351,0.3240603
2023/6/14 12:25,4238,41.5632,22.9852,0.04447991,0.06267799
2023/6/14 12:30,4239,41.2674,23.2686,0.1714382,0.1988353
2023/6/14 12:35,4240,40.8141,23.8712,0.05939437,0.1135788
2023/6/14 12:40,4241,40.9133,23.8613,0.3840781,0.5148114
2023/6/14 12:45,4242,40.7167,24.1126,0.190007,0.2649281
2023/6/14 12:50,4243,40.7759,23.9499,0.09724177,0.1540719
2023/6/14 12:55,4244,40.4217,24.419,0.06964586,0.05089811
2023/6/14 13:00,4245,40.33469,24.5078,0.01548531,0.0224403
2023/6/14 13:05,4246,40.3581,24.3869,0.009417701,0.04336212
2023/6/14 13:10,4247,40.3288,24.5312,0.01298282,0.05472431
2023/6/14 13:15,4248,40.3881,24.573,0.01963872,0.05362614
2023/6/14 13:20,4249,40.3695,24.7397,0.02010551,0.0324777
2023/6/14 13:25,4250,40.189,25.156,0.1167857,0.152216
2023/6/14 13:30,4251,40.1557,25.0985,0.08441485,0.05998189
2023/6/14 13:35,4252,40.3482,24.9511,0.02086969,0.04011596
2023/6/14 13:40,4253,40.45551,24.8509,0.0683885,0.06151332
2023/6/14 13:45,4254,40.6306,24.657,0.03367544,0.054659
2023/6/14 13:50,4255,40.41711,24.9712,0.2714521,0.3325038
2023/6/14 13:55,4256,40.436,24.9144,0.2041741,0.2471766
2023/6/14 14:00,4257,40.8955,24.2808,0.05950031,0.08685248
2023/6/14 14:05,4258,40.8615,24.2862,0.04870956,0.04689718
2023/6/14 14:10,4259,40.7789,24.3743,0.009659965,0.01765819
2023/6/14 14:15,4260,40.793,24.4006,0.01257052,0.02956108
2023/6/14 14:20,4261,40.7798,24.4732,0.01556936,0.04192072
2023/6/14 14:25,4262,40.8234,24.3965,0.01931412,0.04677475
2023/6/14 14:30,4263,40.8556,24.3447,0.01611339,0.04314601
2023/6/14 14:35,4264,40.8055,24.4538,0.02721187,0.03769826
2023/6/14 14:40,4265,40.7957,24.5009,0.02910759,0.0328008
2023/6/14 14:45,4266,40.789,24.4972,0.07198506,0.1334991
2023/6/14 14:50,4267,40.2137,25.2077,0.24313,0.2997106
2023/6/14 14:55,4268,40.6913,24.6311,0.1527015,0.1700744
2023/6/14 15:00,4269,40.9025,24.3336,0.03050297,0.03364846
2023/6/14 15:05,4270,40.797,24.4991,0.03658971,0.02356862
2023/6/14 15:10,4271,40.8306,24.4455,0.04324881,0.05999718
2023/6/14 15:15,4272,40.9609,24.2788,0.02076745,0.04491054
2023/6/14 15:20,4273,40.8979,24.3624,0.07307889,0.07722993
2023/6/14 15:25,4274,40.5163,24.7063,0.2063955,0.25208
2023/6/14 15:30,4275,40.454,24.8027,0.1787929,0.1764331
2023/6/14 15:35,4276,40.9652,24.1748,0.06545334,0.1408196
2023/6/14 15:40,4277,40.8926,24.2357,0.08601473,0.1090128
2023/6/14 15:45,4278,40.68211,24.4929,0.03216668,0.02973047
2023/6/14 15:50,4279,40.67179,24.4791,0.02830096,0.0352999
2023/6/14 15:55,4280,40.6493,24.4938,0.07083734,0.0903388
2023/6/14 16:00,4281,40.2541,24.9576,0.1388036,0.1676807
2023/6/14 16:05,4282,40.6359,24.5185,0.1375392,0.1515929
2023/6/14 16:10,4283,40.8588,24.246,0.02264416,0.03250281
2023/6/14 16:15,4284,40.8249,24.3433,0.01894421,0.0616766
2023/6/14 16:20,4285,40.8953,24.5125,0.03095145,0.06002059
2023/6/14 16:25,4286,40.934,24.8117,0.01575409,0.160307
2023/6/14 16:30,4287,40.8785,25.3967,0.01551259,0.1504004
2023/6/14 16:35,4288,40.6694,25.8025,0.1536771,0.1383301
2023/6/14 16:40,4289,40.5676,25.6191,0.1224144,0.2343297
2023/6/14 16:45,4290,40.8251,24.8358,0.02898821,0.1629152
2023/6/14 16:50,4291,40.7627,24.5472,0.03021975,0.03698055
2023/6/14 16:55,4292,40.7743,24.4233,0.01616316,0.0643737
2023/6/14 17:00,4293,40.8321,24.3644,0.01598379,0.02107724
2023/6/14 17:05,4294,40.8381,24.3785,0.01182734,0.02868907
2023/6/14 17:10,4295,40.8271,24.4483,0.03006201,0.08066962
2023/6/14 17:15,4296,40.5417,24.7424,0.1228638,0.1451241
2023/6/14 17:20,4297,40.7232,24.471,0.1037437,0.1472261
2023/6/14 17:25,4298,40.9406,24.119,0.01753955,0.04134511
2023/6/14 17:30,4299,40.8616,24.1611,0.03146792,0.03677879
2023/6/14 17:35,4300,40.8178,24.1759,0.01799324,0.04196252
2023/6/14 17:40,4301,40.871,24.0687,0.0232121,0.06684323
2023/6/14 17:45,4302,40.9091,24.0048,0.006040786,0.02852291
2023/6/14 17:50,4303,40.919,24.0126,0.009380558,0.02294865
2023/6/14 17:55,4304,40.9519,23.9587,0.01724807,0.01438789
2023/6/14 18:00,4305,40.8925,24.0942,0.08158638,0.1656918
2023/6/14 18:05,4306,40.46899,24.5839,0.1562094,0.1830176
2023/6/14 18:10,4307,40.7633,24.165,0.1194497,0.1745254
2023/6/14 18:15,4308,40.8934,23.9415,0.03363957,0.05150204
2023/6/14 18:20,4309,40.8137,24.1429,0.01718758,0.03589826
2023/6/14 18:25,4310,40.9316,24.0259,0.04651666,0.05047462
2023/6/14 18:30,4311,40.9826,23.9169,0.01550582,0.03425635
2023/6/14 18:35,4312,40.8959,23.944,0.06748268,0.1130787
2023/6/14 18:40,4313,40.5848,24.2325,0.132644,0.1372598
2023/6/14 18:45,4314,40.7248,23.9997,0.1046268,0.1202106
2023/6/14 18:50,4315,40.9488,23.7064,0.02680603,0.03429632
2023/6/14 18:55,4316,40.8128,23.8465,0.06997482,0.08224233
2023/6/14 19:00,4317,40.7779,23.9356,0.0577421,0.06326449
2023/6/14 19:05,4318,40.9571,23.7026,0.03350925,0.05475982
2023/6/14 19:10,4319,40.9105,23.719,0.02806829,0.0327897
2023/6/14 19:15,4320,40.8667,23.7742,0.01046008,0.03149908
2023/6/14 19:20,4321,40.8642,23.7834,0.01616664,0.01292511
2023/6/14 19:25,4322,40.788,23.8426,0.03769191,0.01985012
2023/6/14 19:30,4323,40.6485,24.0042,0.1931736,0.2639179
2023/6/14 19:35,4324,41.2014,23.2707,0.09219927,0.1239121
2023/6/14 19:40,4325,41.026,23.3636,0.1351397,0.1246927
2023/6/14 19:45,4326,40.3564,24.1057,0.239675,0.2575243
2023/6/14 19:50,4327,39.4959,25.0488,0.2571474,0.2749506
2023/6/14 19:55,4328,38.6217,25.962,0.2403071,0.2717262
2023/6/14 20:00,4329,37.8238,26.9061,0.2232583,0.2767344
2023/6/14 20:05,4330,37.0599,27.8636,0.2123679,0.2821802
2023/6/14 20:10,4331,36.3196,28.8501,0.2093744,0.2735503
2023/6/14 20:15,4332,35.6223,29.8321,0.1927192,0.2731411
2023/6/14 20:20,4333,34.9687,30.7921,0.1777446,0.259946
2023/6/14 20:25,4334,34.3689,31.7123,0.159978,0.2522165
2023/6/14 20:30,4335,33.8232,32.5544,0.1607912,0.2319598
2023/6/14 20:35,4336,33.309,33.3496,0.1458996,0.2226103
2023/6/14 20:40,4337,32.8326,34.1031,0.1271007,0.2003276
2023/6/14 20:45,4338,32.4173,34.7911,0.1184971,0.1841912
2023/6/14 20:50,4339,32.0294,35.4186,0.1074721,0.1810341
2023/6/14 20:55,4340,31.6449,36.0099,0.1037559,0.1619171
2023/6/14 21:00,4341,31.3133,36.6039,0.1002349,0.1662539
2023/6/14 21:05,4342,30.9971,37.1467,0.08984809,0.1605673
2023/6/14 21:10,4343,30.706,37.6646,0.07620652,0.1426193
2023/6/14 21:15,4344,30.4359,38.1215,0.07561014,0.124443
2023/6/14 21:20,4345,30.1759,38.5515,0.06429072,0.1103399
2023/6/14 21:25,4346,29.9514,38.9728,0.06603204,0.1135639
2023/6/14 21:30,4347,29.7354,39.342,0.06180165,0.1181193
2023/6/14 21:35,4348,29.5264,39.7096,0.06101991,0.1194148
2023/6/14 21:40,4349,29.3326,40.0642,0.05383552,0.1074158
2023/6/14 21:45,4350,29.1563,40.3943,0.05218031,0.104208
2023/6/14 21:50,4351,28.9799,40.7144,0.04736771,0.08889713
2023/6/14 21:55,4352,28.8175,41.0242,0.04693433,0.09402919
2023/6/14 22:00,4353,28.664,41.3127,0.0442154,0.06650374
2023/6/14 22:05,4354,28.5194,41.555,0.04155536,0.07519262
2023/6/14 22:10,4355,28.3856,41.7929,0.03844792,0.06940911
2023/6/14 22:15,4356,28.2667,42.0265,0.0325423,0.06027204
2023/6/14 22:20,4357,28.1462,42.2566,0.03182409,0.06517582
2023/6/14 22:25,4358,28.0305,42.4703,0.03457491,0.05796043
2023/6/14 22:30,4359,27.9148,42.6995,0.03031782,0.06835826
2023/6/14 22:35,4360,27.8173,42.9215,0.03088661,0.06866881
2023/6/14 22:40,4361,27.7205,43.1317,0.03877906,0.06068506
2023/6/14 22:45,4362,27.6247,43.3269,0.03314252,0.05556468
2023/6/14 22:50,4363,27.5362,43.5193,0.02872547,0.06628789
2023/6/14 22:55,4364,27.4547,43.6782,0.02511563,0.04343679
2023/6/14 23:00,4365,27.374,43.8189,0.02237927,0.05576845
2023/6/14 23:05,4366,27.295,43.96529,0.02765139,0.04666264
2023/6/14 23:10,4367,27.219,44.118,0.01875066,0.04352507
2023/6/14 23:15,4368,27.1459,44.2703,0.0182459,0.04322325
2023/6/14 23:20,4369,27.0808,44.4141,0.02746185,0.047326
2023/6/14 23:25,4370,27.0109,44.5715,0.01938842,0.04461928
2023/6/14 23:30,4371,26.949,44.6856,0.01877744,0.05236788
2023/6/14 23:35,4372,26.881,44.8389,0.02500014,0.04261778
2023/6/14 23:40,4373,26.8343,44.9593,0.02338796,0.03915665
2023/6/14 23:45,4374,26.7784,45.0661,0.01890638,0.03305925
2023/6/14 23:50,4375,26.7179,45.1769,0.01927901,0.03657151
2023/6/14 23:55,4376,26.6681,45.2625,0.0181021,0.03148407
2023/6/21 0:00,6105,41.2653,20.6733,0.1633966,0.1448807
2023/6/21 0:05,6106,40.8826,21.0077,0.04664974,0.05959373
2023/6/21 0:10,6107,41.30621,20.5217,0.1842776,0.2001198
2023/6/21 0:15,6108,41.4929,20.2815,0.08131405,0.06782971
2023/6/21 0:20,6109,41.026,20.6599,0.1397603,0.1068743
2023/6/21 0:25,6110,41.0103,20.6326,0.1441763,0.146565
2023/6/21 0:30,6111,41.5135,20.094,0.08562346,0.09888694
2023/6/21 0:35,6112,41.3188,20.2371,0.154189,0.1337089
2023/6/21 0:40,6113,40.8969,20.5989,0.04670402,0.05502108
2023/6/21 0:45,6114,41.2833,20.2041,0.1906063,0.1931827
2023/6/21 0:50,6115,41.5237,19.8981,0.06523106,0.06448746
2023/6/21 0:55,6116,41.0664,20.3092,0.1579611,0.1220116
2023/6/21 1:00,6117,40.9974,20.3475,0.1413998,0.1493434
2023/6/21 1:05,6118,41.5095,19.8357,0.08702517,0.09554047
2023/6/21 1:10,6119,41.3486,19.941,0.1476182,0.1299409
2023/6/21 1:15,6120,40.9121,20.336,0.05434548,0.05328707
2023/6/21 1:20,6121,41.2577,19.977,0.1798607,0.1698028
2023/6/21 1:25,6122,41.51701,19.7179,0.07142788,0.04780867
2023/6/21 1:30,6123,41.0709,20.0923,0.1553333,0.1312152
2023/6/21 1:35,6124,40.9948,20.1535,0.1433341,0.1291512
2023/6/21 1:40,6125,41.5321,19.6226,0.09415863,0.1081223
2023/6/21 1:45,6126,41.3684,19.732,0.1551125,0.131019
2023/6/21 1:50,6127,40.9288,20.1176,0.06348456,0.06262157
2023/6/21 1:55,6128,41.2688,19.7791,0.1889842,0.1885798
2023/6/21 2:00,6129,41.5197,19.517,0.07815193,0.06501204
2023/6/21 2:05,6130,41.0725,19.9155,0.1471828,0.1486185
2023/6/21 2:10,6131,41.0113,19.9381,0.1407421,0.1375709
2023/6/21 2:15,6132,41.5032,19.4452,0.07705228,0.07710072
2023/6/21 2:20,6133,41.32389,19.5981,0.1653007,0.1466985
2023/6/21 2:25,6134,40.9011,19.9705,0.0539409,0.05902231
2023/6/21 2:30,6135,41.3154,19.5517,0.1966022,0.1903903
2023/6/21 2:35,6136,41.5536,19.2984,0.07503818,0.05917125
2023/6/21 2:40,6137,41.075,19.6775,0.1541253,0.1560771
2023/6/21 2:45,6138,40.9959,19.7459,0.1386896,0.1429533
2023/6/21 2:50,6139,41.5277,19.2366,0.08646014,0.08088064
2023/6/21 2:55,6140,41.3626,19.3558,0.1556936,0.1255429
2023/6/21 3:00,6141,40.9275,19.7138,0.04735638,0.0467732
2023/6/21 3:05,6142,41.2888,19.3492,0.1929992,0.1784922
2023/6/21 3:10,6143,41.5381,19.107,0.0810383,0.08167734
2023/6/21 3:15,6144,41.0636,19.4827,0.1466025,0.1224941
2023/6/21 3:20,6145,41.02821,19.5225,0.1430848,0.1312224
2023/6/21 3:25,6146,41.5225,19.0506,0.08550877,0.07557007
2023/6/21 3:30,6147,41.3133,19.2021,0.15455,0.1360916
2023/6/21 3:35,6148,40.9091,19.5445,0.05120203,0.05309268
2023/6/21 3:40,6149,41.3315,19.1536,0.1863057,0.1450533
2023/6/21 3:45,6150,41.5255,18.9363,0.09039988,0.07740986
2023/6/21 3:50,6151,41.052,19.3346,0.144121,0.1226956
2023/6/21 3:55,6152,41.035,19.3473,0.1678417,0.1469462
2023/6/21 4:00,6153,41.5533,18.8716,0.07391662,0.06114908
2023/6/21 4:05,6154,41.3078,19.0596,0.1627601,0.1359819
2023/6/21 4:10,6155,40.9009,19.4076,0.05385746,0.05233807
2023/6/21 4:15,6156,41.3473,19.0009,0.1731303,0.1738361
2023/6/21 4:20,6157,41.51,18.7589,0.08523673,0.04562753
2023/6/21 4:25,6158,41.0027,18.9377,0.1527628,0.04923019
2023/6/21 4:30,6159,41.0354,18.5823,0.1774807,0.2309684
2023/6/21 4:35,6160,41.5453,17.8913,0.06389736,0.1096757
2023/6/21 4:40,6161,41.2679,18.2382,0.1751365,0.2311136
2023/6/21 4:45,6162,40.8766,18.8113,0.04771812,0.07902656
2023/6/21 4:50,6163,41.3596,18.5558,0.1766576,0.135771
2023/6/21 4:55,6164,41.5076,18.4911,0.1120392,0.1049841
2023/6/21 5:00,6165,40.9916,18.9595,0.1437786,0.1417937
2023/6/21 5:05,6166,41.0329,18.966,0.1890719,0.1659242
2023/6/21 5:10,6167,41.5294,18.5105,0.05216466,0.05286796
2023/6/21 5:15,6168,41.2352,18.7428,0.1841313,0.1705352
2023/6/21 5:20,6169,40.8758,19.064,0.06266502,0.04468769
2023/6/21 5:25,6170,41.3768,18.6157,0.1721692,0.1482163
2023/6/21 5:30,6171,41.4973,18.4656,0.1033856,0.08083218
2023/6/21 5:35,6172,40.9755,18.9445,0.1372831,0.1095694
2023/6/21 5:40,6173,41.0469,18.9192,0.1894588,0.1533932
2023/6/21 5:45,6174,41.5522,18.4572,0.05445227,0.06985059
2023/6/21 5:50,6175,41.2435,18.6944,0.1733113,0.132578
2023/6/21 5:55,6176,40.8712,19.0325,0.05406572,0.05292666
2023/6/21 6:00,6177,41.3502,18.651,0.1808732,0.1740848
2023/6/21 6:05,6178,41.4686,18.5462,0.1114459,0.08575173
2023/6/21 6:10,6179,40.9561,18.9619,0.1341362,0.1067738
2023/6/21 6:15,6180,41.0621,18.875,0.1870233,0.1740366
2023/6/21 6:20,6181,41.5423,18.4466,0.04871635,0.05696498
2023/6/21 6:25,6182,41.2226,18.7207,0.1763936,0.1532699
2023/6/21 6:30,6183,40.8671,19.0579,0.05909834,0.06172739
2023/6/21 6:35,6184,41.3934,18.5931,0.18514,0.1661181
2023/6/21 6:40,6185,41.50161,18.4823,0.1178294,0.09388529
2023/6/21 6:45,6186,40.963,18.9505,0.1330364,0.1283536
2023/6/21 6:50,6187,41.0544,18.9004,0.1796621,0.1673863
2023/6/21 6:55,6188,41.5634,18.4544,0.05265629,0.06247108
2023/6/21 7:00,6189,41.2434,18.717,0.1765975,0.1667017
2023/6/21 7:05,6190,40.8656,19.0666,0.0564639,0.05180581
2023/6/21 7:10,6191,41.3878,18.6389,0.1820213,0.1554077
2023/6/21 7:15,6192,41.4905,18.5519,0.1103305,0.09493093
2023/6/21 7:20,6193,40.9747,18.9977,0.1284422,0.1366441
2023/6/21 7:25,6194,41.0766,18.9505,0.1865514,0.1681035
2023/6/21 7:30,6195,41.5681,18.5303,0.0418132,0.05185565
2023/6/21 7:35,6196,41.2349,18.7723,0.1768239,0.1192652
2023/6/21 7:40,6197,40.8745,19.0167,0.05648164,0.04957438
2023/6/21 7:45,6198,41.3926,18.5065,0.1746787,0.1722519
2023/6/21 7:50,6199,41.4881,18.3746,0.1206781,0.09555882
2023/6/21 7:55,6200,40.9542,18.8032,0.1255281,0.09599487
2023/6/21 8:00,6201,41.0823,18.6447,0.1841956,0.1915341
2023/6/21 8:05,6202,41.5637,18.1924,0.04575469,0.0552907
2023/6/21 8:10,6203,41.2285,18.5354,0.1857882,0.1925766
2023/6/21 8:15,6204,40.8755,18.9996,0.06876014,0.05625138
2023/6/21 8:20,6205,41.425,18.5961,0.1827835,0.1658746
2023/6/21 8:25,6206,41.4959,18.5049,0.1130336,0.1142659
2023/6/21 8:30,6207,40.9602,18.9868,0.1320213,0.1144626
2023/6/21 8:35,6208,41.0822,18.9107,0.1918903,0.1771985
2023/6/21 8:40,6209,41.5833,18.4904,0.05855615,0.04275557
2023/6/21 8:45,6210,41.2451,18.7685,0.1893377,0.1542076
2023/6/21 8:50,6211,40.8516,19.1422,0.05368625,0.04621901
2023/6/21 8:55,6212,41.3752,18.7207,0.2091868,0.1878265
2023/6/21 9:00,6213,41.57401,18.5424,0.1111887,0.08037919
2023/6/21 9:05,6214,41.03,19.0255,0.1674593,0.1779817
2023/6/21 9:10,6215,40.9963,19.1146,0.1612681,0.1430206
2023/6/21 9:15,6216,41.5758,18.6472,0.0924893,0.06067226
2023/6/21 9:20,6217,41.3637,18.8838,0.177876,0.1797441
2023/6/21 9:25,6218,40.8716,19.3737,0.06220104,0.06564953
2023/6/21 9:30,6219,41.2743,19.0969,0.2114186,0.1719525
2023/6/21 9:35,6220,41.5782,18.8724,0.0785763,0.0700355
2023/6/21 9:40,6221,41.0733,19.395,0.1846143,0.2046888
2023/6/21 9:45,6222,40.9348,19.6103,0.1412367,0.1070154
2023/6/21 9:50,6223,41.5504,19.1423,0.1265823,0.1135466
2023/6/21 9:55,6224,41.45,19.2609,0.1583608,0.1466176
2023/6/21 10:00,6225,40.905,19.7753,0.1104967,0.0950713
2023/6/21 10:05,6226,41.1805,19.6043,0.2083953,0.1702341
2023/6/21 10:10,6227,41.6017,19.2832,0.03968934,0.04700609
2023/6/21 10:15,6228,41.1853,19.6869,0.1838026,0.1758604
2023/6/21 10:20,6229,40.8922,20.0168,0.09056631,0.07396897
2023/6/21 10:25,6230,41.4797,19.5082,0.1588685,0.1619402
2023/6/21 10:30,6231,41.5058,19.5052,0.1296258,0.1119651
2023/6/21 10:35,6232,40.9435,20.0827,0.1321123,0.153671
2023/6/21 10:40,6233,41.0693,20.0004,0.1977622,0.1722214
2023/6/21 10:45,6234,41.6062,19.4085,0.05756218,0.109398
2023/6/21 10:50,6235,41.2901,19.6071,0.1873468,0.1997447
2023/6/21 10:55,6236,40.8503,20.1012,0.05546142,0.06263977
2023/6/21 11:00,6237,41.33941,19.7912,0.2096079,0.1431991
2023/6/21 11:05,6238,41.5582,19.7833,0.09262162,0.1432213
2023/6/21 11:10,6239,41.024,20.4558,0.1662613,0.1816409
2023/6/21 11:15,6240,40.9476,20.5931,0.1432491,0.1168868
2023/6/21 11:20,6241,41.5492,20.0855,0.1161656,0.09343282
2023/6/21 11:25,6242,41.3936,20.311,0.1565247,0.1877292
2023/6/21 11:30,6243,40.8532,20.9277,0.08225274,0.1110387
2023/6/21 11:35,6244,41.1993,20.7359,0.2391323,0.1752894
2023/6/21 11:40,6245,41.6379,20.4475,0.05475686,0.1080412
2023/6/21 11:45,6246,41.1784,21.0386,0.1896515,0.2122186
2023/6/21 11:50,6247,40.8701,21.4924,0.07921214,0.05429015
2023/6/21 11:55,6248,41.4434,21.0193,0.1776439,0.137325
2023/6/21 12:00,6249,41.5048,21.0579,0.1290649,0.1662701
2023/6/21 12:05,6250,40.9521,21.7478,0.140296,0.1810821
2023/6/21 12:10,6251,41.03561,21.8498,0.1930499,0.1458005
2023/6/21 12:15,6252,41.5702,21.5159,0.06345451,0.04704767
2023/6/21 12:20,6253,41.2933,21.8749,0.1834615,0.2015016
2023/6/21 12:25,6254,40.8348,22.523,0.05504026,0.09884163
2023/6/21 12:30,6255,41.305,22.1637,0.2206886,0.1842874
2023/6/21 12:35,6256,41.5893,22.037,0.08271077,0.136742
2023/6/21 12:40,6257,41.0711,22.7239,0.1744203,0.2404521
2023/6/21 12:45,6258,40.8995,23.041,0.1427347,0.1387284
2023/6/21 12:50,6259,41.5216,22.3672,0.1335922,0.1419091
2023/6/21 12:55,6260,41.46041,22.3876,0.1433866,0.114423
2023/6/21 13:00,6261,40.9233,22.9831,0.121499,0.1529162
2023/6/21 13:05,6262,41.0862,22.8676,0.1992166,0.2117387
2023/6/21 13:10,6263,41.5002,22.6337,0.1376294,0.181632
2023/6/21 13:15,6264,41.1254,23.0283,0.3174037,0.3702282
2023/6/21 13:20,6265,40.1602,24.1148,0.138073,0.1426296
2023/6/21 13:25,6266,40.26839,23.8904,0.1086959,0.1531769
2023/6/21 13:30,6267,40.3014,23.9166,0.0597342,0.1011037
2023/6/21 13:35,6268,40.2492,23.9463,0.02033114,0.0397315
2023/6/21 13:40,6269,40.49839,23.6302,0.152,0.2210421
2023/6/21 13:45,6270,41.2752,22.7521,0.1884478,0.1891946
2023/6/21 13:50,6271,42.8717,21.1557,0.6954954,0.7342392
2023/6/21 13:55,6272,44.1856,19.7244,0.08677973,0.07738101
2023/6/21 14:00,6273,43.3044,20.4661,0.3737833,0.3370744
2023/6/21 14:05,6274,42.0908,21.689,0.2762499,0.290715
2023/6/21 14:10,6275,41.9123,21.943,0.09380401,0.07708831
2023/6/21 14:15,6276,42.0756,21.8611,0.0554996,0.06340136
2023/6/21 14:20,6277,39.8109,24.736,1.270955,1.491498
2023/6/21 14:25,6278,45.9624,18.597,1.594767,1.370207
2023/6/21 14:30,6279,48.5409,16.5014,0.1720495,0.1628031
2023/6/21 14:35,6280,48.1996,16.6928,0.2928117,0.2021575
2023/6/21 14:40,6281,46.8789,17.8652,0.4364541,0.4026006
2023/6/21 14:45,6282,45.2384,19.3167,0.4808961,0.4502742
2023/6/21 14:50,6283,43.5948,20.8252,0.4692724,0.4398766
2023/6/21 14:55,6284,41.8984,22.5839,0.4191081,0.4280772
2023/6/21 15:00,6285,41.8913,22.367,0.3152841,0.3858729
2023/6/21 15:05,6286,42.4514,21.6564,0.05091206,0.05855269
2023/6/21 15:10,6287,41.9982,22.1182,0.2083555,0.2194747
2023/6/21 15:15,6288,41.40919,22.7075,0.08787584,0.09052191
2023/6/21 15:20,6289,41.6094,22.4879,0.1511821,0.1532662
2023/6/21 15:25,6290,41.7927,22.2941,0.05566097,0.07571404
2023/6/21 15:30,6291,41.4278,22.6985,0.1078561,0.1325105
2023/6/21 15:35,6292,41.4928,22.6503,0.1322406,0.1420574
2023/6/21 15:40,6293,41.8069,22.4367,0.07835934,0.1457978
2023/6/21 15:45,6294,41.7491,22.493,0.06964068,0.1146326
2023/6/21 15:50,6295,41.8042,22.4104,0.07912211,0.08453448
2023/6/21 15:55,6296,41.546,22.7276,0.04703947,0.06057757
2023/6/21 16:00,6297,41.6424,22.6733,0.08047005,0.05746682
2023/6/21 16:05,6298,41.7705,22.6178,0.02233092,0.03764788
2023/6/21 16:10,6299,41.6911,22.7031,0.02848662,0.0440599
2023/6/21 16:15,6300,39.6798,25.4231,1.133396,1.387796
2023/6/21 16:20,6301,44.6759,20.0856,1.796519,1.706311
2023/6/21 16:25,6302,48.1765,17.0299,0.4333867,0.3324282
2023/6/21 16:30,6303,48.5047,16.7327,0.1555958,0.125715
2023/6/21 16:35,6304,47.5455,17.3992,0.3741847,0.2419667
2023/6/21 16:40,6305,46.0936,18.4933,0.4491021,0.3599505
2023/6/21 16:45,6306,44.4964,19.8474,0.4526206,0.3866886
2023/6/21 16:50,6307,42.6768,21.7254,0.613382,0.6492738
2023/6/21 16:55,6308,41.5099,22.8315,0.05851443,0.04150008
2023/6/21 17:00,6309,41.4361,22.7488,0.0482604,0.05449901
2023/6/21 17:05,6310,41.174,22.8418,0.07209729,0.05762727
2023/6/21 17:10,6311,41.0909,22.8131,0.02230427,0.05927791
2023/6/21 17:15,6312,41.24,22.5341,0.04659352,0.06909486
2023/6/21 17:20,6313,41.1503,22.5886,0.07806574,0.1262388
2023/6/21 17:25,6314,40.8628,22.9291,0.07303284,0.1004892
2023/6/21 17:30,6315,41.7342,21.9275,0.3265705,0.3705418
2023/6/21 17:35,6316,42.2152,21.2586,0.04138284,0.04173784
2023/6/21 17:40,6317,41.7711,21.5654,0.1995903,0.1597888
2023/6/21 17:45,6318,41.1712,22.0746,0.1080034,0.1019049
2023/6/21 17:50,6319,41.3344,21.8682,0.1559744,0.1845096
2023/6/21 17:55,6320,41.5884,21.5328,0.1177679,0.149154
2023/6/21 18:00,6321,40.9151,22.2617,0.2028459,0.2227033
2023/6/21 18:05,6322,41.622,21.4438,0.3267892,0.3710508
2023/6/21 18:10,6323,42.1584,20.7748,0.0455571,0.035891
2023/6/21 18:15,6324,41.7218,21.1025,0.2052737,0.1753606
2023/6/21 18:20,6325,41.2142,21.5777,0.05701884,0.04511107
2023/6/21 18:25,6326,41.4757,21.2423,0.1335363,0.1285863
2023/6/21 18:30,6327,41.5614,21.1571,0.1401002,0.201934
2023/6/21 18:35,6328,40.9046,21.9059,0.1541252,0.1845416
2023/6/21 18:40,6329,41.7228,20.959,0.3472644,0.3854949
2023/6/21 18:45,6330,42.2816,20.3069,0.03393286,0.03720341
2023/6/21 18:50,6331,41.9133,20.5839,0.1831016,0.1598133
2023/6/21 18:55,6332,41.2523,21.2195,0.1441623,0.1701259
2023/6/21 19:00,6333,41.25811,21.1898,0.1396271,0.1463783
2023/6/21 19:05,6334,41.7741,20.8241,0.3306919,0.442304
2023/6/21 19:10,6335,42.391,20.0023,0.01866021,0.0730368
2023/6/21 19:15,6336,42.2683,20.0298,0.1344523,0.110532
2023/6/21 19:20,6337,41.3853,20.923,0.3379695,0.329803
2023/6/21 19:25,6338,40.2089,22.1225,0.3230233,0.3525591
2023/6/21 19:30,6339,39.105,23.3329,0.307032,0.3337565
2023/6/21 19:35,6340,38.1073,24.456,0.2707772,0.2949431
2023/6/21 19:40,6341,37.2209,25.4739,0.2416942,0.3082751
2023/6/21 19:45,6342,36.4046,26.4713,0.2203698,0.2850597
2023/6/21 19:50,6343,35.6656,27.3795,0.2043185,0.2732728
2023/6/21 19:55,6344,34.9898,28.2849,0.191054,0.2567363
2023/6/21 20:00,6345,34.3566,29.1264,0.1795945,0.2369432
2023/6/21 20:05,6346,33.769,29.9568,0.1587121,0.2415667
2023/6/21 20:10,6347,33.2332,30.7447,0.1515563,0.2154634
2023/6/21 20:15,6348,32.7278,31.4841,0.1372753,0.2160598
2023/6/21 20:20,6349,32.2697,32.1756,0.1341777,0.1840458
2023/6/21 20:25,6350,31.8528,32.8464,0.1216337,0.183232
2023/6/21 20:30,6351,31.4577,33.4991,0.1156459,0.1988444
2023/6/21 20:35,6352,31.0917,34.1115,0.1050714,0.1653924
2023/6/21 20:40,6353,30.7563,34.6555,0.1019307,0.160118
2023/6/21 20:45,6354,30.4307,35.1807,0.08831539,0.149049
2023/6/21 20:50,6355,30.1313,35.7129,0.08175825,0.1598005
2023/6/21 20:55,6356,29.8625,36.25,0.07313854,0.1610129
2023/6/21 21:00,6357,29.6151,36.8427,0.0731851,0.174454
2023/6/21 21:05,6358,29.3667,37.3926,0.06182546,0.1635613
2023/6/21 21:10,6359,29.1447,37.9672,0.06311379,0.166392
2023/6/21 21:15,6360,28.9361,38.6021,0.06733004,0.1838581
2023/6/21 21:20,6361,28.7276,39.2499,0.05181157,0.1913592
2023/6/21 21:25,6362,28.5435,39.8755,0.05109439,0.176612
2023/6/21 21:30,6363,28.3662,40.5031,0.05194361,0.1850354
2023/6/21 21:35,6364,28.2054,41.1174,0.04548667,0.1789455
2023/6/21 21:40,6365,28.0555,41.6853,0.04220693,0.1651305
2023/6/21 21:45,6366,27.9111,42.2042,0.04420757,0.1521522
2023/6/21 21:50,6367,27.7706,42.6945,0.04726335,0.1381785
2023/6/21 21:55,6368,27.6377,43.1716,0.04194323,0.1378353
2023/6/21 22:00,6369,27.5104,43.6653,0.04018253,0.1490769
2023/6/21 22:05,6370,27.3965,44.2491,0.0387229,0.2031831
2023/6/21 22:10,6371,27.2879,44.9768,0.02984776,0.2160818
2023/6/21 22:15,6372,27.1722,45.7528,0.0297753,0.2222864
2023/6/21 22:20,6373,27.065,46.4804,0.02907234,0.170008
2023/6/21 22:25,6374,26.9784,46.8986,0.02523523,0.09272962
2023/6/21 22:30,6375,26.8938,47.0722,0.03133287,0.02421094
2023/6/21 22:35,6376,26.8084,47.1354,0.02567177,0.02071318
2023/6/21 22:40,6377,26.7332,47.1747,0.03512469,0.02012473
2023/6/21 22:45,6378,26.6567,47.1822,0.02373608,0.02396614
2023/6/21 22:50,6379,26.5749,47.2309,0.02015663,0.02673315
2023/6/21 22:55,6380,26.5067,47.3113,0.02349927,0.0310299
2023/6/21 23:00,6381,26.4383,47.372,0.02518722,0.01973328
2023/6/21 23:05,6382,26.3708,47.2428,0.02343868,0.07692365
2023/6/21 23:10,6383,26.3087,47.0235,0.02085234,0.06896142
2023/6/21 23:15,6384,26.2431,46.8525,0.0190759,0.03390644
2023/6/21 23:20,6385,26.1933,46.8719,0.01733197,0.03365581
2023/6/21 23:25,6386,26.1324,47.0298,0.01816726,0.06301349
2023/6/21 23:30,6387,26.0722,47.2662,0.02176143,0.07587265
2023/6/21 23:35,6388,26.0119,47.5281,0.01787502,0.06905361
2023/6/21 23:40,6389,25.977,47.7086,0.01877753,0.03846356
2023/6/21 23:45,6390,25.9187,47.8176,0.01588106,0.03615866
2023/6/21 23:50,6391,25.8708,47.9431,0.01559341,0.04237121
2023/6/21 23:55,6392,25.8201,48.1135,0.01920644,0.05840588
2023/6/28 0:00,8121,41.7337,24.7924,0.09364011,0.1255296
2023/6/28 0:05,8122,41.655,24.8296,0.1231714,0.131993
2023/6/28 0:10,8123,41.2047,25.3036,0.09350301,0.0921476
2023/6/28 0:15,8124,41.3929,25.0597,0.16828,0.2113305
2023/6/28 0:20,8125,41.7748,24.5865,0.03236976,0.05064838
2023/6/28 0:25,8126,41.4614,24.8936,0.1633694,0.1544056
2023/6/28 0:30,8127,41.1796,25.1624,0.07209061,0.07563998
2023/6/28 0:35,8128,41.6747,24.6128,0.1297196,0.162871
2023/6/28 0:40,8129,41.6981,24.6084,0.09925953,0.1193678
2023/6/28 0:45,8130,41.2648,25.0352,0.1100657,0.1131876
2023/6/28 0:50,8131,41.326,24.9671,0.1572793,0.1754197
2023/6/28 0:55,8132,41.7674,24.476,0.04159167,0.05431424
2023/6/28 1:00,8133,41.5193,24.6923,0.1578683,0.1452007
2023/6/28 1:05,8134,41.1828,25.0319,0.04190196,0.04829979
2023/6/28 1:10,8135,41.5855,24.5786,0.1689424,0.1944973
2023/6/28 1:15,8136,41.7375,24.3994,0.09357186,0.07903522
2023/6/28 1:20,8137,41.2965,24.828,0.1267829,0.1421793
2023/6/28 1:25,8138,41.3019,24.8417,0.1498201,0.1806862
2023/6/28 1:30,8139,41.76569,24.3139,0.06446438,0.06606884
2023/6/28 1:35,8140,41.5798,24.5262,0.1429057,0.1539909
2023/6/28 1:40,8141,41.1849,24.9527,0.04780097,0.06052122
2023/6/28 1:45,8142,41.526,24.5741,0.1925337,0.2242783
2023/6/28 1:50,8143,41.7802,24.2735,0.06193744,0.04566235
2023/6/28 1:55,8144,41.3925,24.7024,0.1451248,0.1506088
2023/6/28 2:00,8145,41.2192,24.902,0.1022903,0.08900937
2023/6/28 2:05,8146,41.708,24.3811,0.1170923,0.1311788
2023/6/28 2:10,8147,41.6422,24.4392,0.1314656,0.1311789
2023/6/28 2:15,8148,41.205,24.9582,0.07786376,0.1075691
2023/6/28 2:20,8149,41.4279,24.6955,0.1833604,0.210406
2023/6/28 2:25,8150,41.7996,24.2833,0.04038465,0.05708747
2023/6/28 2:30,8151,41.4554,24.673,0.1689969,0.1705979
2023/6/28 2:35,8152,41.1849,24.9841,0.06618971,0.05095382
2023/6/28 2:40,8153,41.6748,24.483,0.1394149,0.1450439
2023/6/28 2:45,8154,41.6967,24.4294,0.1052312,0.1198011
2023/6/28 2:50,8155,41.2661,24.9286,0.1061443,0.1185226
2023/6/28 2:55,8156,41.3694,24.8552,0.1714171,0.1769049
2023/6/28 3:00,8157,41.8083,24.3699,0.03686024,0.06666677
2023/6/28 3:05,8158,41.5276,24.6383,0.1451249,0.1647787
2023/6/28 3:10,8159,41.1874,25.025,0.05069802,0.04255335
2023/6/28 3:15,8160,41.6047,24.601,0.1679734,0.178233
2023/6/28 3:20,8161,41.754,24.407,0.09166147,0.1001218
2023/6/28 3:25,8162,41.3045,24.8798,0.1233604,0.128725
2023/6/28 3:30,8163,41.3345,24.8262,0.141591,0.1686855
2023/6/28 3:35,8164,41.7689,24.3701,0.06128116,0.07522554
2023/6/28 3:40,8165,41.5673,24.5458,0.1434119,0.1432955
2023/6/28 3:45,8166,41.1956,24.9686,0.04252104,0.06291922
2023/6/28 3:50,8167,41.5671,24.5472,0.1760964,0.2032598
2023/6/28 3:55,8168,41.7713,24.3151,0.07571463,0.08073203
2023/6/28 4:00,8169,41.3449,24.7894,0.1335165,0.13717
2023/6/28 4:05,8170,41.256,24.8531,0.129021,0.1360986
2023/6/28 4:10,8171,41.7392,24.3158,0.08439071,0.09634838
2023/6/28 4:15,8172,41.6183,24.4089,0.1374719,0.1220299
2023/6/28 4:20,8173,41.2007,24.6329,0.05935508,0.1834489
2023/6/28 4:25,8174,41.5319,23.6144,0.1929005,0.4171669
2023/6/28 4:30,8175,41.8015,22.8233,0.06057353,0.1345251
2023/6/28 4:35,8176,41.3995,23.2164,0.1402085,0.05559551
2023/6/28 4:40,8177,41.2789,23.5781,0.1216956,0.06395237
2023/6/28 4:45,8178,41.7473,23.4551,0.09332149,0.06488086
2023/6/28 4:50,8179,41.6297,23.7221,0.1336035,0.246901
2023/6/28 4:55,8180,41.21239,24.4098,0.05487676,0.07873309
2023/6/28 5:00,8181,41.5082,24.13,0.1773259,0.199059
2023/6/28 5:05,8182,41.766,23.8661,0.04827894,0.07136847
2023/6/28 5:10,8183,41.3873,24.3032,0.1529159,0.1680098
2023/6/28 5:15,8184,41.2621,24.4892,0.1051228,0.09196918
2023/6/28 5:20,8185,41.7586,23.9909,0.08732193,0.09076156
2023/6/28 5:25,8186,41.6608,24.1229,0.1210449,0.153091
2023/6/28 5:30,8187,41.2309,24.646,0.08536395,0.1005437
2023/6/28 5:35,8188,41.4725,24.4356,0.1903587,0.1951096
2023/6/28 5:40,8189,41.8081,24.0668,0.03287455,0.04207813
2023/6/28 5:45,8190,41.4564,24.4711,0.1525321,0.1592867
2023/6/28 5:50,8191,41.22831,24.7231,0.06032087,0.05686555
2023/6/28 5:55,8192,41.7089,24.2622,0.1320108,0.1400885
2023/6/28 6:00,8193,41.6961,24.265,0.122551,0.1348036
2023/6/28 6:05,8194,41.2495,24.7695,0.08685116,0.1107974
2023/6/28 6:10,8195,41.448,24.5778,0.1723033,0.2117417
2023/6/28 6:15,8196,41.7765,24.2458,0.03373208,0.0618384
2023/6/28 6:20,8197,41.4447,24.6182,0.1463223,0.1392123
2023/6/28 6:25,8198,41.2375,24.8408,0.08468554,0.07086696
2023/6/28 6:30,8199,41.6976,24.3714,0.1350346,0.1633794
2023/6/28 6:35,8200,41.6901,24.3648,0.1208547,0.1461668
2023/6/28 6:40,8201,41.2558,24.8697,0.07741654,0.1053122
2023/6/28 6:45,8202,41.4437,24.705,0.1674923,0.1913362
2023/6/28 6:50,8203,41.8027,24.3313,0.032197,0.04245716
2023/6/28 6:55,8204,41.4498,24.6957,0.1613294,0.1412836
2023/6/28 7:00,8205,41.21621,24.9754,0.07537589,0.06333592
2023/6/28 7:05,8206,41.7221,24.4928,0.1427481,0.1527039
2023/6/28 7:10,8207,41.7036,24.5077,0.1113598,0.1105597
2023/6/28 7:15,8208,41.2449,24.9997,0.0915098,0.1237266
2023/6/28 7:20,8209,41.4339,24.8042,0.1933046,0.2271037
2023/6/28 7:25,8210,41.811,24.3462,0.03280671,0.04687378
2023/6/28 7:30,8211,41.47361,24.59,0.1504804,0.110927
2023/6/28 7:35,8212,41.2165,24.8019,0.05034762,0.05281214
2023/6/28 7:40,8213,41.6985,24.2862,0.1499998,0.2021119
2023/6/28 7:45,8214,41.7461,24.1491,0.1026976,0.1254582
2023/6/28 7:50,8215,41.3021,24.6329,0.1035649,0.109523
2023/6/28 7:55,8216,41.4386,24.4689,0.1772493,0.1939291
2023/6/28 8:00,8217,41.8295,24.0555,0.04896597,0.05615021
2023/6/28 8:05,8218,41.5062,24.394,0.1489962,0.1496401
2023/6/28 8:10,8219,41.20411,24.762,0.04918841,0.04321611
2023/6/28 8:15,8220,41.64339,24.3777,0.167257,0.1843488
2023/6/28 8:20,8221,41.7663,24.2399,0.08354108,0.1259847
2023/6/28 8:25,8222,41.3273,24.7467,0.1215658,0.1352384
2023/6/28 8:30,8223,41.344,24.7518,0.1484302,0.137772
2023/6/28 8:35,8224,41.8079,24.2806,0.065368,0.062129
2023/6/28 8:40,8225,41.5457,24.5745,0.1546478,0.146845
2023/6/28 8:45,8226,41.1988,25.1332,0.04128619,0.1293005
2023/6/28 8:50,8227,41.6081,25.0506,0.1525717,0.07422268
2023/6/28 8:55,8228,41.6977,23.9809,0.1092526,0.2819557
2023/6/28 9:00,8229,41.21239,24.0723,0.1157122,0.1790544
2023/6/28 9:05,8230,41.4095,22.7151,0.2185641,0.4591135
2023/6/28 9:10,8231,41.9013,21.8458,0.05739186,0.1011984
2023/6/28 9:15,8232,41.519,21.9703,0.1921031,0.1222013
2023/6/28 9:20,8233,41.2601,21.9918,0.09158175,0.1427683
2023/6/28 9:25,8234,41.8542,21.2091,0.1766305,0.2125733
2023/6/28 9:30,8235,41.8359,21.0022,0.1539591,0.09418885
2023/6/28 9:35,8236,41.3097,21.3552,0.1052441,0.08989508
2023/6/28 9:40,8237,41.6348,21.0392,0.241948,0.1646755
2023/6/28 9:45,8238,42.0878,20.6715,0.06021261,0.0686969
2023/6/28 9:50,8239,41.5911,21.1126,0.1891629,0.2018922
2023/6/28 9:55,8240,41.3919,21.2421,0.1191699,0.1140666
2023/6/28 10:00,8241,41.9921,20.5664,0.1256678,0.1669994
2023/6/28 10:05,8242,41.8507,20.6179,0.1769659,0.1712171
2023/6/28 10:10,8243,41.3771,21.042,0.05961292,0.06142144
2023/6/28 10:15,8244,41.7847,20.6295,0.201194,0.1900309
2023/6/28 10:20,8245,42.0509,20.3438,0.1008247,0.08029138
2023/6/28 10:25,8246,41.5003,20.8295,0.1639476,0.1748869
2023/6/28 10:30,8247,41.5191,20.8777,0.2016652,0.1723795
2023/6/28 10:35,8248,42.1158,20.5753,0.05044089,0.09727008
2023/6/28 10:40,8249,41.778,21.3068,0.1912289,0.3419892
2023/6/28 10:45,8250,41.3194,22.1339,0.06234733,0.09128587
2023/6/28 10:50,8251,41.8332,21.6801,0.2014527,0.1893961
2023/6/28 10:55,8252,42.0319,21.5267,0.09733571,0.1121753
2023/6/28 11:00,8253,41.468,22.0988,0.1622359,0.157455
2023/6/28 11:05,8254,41.4437,22.1532,0.1652505,0.1589095
2023/6/28 11:10,8255,42.0534,21.5173,0.09354212,0.1048833
2023/6/28 11:15,8256,41.7959,21.7714,0.1866167,0.1849231
2023/6/28 11:20,8257,41.3264,22.3076,0.05747356,0.09999905
2023/6/28 11:25,8258,41.8007,21.8649,0.2332717,0.2468435
2023/6/28 11:30,8259,42.0588,21.6453,0.1091591,0.1070601
2023/6/28 11:35,8260,41.5276,22.2391,0.175765,0.2023625
2023/6/28 11:40,8261,41.4479,22.3714,0.1566937,0.1723657
2023/6/28 11:45,8262,42.0358,21.7214,0.09142573,0.08628622
2023/6/28 11:50,8263,41.8124,21.9403,0.1678833,0.1870543
2023/6/28 11:55,8264,41.298,22.5567,0.07317733,0.1039462
2023/6/28 12:00,8265,41.6772,22.1689,0.1946098,0.2176013
2023/6/28 12:05,8266,41.958,21.9697,0.07494775,0.1238313
2023/6/28 12:10,8267,41.4763,22.4731,0.1691923,0.177448
2023/6/28 12:15,8268,41.3697,22.6343,0.1357431,0.1126809
2023/6/28 12:20,8269,41.9518,22.1186,0.1249239,0.1158201
2023/6/28 12:25,8270,41.7509,22.2559,0.1662317,0.1240738
2023/6/28 12:30,8271,41.3004,22.6565,0.06056218,0.08213545
2023/6/28 12:35,8272,41.7046,22.2989,0.213442,0.1893739
2023/6/28 12:40,8273,41.9701,22.0329,0.07740676,0.09090875
2023/6/28 12:45,8274,41.49331,22.6049,0.1552587,0.1757368
2023/6/28 12:50,8275,41.3948,22.7277,0.1389174,0.1375371
2023/6/28 12:55,8276,41.9336,22.174,0.1042828,0.1067802
2023/6/28 13:00,8277,41.781,22.2964,0.1569412,0.1267842
2023/6/28 13:05,8278,41.2896,22.8082,0.08213349,0.116302
2023/6/28 13:10,8279,41.25911,23.1227,0.1295482,0.08518467
2023/6/28 13:15,8280,40.9147,23.517,0.2429847,0.262446
2023/6/28 13:20,8281,40.2907,24.1949,0.07540265,0.08982363
2023/6/28 13:25,8282,40.1287,24.4021,0.0248884,0.05456618
2023/6/28 13:30,8283,40.1118,24.4752,0.02762884,0.02644168
2023/6/28 13:35,8284,39.8449,24.7464,0.2036048,0.2344831
2023/6/28 13:40,8285,39.6455,25.0804,0.2249072,0.2665431
2023/6/28 13:45,8286,39.9765,24.6616,0.02913152,0.01868262
2023/6/28 13:50,8287,39.9137,24.7008,0.01998507,0.0191299
2023/6/28 13:55,8288,39.9082,24.7012,0.01183837,0.03837161
2023/6/28 14:00,8289,39.9164,24.645,0.0204507,0.03246216
2023/6/28 14:05,8290,39.8051,24.754,0.0742652,0.06769069
2023/6/28 14:10,8291,39.296,25.317,0.1985136,0.2445582
2023/6/28 14:15,8292,39.312,25.1617,0.04891448,0.09876031
2023/6/28 14:20,8293,39.3853,25.0738,0.01580493,0.03422496
2023/6/28 14:25,8294,39.3682,25.396,0.02524593,0.1128574
2023/6/28 14:30,8295,39.4401,25.9643,0.02349647,0.2389444
2023/6/28 14:35,8296,39.5184,26.8421,0.02374103,0.1925345
2023/6/28 14:40,8297,39.4884,26.8359,0.0802963,0.0954986
2023/6/28 14:45,8298,39.1206,26.9046,0.1389838,0.1751126
2023/6/28 14:50,8299,39.3055,26.5041,0.03579206,0.09601734
2023/6/28 14:55,8300,39.4307,26.1211,0.04109507,0.1231488
2023/6/28 15:00,8301,39.533,25.9081,0.03139388,0.03186698
2023/6/28 15:05,8302,39.5453,25.831,0.01386383,0.03322909
2023/6/28 15:10,8303,39.5713,25.6794,0.01821541,0.04050002
2023/6/28 15:15,8304,39.5778,25.5982,0.01328748,0.0214933
2023/6/28 15:20,8305,39.5925,25.4941,0.01634746,0.04872243
2023/6/28 15:25,8306,39.6039,25.4,0.01942891,0.0293087
2023/6/28 15:30,8307,39.4425,25.5724,0.1269104,0.1546326
2023/6/28 15:35,8308,39.1445,25.9425,0.1053011,0.1453049
2023/6/28 15:40,8309,39.3418,25.674,0.02947785,0.03218066
2023/6/28 15:45,8310,39.3995,25.5711,0.02099666,0.03232159
2023/6/28 15:50,8311,39.468,25.5311,0.01538823,0.04005147
2023/6/28 15:55,8312,39.4851,25.4771,0.01924791,0.01595918
2023/6/28 16:00,8313,39.4531,25.5566,0.1161755,0.1332821
2023/6/28 16:05,8314,38.9824,26.1618,0.07328831,0.101515
2023/6/28 16:10,8315,39.08559,26.0369,0.01711806,0.02554394
2023/6/28 16:15,8316,39.1386,26.0121,0.02374523,0.03997347
2023/6/28 16:20,8317,39.1928,25.9813,0.0183835,0.02809978
2023/6/28 16:25,8318,39.202,25.9974,0.02438432,0.03531905
2023/6/28 16:30,8319,39.16131,26.455,0.01829197,0.2241529
2023/6/28 16:35,8320,39.2289,26.6881,0.02460651,0.0494275
2023/6/28 16:40,8321,38.9531,26.8592,0.1360155,0.1149661
2023/6/28 16:45,8322,38.9483,26.6329,0.03866514,0.09504561
2023/6/28 16:50,8323,38.9866,26.4183,0.02199241,0.06956609
2023/6/28 16:55,8324,39.008,26.3279,0.01015767,0.04230713
2023/6/28 17:00,8325,39.0497,26.242,0.01279216,0.02354994
2023/6/28 17:05,8326,39.0171,26.2487,0.06882268,0.08789883
2023/6/28 17:10,8327,38.76,26.6479,0.1019559,0.2020986
2023/6/28 17:15,8328,39.3289,25.9964,0.2203466,0.3001163
2023/6/28 17:20,8329,39.6457,25.5451,0.01610602,0.03766282
2023/6/28 17:25,8330,39.7892,25.4042,0.05137099,0.05028482
2023/6/28 17:30,8331,39.8419,25.4022,0.01328464,0.03430119
2023/6/28 17:35,8332,39.8895,25.3734,0.02420424,0.0268894
2023/6/28 17:40,8333,39.9454,25.3267,0.02571453,0.01364572
2023/6/28 17:45,8334,39.9439,25.3354,0.01106778,0.0263029
2023/6/28 17:50,8335,39.9181,25.3281,0.01125538,0.0161521
2023/6/28 17:55,8336,39.9371,25.3048,0.04102049,0.05913703
2023/6/28 18:00,8337,39.5862,25.6615,0.1329999,0.143214
2023/6/28 18:05,8338,39.4106,25.6782,0.02809406,0.02323278
2023/6/28 18:10,8339,39.3722,25.5954,0.02837879,0.04120702
2023/6/28 18:15,8340,39.3354,25.5921,0.02214209,0.01230813
2023/6/28 18:20,8341,39.3178,25.699,0.01953873,0.08703773
2023/6/28 18:25,8342,39.4104,26.1186,0.02144996,0.1144233
2023/6/28 18:30,8343,39.3746,26.3091,0.024536,0.0499206
2023/6/28 18:35,8344,39.328,26.3297,0.01825394,0.05896138
2023/6/28 18:40,8345,39.3629,26.1941,0.01412375,0.04500064
2023/6/28 18:45,8346,39.2959,26.1645,0.1106178,0.1412701
2023/6/28 18:50,8347,39.2719,26.1766,0.2267338,0.2935371
2023/6/28 18:55,8348,39.5539,25.734,0.01612074,0.05446865
2023/6/28 19:00,8349,39.6009,25.6222,0.01480797,0.0216463
2023/6/28 19:05,8350,39.69239,25.4714,0.04907573,0.06840521
2023/6/28 19:10,8351,39.7697,25.3327,0.02092854,0.01822658
2023/6/28 19:15,8352,39.64809,25.4161,0.07767744,0.0859169
2023/6/28 19:20,8353,39.3837,25.7384,0.09823553,0.1383965
2023/6/28 19:25,8354,38.9306,26.2493,0.1223911,0.1317081
2023/6/28 19:30,8355,38.50629,26.7149,0.1354704,0.166302
2023/6/28 19:35,8356,37.9654,27.3815,0.1766903,0.2349468
2023/6/28 19:40,8357,37.3166,28.1033,0.1989147,0.1801015
2023/6/28 19:45,8358,36.627,28.8464,0.1982718,0.2341002
2023/6/28 19:50,8359,35.9353,29.665,0.192975,0.2339117
2023/6/28 19:55,8360,35.2705,30.4822,0.180416,0.2428629
2023/6/28 20:00,8361,34.6543,31.3812,0.1683556,0.2797902
2023/6/28 20:05,8362,34.0839,32.2845,0.158071,0.2580884
2023/6/28 20:10,8363,33.572,33.155,0.1427671,0.2383277
2023/6/28 20:15,8364,33.0948,33.9527,0.1245274,0.2245043
2023/6/28 20:20,8365,32.6655,34.6984,0.1252065,0.2003704
2023/6/28 20:25,8366,32.2727,35.38589,0.1021483,0.1800243
2023/6/28 20:30,8367,31.9168,36.0152,0.09981915,0.1621637
2023/6/28 20:35,8368,31.5913,36.5775,0.08808993,0.1574515
2023/6/28 20:40,8369,31.2792,37.1036,0.08296455,0.1512143
2023/6/28 20:45,8370,30.9938,37.6256,0.07366776,0.1665337
2023/6/28 20:50,8371,30.7321,38.1522,0.07515383,0.1385595
2023/6/28 20:55,8372,30.487,38.6261,0.07099722,0.1424082
2023/6/28 21:00,8373,30.2648,39.1023,0.05897751,0.1409465
2023/6/28 21:05,8374,30.0562,39.5608,0.05861201,0.1218895
2023/6/28 21:10,8375,29.8652,40.015,0.0464127,0.1167604
2023/6/28 21:15,8376,29.6886,40.4485,0.05416084,0.1153378
2023/6/28 21:20,8377,29.5297,40.8547,0.04730785,0.1287133
2023/6/28 21:25,8378,29.3738,41.2832,0.04301794,0.1123722
2023/6/28 21:30,8379,29.2351,41.6574,0.04367275,0.1042882
2023/6/28 21:35,8380,29.1086,41.9687,0.03634026,0.08157388
2023/6/28 21:40,8381,29.003,42.2478,0.03711305,0.07861532
2023/6/28 21:45,8382,28.8897,42.4907,0.03416481,0.06333885
2023/6/28 21:50,8383,28.7798,42.7299,0.03364454,0.07362156
2023/6/28 21:55,8384,28.6888,42.9475,0.02992607,0.06571136
2023/6/28 22:00,8385,28.6041,43.1616,0.03333309,0.0547398
2023/6/28 22:05,8386,28.5223,43.3414,0.02511209,0.06047262
2023/6/28 22:10,8387,28.4488,43.4919,0.02378128,0.04568683
2023/6/28 22:15,8388,28.3786,43.6855,0.02489677,0.04208853
2023/6/28 22:20,8389,28.3132,43.8306,0.02732356,0.05834239
2023/6/28 22:25,8390,28.2518,43.957,0.01503166,0.0569477
2023/6/28 22:30,8391,28.1927,44.1139,0.02248566,0.03682793
2023/6/28 22:35,8392,28.1397,44.2304,0.01977451,0.04382945
2023/6/28 22:40,8393,28.087,44.362,0.01840652,0.03472387
2023/6/28 22:45,8394,28.0235,44.4716,0.01801782,0.03324807
2023/6/28 22:50,8395,27.9827,44.5775,0.02259681,0.03536978
2023/6/28 22:55,8396,27.9407,44.6713,0.01961644,0.03263718
2023/6/28 23:00,8397,27.8813,44.7719,0.01302388,0.02947339
2023/6/28 23:05,8398,27.8496,44.8451,0.01488046,0.0427584
2023/6/28 23:10,8399,27.808,44.9398,0.01453251,0.02390382
2023/6/28 23:15,8400,27.7611,45.0018,0.01485626,0.0296339
2023/6/28 23:20,8401,27.7229,45.0739,0.01867316,0.01678417
2023/6/28 23:25,8402,27.6921,45.1572,0.01478106,0.0265768
2023/6/28 23:30,8403,27.6562,45.2267,0.01472323,0.03504
2023/6/28 23:35,8404,27.6177,45.2914,0.01123374,0.03205706
2023/6/28 23:40,8405,27.5752,45.3462,0.01455231,0.01887803
2023/6/28 23:45,8406,27.5507,45.4142,0.01374056,0.01807695
2023/6/28 23:50,8407,27.5206,45.46989,0.01823304,0.009720375
2023/6/28 23:55,8408,27.4974,45.5198,0.0128156,0.02117467
