tag,collection_date,Round,measurement_date,sp,treatment,segment_location,segment,mass_w_parafilm,hour,minute
20,2024.03.01,1,2024.03.02,PE,10C,A,020A,6.4164,10,41
20,2024.03.01,1,2024.03.02,LS,25C,B,020B,4.4954,10,52
20,2024.03.01,1,2024.03.02,PE,55C,E,020E,4.1894,11,24
18,2024.03.01,1,2024.03.02,PE,55C,E,018E,4.9277,11,32
18,2024.03.01,1,2024.03.02,PE,10C,A,018A,4.3786,11,40
18,2024.03.01,1,2024.03.02,PE,25C,B,018B,2.128,11,45
20,2024.03.01,1,2024.03.02,PE,35C,C,020C,4.8377,11,4
20,2024.03.01,1,2024.03.02,PE,45C,D,020D,4.3967,11,17
18,2024.03.01,1,2024.03.02,PE,35C,C,018C,4.9638,11,53
18,2024.03.01,1,2024.03.02,PE,45C,D,018D,3.3464,11,57
19,2024.03.01,1,2024.03.02,PE,55C,E,019E,3.633,12,37
21,2024.03.01,1,2024.03.02,LS,55C,E,021E,2.5654,12,45
21,2024.03.01,1,2024.03.02,LS,10C,A,021A,2.1558,12,50
21,2024.03.01,1,2024.03.02,LS,25C,B,021B,3.862,12,58
19,2024.03.01,1,2024.03.02,PE,10C,A,019A,3.7473,12,6
19,2024.03.01,1,2024.03.02,PE,25C,B,019B,5.0627,12,13
19,2024.03.01,1,2024.03.02,PE,35C,C,019C,4.5052,12,24
19,2024.03.01,1,2024.03.02,PE,45C,D,019D,4.3093,12,31
22,2024.03.01,1,2024.03.02,LS,55C,E,022E,3.8202,13,53
22,2024.03.01,1,2024.03.02,LS,10C,A,022A,2.4657,13,17
22,2024.03.01,1,2024.03.02,LS,25C,B,022B,5.1568,13,24
22,2024.03.01,1,2024.03.02,LS,35C,C,022C,2.7214,13,35
22,2024.03.01,1,2024.03.02,LS,45C,D,022D,3.3317,13,43
21,2024.03.01,1,2024.03.02,LS,35C,C,021C,2.7795,13,4
21,2024.03.01,1,2024.03.02,LS,45C,D,021D,4.6814,13,10
19,2024.03.01,1,2024.03.02,PE,55C,E,019E,3.5549,14,48
21,2024.03.01,1,2024.03.02,LS,55C,E,021E,2.5389,14,47
20,2024.03.01,1,2024.03.02,PE,55C,E,020E,4.0769,14,47
18,2024.03.01,1,2024.03.02,PE,55C,E,018E,4.8332,14,48
22,2024.03.01,1,2024.03.02,LS,55C,E,022E,3.7612,14,46
22,2024.03.01,1,2024.03.02,LS,10C,A,022A,2.4665,14,31
22,2024.03.01,1,2024.03.02,LS,25C,B,022B,5.1505,14,35
21,2024.03.01,1,2024.03.02,LS,10C,A,021A,2.1553,14,32
21,2024.03.01,1,2024.03.02,LS,25C,B,021B,3.8541,14,36
20,2024.03.01,1,2024.03.02,PE,10C,A,020A,6.3819,14,33
20,2024.03.01,1,2024.03.02,LS,25C,B,020B,4.4671,14,36
19,2024.03.01,1,2024.03.02,PE,10C,A,019A,3.737,14,34
19,2024.03.01,1,2024.03.02,PE,25C,B,019B,5.0489,14,36
18,2024.03.01,1,2024.03.02,PE,10C,A,018A,4.3583,14,34
18,2024.03.01,1,2024.03.02,PE,25C,B,018B,2.1126,14,37
22,2024.03.01,1,2024.03.02,LS,35C,C,022C,2.7186,14,39
22,2024.03.01,1,2024.03.02,LS,45C,D,022D,3.3127,14,43
21,2024.03.01,1,2024.03.02,LS,35C,C,021C,2.7678,14,39
21,2024.03.01,1,2024.03.02,LS,45C,D,021D,4.6562,14,44
20,2024.03.01,1,2024.03.02,PE,35C,C,020C,4.7927,14,40
20,2024.03.01,1,2024.03.02,PE,45C,D,020D,4.3527,14,45
19,2024.03.01,1,2024.03.02,PE,35C,C,019C,4.4794,14,40
19,2024.03.01,1,2024.03.02,PE,45C,D,019D,4.2773,14,43
18,2024.03.01,1,2024.03.02,PE,35C,C,018C,4.9358,14,41
18,2024.03.01,1,2024.03.02,PE,45C,D,018D,3.2979,14,42
19,2024.03.01,1,2024.03.02,PE,55C,E,019E,3.5188,15,23
21,2024.03.01,1,2024.03.02,LS,55C,E,021E,2.5227,15,22
20,2024.03.01,1,2024.03.02,PE,55C,E,020E,4.0282,15,22
18,2024.03.01,1,2024.03.02,PE,55C,E,018E,4.8003,15,23
22,2024.03.01,1,2024.03.02,LS,55C,E,022E,3.7247,15,21
22,2024.03.01,1,2024.03.02,LS,10C,A,022A,2.4653,15,11
22,2024.03.01,1,2024.03.02,LS,25C,B,022B,5.1474,15,12
21,2024.03.01,1,2024.03.02,LS,10C,A,021A,2.155,15,11
21,2024.03.01,1,2024.03.02,LS,25C,B,021B,3.8511,15,13
20,2024.03.01,1,2024.03.02,PE,10C,A,020A,6.3778,15,10
20,2024.03.01,1,2024.03.02,LS,25C,B,020B,4.4633,15,13
19,2024.03.01,1,2024.03.02,PE,10C,A,019A,3.7351,15,10
19,2024.03.01,1,2024.03.02,PE,25C,B,019B,5.0452,15,14
18,2024.03.01,1,2024.03.02,PE,10C,A,018A,4.3556,15,10
18,2024.03.01,1,2024.03.02,PE,25C,B,018B,2.1068,15,14
22,2024.03.01,1,2024.03.02,LS,35C,C,022C,2.7178,15,15
22,2024.03.01,1,2024.03.02,LS,45C,D,022D,3.3031,15,18
21,2024.03.01,1,2024.03.02,LS,35C,C,021C,2.7617,15,16
21,2024.03.01,1,2024.03.02,LS,45C,D,021D,4.6451,15,19
20,2024.03.01,1,2024.03.02,PE,35C,C,020C,4.782,15,16
20,2024.03.01,1,2024.03.02,PE,45C,D,020D,4.3406,15,19
19,2024.03.01,1,2024.03.02,PE,35C,C,019C,4.4726,15,17
19,2024.03.01,1,2024.03.02,PE,45C,D,019D,4.2699,15,20
18,2024.03.01,1,2024.03.02,PE,35C,C,018C,4.9307,15,17
18,2024.03.01,1,2024.03.02,PE,45C,D,018D,3.2896,15,20
19,2024.03.01,1,2024.03.02,PE,55C,E,019E,3.4445,16,33
21,2024.03.01,1,2024.03.02,LS,55C,E,021E,2.4899,16,32
20,2024.03.01,1,2024.03.02,PE,55C,E,020E,3.9306,16,33
18,2024.03.01,1,2024.03.02,PE,55C,E,018E,4.7293,16,34
22,2024.03.01,1,2024.03.02,LS,55C,E,022E,3.6492,16,32
22,2024.03.01,1,2024.03.02,LS,10C,A,022A,2.4629,16,21
22,2024.03.01,1,2024.03.02,LS,10C,A,022A,2.4624,16,53
22,2024.03.01,1,2024.03.02,LS,25C,B,022B,5.1408,16,23
22,2024.03.01,1,2024.03.02,LS,25C,B,022B,5.1377,16,56
21,2024.03.01,1,2024.03.02,LS,10C,A,021A,2.153,16,21
21,2024.03.01,1,2024.03.02,LS,10C,A,021A,2.1523,16,54
21,2024.03.01,1,2024.03.02,LS,25C,B,021B,3.8451,16,24
21,2024.03.01,1,2024.03.02,LS,25C,B,021B,3.8424,16,56
20,2024.03.01,1,2024.03.02,PE,10C,A,020A,6.37,16,22
20,2024.03.01,1,2024.03.02,PE,10C,A,020A,6.3692,16,54
20,2024.03.01,1,2024.03.02,LS,25C,B,020B,4.4554,16,24
20,2024.03.01,1,2024.03.02,LS,25C,B,020B,4.452,16,57
19,2024.03.01,1,2024.03.02,PE,10C,A,019A,3.7326,16,22
19,2024.03.01,1,2024.03.02,PE,10C,A,019A,3.7312,16,55
19,2024.03.01,1,2024.03.02,PE,25C,B,019B,5.0389,16,24
19,2024.03.01,1,2024.03.02,PE,25C,B,019B,5.0362,16,57
18,2024.03.01,1,2024.03.02,PE,10C,A,018A,4.3539,16,22
18,2024.03.01,1,2024.03.02,PE,10C,A,018A,4.3536,16,55
18,2024.03.01,1,2024.03.02,PE,25C,B,018B,2.105,16,25
18,2024.03.01,1,2024.03.02,PE,25C,B,018B,2.1034,16,58
22,2024.03.01,1,2024.03.02,LS,35C,C,022C,2.7149,16,26
22,2024.03.01,1,2024.03.02,LS,35C,C,022C,2.7141,16,59
22,2024.03.01,1,2024.03.02,LS,45C,D,022D,3.2839,16,29
21,2024.03.01,1,2024.03.02,LS,35C,C,021C,2.7502,16,27
21,2024.03.01,1,2024.03.02,LS,45C,D,021D,4.6231,16,29
20,2024.03.01,1,2024.03.02,PE,35C,C,020C,4.7632,16,27
20,2024.03.01,1,2024.03.02,PE,45C,D,020D,4.3172,16,30
19,2024.03.01,1,2024.03.02,PE,35C,C,019C,4.461,16,28
19,2024.03.01,1,2024.03.02,PE,45C,D,019D,4.2563,16,30
18,2024.03.01,1,2024.03.02,PE,35C,C,018C,4.922,16,28
18,2024.03.01,1,2024.03.02,PE,45C,D,018D,3.2733,16,30
19,2024.03.01,1,2024.03.02,PE,55C,E,019E,3.4127,17,6
19,2024.03.01,1,2024.03.02,PE,55C,E,019E,3.3801,17,41
21,2024.03.01,1,2024.03.02,LS,55C,E,021E,2.4769,17,5
21,2024.03.01,1,2024.03.02,LS,55C,E,021E,2.4631,17,39
20,2024.03.01,1,2024.03.02,PE,55C,E,020E,3.8889,17,6
20,2024.03.01,1,2024.03.02,PE,55C,E,020E,3.8472,17,40
18,2024.03.01,1,2024.03.02,PE,55C,E,018E,4.7007,17,7
18,2024.03.01,1,2024.03.02,PE,55C,E,018E,4.6707,17,42
22,2024.03.01,1,2024.03.02,LS,55C,E,022E,3.6171,17,5
22,2024.03.01,1,2024.03.02,LS,10C,A,022A,2.4621,17,27
22,2024.03.01,1,2024.03.02,LS,25C,B,022B,5.1352,17,30
21,2024.03.01,1,2024.03.02,LS,10C,A,021A,2.1517,17,28
21,2024.03.01,1,2024.03.02,LS,25C,B,021B,3.8395,17,30
20,2024.03.01,1,2024.03.02,PE,10C,A,020A,6.3642,17,28
20,2024.03.01,1,2024.03.02,LS,25C,B,020B,4.4485,17,31
19,2024.03.01,1,2024.03.02,PE,10C,A,019A,3.7288,17,29
19,2024.03.01,1,2024.03.02,PE,25C,B,019B,5.0332,17,31
18,2024.03.01,1,2024.03.02,PE,10C,A,018A,4.3518,17,29
22,2024.03.01,1,2024.03.02,LS,35C,C,022C,2.7131,17,33
22,2024.03.01,1,2024.03.02,LS,45C,D,022D,3.2752,17,2
22,2024.03.01,1,2024.03.02,LS,45C,D,022D,3.2662,17,36
21,2024.03.01,1,2024.03.02,LS,35C,C,021C,2.7447,17,0
21,2024.03.01,1,2024.03.02,LS,35C,C,021C,2.7394,17,33
21,2024.03.01,1,2024.03.02,LS,45C,D,021D,4.6131,17,2
21,2024.03.01,1,2024.03.02,LS,45C,D,021D,4.6018,17,37
20,2024.03.01,1,2024.03.02,PE,35C,C,020C,4.7541,17,0
20,2024.03.01,1,2024.03.02,PE,35C,C,020C,4.7456,17,34
20,2024.03.01,1,2024.03.02,PE,45C,D,020D,4.307,17,3
20,2024.03.01,1,2024.03.02,PE,45C,D,020D,4.2963,17,37
19,2024.03.01,1,2024.03.02,PE,35C,C,019C,4.4559,17,0
19,2024.03.01,1,2024.03.02,PE,35C,C,019C,4.4508,17,34
19,2024.03.01,1,2024.03.02,PE,45C,D,019D,4.2506,17,3
19,2024.03.01,1,2024.03.02,PE,45C,D,019D,4.2441,17,37
18,2024.03.01,1,2024.03.02,PE,35C,C,018C,4.9181,17,1
18,2024.03.01,1,2024.03.02,PE,35C,C,018C,4.9152,17,35
18,2024.03.01,1,2024.03.02,PE,45C,D,018D,3.2661,17,3
18,2024.03.01,1,2024.03.02,PE,45C,D,018D,3.2593,17,38
17,2024.03.09,2,2024.03.09,PE,10C,A,017A,5.5267,11,33
4,2024.03.09,2,2024.03.09,LS,10C,A,004A,5.3887,11,43
24,2024.03.09,2,2024.03.09,LS,10C,A,024A,2.0389,11,51
26,2024.03.09,2,2024.03.09,LS,10C,A,026A,3.9744,12,23
17,2024.03.09,2,2024.03.09,PE,25C,B,017B,2.9692,12,28
16,2024.03.09,2,2024.03.09,PE,25C,B,016B,4.1141,12,51
26,2024.03.09,2,2024.03.09,LS,25C,B,026B,1.3334,12,57
4,2024.03.09,2,2024.03.09,LS,25C,B,004B,3.8829,12,35
24,2024.03.09,2,2024.03.09,LS,25C,B,024B,2.4176,12,44
16,2024.03.09,2,2024.03.09,PE,10C,A,016A,4.3857,12,1
26,2024.03.09,2,2024.03.09,LS,35C,C,026C,2.4295,13,48
17,2024.03.09,2,2024.03.09,PE,45C,D,017D,3.5257,13,58
17,2024.03.09,2,2024.03.09,PE,35C,C,017C,4.5371,13,11
4,2024.03.09,2,2024.03.09,LS,35C,C,004C,3.3064,13,20
24,2024.03.09,2,2024.03.09,LS,35C,C,024C,2.5627,13,31
16,2024.03.09,2,2024.03.09,PE,35C,C,016C,3.7446,13,40
17,2024.03.09,2,2024.03.09,PE,55C,E,017E,5.0101,14,52
4,2024.03.09,2,2024.03.09,LS,55C,E,004E,2.0909,14,59
16,2024.03.09,2,2024.03.09,PE,45C,D,016D,3.6548,14,25
26,2024.03.09,2,2024.03.09,LS,45C,D,026D,3.0224,14,34
4,2024.03.09,2,2024.03.09,LS,45C,D,004D,2.6609,14,8
24,2024.03.09,2,2024.03.09,LS,45C,D,024D,1.9091,14,17
26,2024.03.09,2,2024.03.09,LS,55C,E,026E,3.2174,15,18
26,2024.03.09,2,2024.03.09,LS,55C,E,026E,3.2036,15,33
26,2024.03.09,2,2024.03.09,LS,35C,C,026C,2.4226,15,27
17,2024.03.09,2,2024.03.09,PE,45C,D,017D,3.5008,15,28
17,2024.03.09,2,2024.03.09,PE,55C,E,017E,4.978,15,32
4,2024.03.09,2,2024.03.09,LS,55C,E,004E,2.0698,15,32
17,2024.03.09,2,2024.03.09,PE,35C,C,017C,4.4936,15,26
4,2024.03.09,2,2024.03.09,LS,35C,C,004C,3.2919,15,26
26,2024.03.09,2,2024.03.09,LS,10C,A,026A,3.9442,15,22
17,2024.03.09,2,2024.03.09,PE,25C,B,017B,2.9545,15,23
17,2024.03.09,2,2024.03.09,PE,10C,A,017A,5.4961,15,20
4,2024.03.09,2,2024.03.09,LS,10C,A,004A,5.3827,15,21
24,2024.03.09,2,2024.03.09,LS,55C,E,024E,2.3913,15,3
24,2024.03.09,2,2024.03.09,LS,55C,E,024E,2.3806,15,33
16,2024.03.09,2,2024.03.09,PE,55C,E,016E,5.0639,15,10
16,2024.03.09,2,2024.03.09,PE,55C,E,016E,5.0112,15,33
16,2024.03.09,2,2024.03.09,PE,45C,D,016D,3.6241,15,30
26,2024.03.09,2,2024.03.09,LS,45C,D,026D,2.9248,15,30
24,2024.03.09,2,2024.03.09,LS,35C,C,024C,2.5454,15,26
16,2024.03.09,2,2024.03.09,PE,35C,C,016C,3.717,15,27
16,2024.03.09,2,2024.03.09,PE,25C,B,016B,4.099,15,24
26,2024.03.09,2,2024.03.09,LS,25C,B,026B,1.3319,15,24
4,2024.03.09,2,2024.03.09,LS,45C,D,004D,2.639,15,29
24,2024.03.09,2,2024.03.09,LS,45C,D,024D,1.8892,15,29
4,2024.03.09,2,2024.03.09,LS,25C,B,004B,3.872,15,23
24,2024.03.09,2,2024.03.09,LS,25C,B,024B,2.4082,15,24
24,2024.03.09,2,2024.03.09,LS,10C,A,024A,2.0357,15,21
16,2024.03.09,2,2024.03.09,PE,10C,A,016A,4.3734,15,22
26,2024.03.09,2,2024.03.09,LS,55C,E,026E,3.176,16,24
26,2024.03.09,2,2024.03.09,LS,55C,E,026E,3.1595,16,56
26,2024.03.09,2,2024.03.09,LS,35C,C,026C,2.4198,16,15
26,2024.03.09,2,2024.03.09,LS,35C,C,026C,2.4185,16,49
17,2024.03.09,2,2024.03.09,PE,45C,D,017D,3.4867,16,17
17,2024.03.09,2,2024.03.09,PE,45C,D,017D,3.477,16,51
17,2024.03.09,2,2024.03.09,PE,55C,E,017E,4.92,16,20
17,2024.03.09,2,2024.03.09,PE,55C,E,017E,4.8853,16,54
4,2024.03.09,2,2024.03.09,LS,55C,E,004E,2.0064,16,20
4,2024.03.09,2,2024.03.09,LS,55C,E,004E,1.968,16,54
17,2024.03.09,2,2024.03.09,PE,35C,C,017C,4.4821,16,13
17,2024.03.09,2,2024.03.09,PE,35C,C,017C,4.4734,16,48
4,2024.03.09,2,2024.03.09,LS,35C,C,004C,3.2856,16,14
4,2024.03.09,2,2024.03.09,LS,35C,C,004C,3.2818,16,48
26,2024.03.09,2,2024.03.09,LS,10C,A,026A,3.936,16,9
26,2024.03.09,2,2024.03.09,LS,10C,A,026A,3.9288,16,44
17,2024.03.09,2,2024.03.09,PE,25C,B,017B,2.951,16,10
17,2024.03.09,2,2024.03.09,PE,25C,B,017B,2.9484,16,45
17,2024.03.09,2,2024.03.09,PE,10C,A,017A,5.4943,16,8
17,2024.03.09,2,2024.03.09,PE,10C,A,017A,5.4899,16,42
4,2024.03.09,2,2024.03.09,LS,10C,A,004A,5.3785,16,8
4,2024.03.09,2,2024.03.09,LS,10C,A,004A,5.3736,16,42
24,2024.03.09,2,2024.03.09,LS,55C,E,024E,2.3552,16,21
24,2024.03.09,2,2024.03.09,LS,55C,E,024E,2.3392,16,55
16,2024.03.09,2,2024.03.09,PE,55C,E,016E,4.9494,16,23
16,2024.03.09,2,2024.03.09,PE,55C,E,016E,4.9158,16,55
16,2024.03.09,2,2024.03.09,PE,45C,D,016D,3.6089,16,18
16,2024.03.09,2,2024.03.09,PE,45C,D,016D,3.5989,16,52
26,2024.03.09,2,2024.03.09,LS,45C,D,026D,2.8643,16,18
26,2024.03.09,2,2024.03.09,LS,45C,D,026D,2.8299,16,52
24,2024.03.09,2,2024.03.09,LS,35C,C,024C,2.538,16,14
24,2024.03.09,2,2024.03.09,LS,35C,C,024C,2.5329,16,48
16,2024.03.09,2,2024.03.09,PE,35C,C,016C,3.7095,16,15
16,2024.03.09,2,2024.03.09,PE,35C,C,016C,3.7035,16,49
16,2024.03.09,2,2024.03.09,PE,25C,B,016B,4.0949,16,11
16,2024.03.09,2,2024.03.09,PE,25C,B,016B,4.092,16,46
26,2024.03.09,2,2024.03.09,LS,25C,B,026B,1.3312,16,12
26,2024.03.09,2,2024.03.09,LS,25C,B,026B,1.3309,16,46
4,2024.03.09,2,2024.03.09,LS,45C,D,004D,2.6231,16,17
4,2024.03.09,2,2024.03.09,LS,45C,D,004D,2.6115,16,51
24,2024.03.09,2,2024.03.09,LS,45C,D,024D,1.8746,16,17
24,2024.03.09,2,2024.03.09,LS,45C,D,024D,1.8649,16,52
4,2024.03.09,2,2024.03.09,LS,25C,B,004B,3.8687,16,11
4,2024.03.09,2,2024.03.09,LS,25C,B,004B,3.8665,16,45
24,2024.03.09,2,2024.03.09,LS,25C,B,024B,2.4053,16,11
24,2024.03.09,2,2024.03.09,LS,25C,B,024B,2.4033,16,45
24,2024.03.09,2,2024.03.09,LS,10C,A,024A,2.0331,16,9
24,2024.03.09,2,2024.03.09,LS,10C,A,024A,2.0307,16,43
16,2024.03.09,2,2024.03.09,PE,10C,A,016A,4.369,16,9
16,2024.03.09,2,2024.03.09,PE,10C,A,016A,4.3657,16,43
26,2024.03.09,2,2024.03.09,LS,55C,E,026E,3.129,17,57
26,2024.03.09,2,2024.03.09,LS,35C,C,026C,2.4155,17,50
17,2024.03.09,2,2024.03.09,PE,45C,D,017D,3.4595,17,51
17,2024.03.09,2,2024.03.09,PE,55C,E,017E,4.815,17,56
4,2024.03.09,2,2024.03.09,LS,55C,E,004E,1.9045,17,56
17,2024.03.09,2,2024.03.09,PE,35C,C,017C,4.4589,17,49
4,2024.03.09,2,2024.03.09,LS,35C,C,004C,3.2744,17,49
26,2024.03.09,2,2024.03.09,LS,10C,A,026A,3.9186,17,45
17,2024.03.09,2,2024.03.09,PE,25C,B,017B,2.9442,17,46
17,2024.03.09,2,2024.03.09,PE,10C,A,017A,5.4869,17,44
4,2024.03.09,2,2024.03.09,LS,10C,A,004A,5.3722,17,44
24,2024.03.09,2,2024.03.09,LS,55C,E,024E,2.3089,17,56
16,2024.03.09,2,2024.03.09,PE,55C,E,016E,4.8518,17,57
16,2024.03.09,2,2024.03.09,PE,45C,D,016D,3.5812,17,52
26,2024.03.09,2,2024.03.09,LS,45C,D,026D,2.7807,17,53
24,2024.03.09,2,2024.03.09,LS,35C,C,024C,2.5235,17,49
16,2024.03.09,2,2024.03.09,PE,35C,C,016C,3.6945,17,50
16,2024.03.09,2,2024.03.09,PE,25C,B,016B,4.0866,17,47
26,2024.03.09,2,2024.03.09,LS,25C,B,026B,1.3299,17,48
4,2024.03.09,2,2024.03.09,LS,45C,D,004D,2.5907,17,52
24,2024.03.09,2,2024.03.09,LS,45C,D,024D,1.8468,17,52
4,2024.03.09,2,2024.03.09,LS,25C,B,004B,3.8622,17,46
24,2024.03.09,2,2024.03.09,LS,25C,B,024B,2.3999,17,47
24,2024.03.09,2,2024.03.09,LS,10C,A,024A,2.0296,17,45
16,2024.03.09,2,2024.03.09,PE,10C,A,016A,4.3625,17,45
26,2024.03.09,2,2024.03.09,LS,55C,E,026E,3.1139,18,32
26,2024.03.09,2,2024.03.09,LS,35C,C,026C,2.4138,18,26
17,2024.03.09,2,2024.03.09,PE,45C,D,017D,3.4499,18,27
17,2024.03.09,2,2024.03.09,PE,55C,E,017E,4.7786,18,30
4,2024.03.09,2,2024.03.09,LS,55C,E,004E,1.875,18,30
17,2024.03.09,2,2024.03.09,PE,35C,C,017C,4.4508,18,25
4,2024.03.09,2,2024.03.09,LS,35C,C,004C,3.27,18,25
26,2024.03.09,2,2024.03.09,LS,10C,A,026A,3.9137,18,20
17,2024.03.09,2,2024.03.09,PE,25C,B,017B,2.9415,18,21
17,2024.03.09,2,2024.03.09,PE,10C,A,017A,5.4863,18,19
4,2024.03.09,2,2024.03.09,LS,10C,A,004A,5.37,18,19
24,2024.03.09,2,2024.03.09,LS,55C,E,024E,2.294,18,30
16,2024.03.09,2,2024.03.09,PE,55C,E,016E,4.8191,18,32
16,2024.03.09,2,2024.03.09,PE,45C,D,016D,3.5713,18,28
26,2024.03.09,2,2024.03.09,LS,45C,D,026D,2.7586,18,29
24,2024.03.09,2,2024.03.09,LS,35C,C,024C,2.518,18,25
16,2024.03.09,2,2024.03.09,PE,35C,C,016C,3.6893,18,26
16,2024.03.09,2,2024.03.09,PE,25C,B,016B,4.0836,18,23
26,2024.03.09,2,2024.03.09,LS,25C,B,026B,1.3296,18,22
4,2024.03.09,2,2024.03.09,LS,45C,D,004D,2.5795,18,27
24,2024.03.09,2,2024.03.09,LS,45C,D,024D,1.8367,18,28
4,2024.03.09,2,2024.03.09,LS,25C,B,004B,3.8602,18,21
24,2024.03.09,2,2024.03.09,LS,25C,B,024B,2.3976,18,22
24,2024.03.09,2,2024.03.09,LS,10C,A,024A,2.0281,18,20
16,2024.03.09,2,2024.03.09,PE,10C,A,016A,4.3603,18,20
26,2024.03.09,2,2024.03.09,LS,55C,E,026E,3.0918,19,23
26,2024.03.09,2,2024.03.09,LS,35C,C,026C,2.4112,19,16
17,2024.03.09,2,2024.03.09,PE,45C,D,017D,3.4354,19,17
17,2024.03.09,2,2024.03.09,PE,55C,E,017E,4.7233,19,21
4,2024.03.09,2,2024.03.09,LS,55C,E,004E,1.8322,19,22
17,2024.03.09,2,2024.03.09,PE,35C,C,017C,4.4389,19,14
4,2024.03.09,2,2024.03.09,LS,35C,C,004C,3.264,19,15
26,2024.03.09,2,2024.03.09,LS,10C,A,026A,3.9051,19,9
17,2024.03.09,2,2024.03.09,PE,25C,B,017B,2.9382,19,11
17,2024.03.09,2,2024.03.09,PE,10C,A,017A,5.4847,19,4
4,2024.03.09,2,2024.03.09,LS,10C,A,004A,5.3697,19,5
24,2024.03.09,2,2024.03.09,LS,55C,E,024E,2.2721,19,22
16,2024.03.09,2,2024.03.09,PE,55C,E,016E,4.7704,19,22
16,2024.03.09,2,2024.03.09,PE,45C,D,016D,3.5576,19,19
26,2024.03.09,2,2024.03.09,LS,45C,D,026D,2.7319,19,19
24,2024.03.09,2,2024.03.09,LS,35C,C,024C,2.5108,19,15
16,2024.03.09,2,2024.03.09,PE,35C,C,016C,3.6822,19,15
16,2024.03.09,2,2024.03.09,PE,25C,B,016B,4.0796,19,12
26,2024.03.09,2,2024.03.09,LS,25C,B,026B,1.3285,19,13
4,2024.03.09,2,2024.03.09,LS,45C,D,004D,2.5628,19,18
24,2024.03.09,2,2024.03.09,LS,45C,D,024D,1.8222,19,18
4,2024.03.09,2,2024.03.09,LS,25C,B,004B,3.8565,19,11
24,2024.03.09,2,2024.03.09,LS,25C,B,024B,2.3945,19,12
24,2024.03.09,2,2024.03.09,LS,10C,A,024A,2.0276,19,7
16,2024.03.09,2,2024.03.09,PE,10C,A,016A,4.3593,19,6
