tag,collection_date,Round,measurement_date,sp,treatment,treatment_ID,segment,mass_w_parafilm,exclude,hour,minute
23,2023.06.01,1,2023.06.02,MG,55C,E,023E,3.3861,0,12,35
23,2023.06.01,1,2023.06.02,MG,55C,E,023E,3.3749,0,13,5
23,2023.06.01,1,2023.06.02,MG,55C,E,023E,3.35,0,13,45
23,2023.06.01,1,2023.06.02,MG,55C,E,023E,3.3331,0,14,16
23,2023.06.01,1,2023.06.02,MG,55C,E,023E,3.3187,0,14,42
23,2023.06.01,1,2023.06.02,MG,55C,E,023E,3.3038,0,15,13
23,2023.06.01,1,2023.06.02,MG,55C,E,023E,3.2874,0,15,43
23,2023.06.01,1,2023.06.02,MG,55C,E,023E,3.2731,0,16,9
23,2023.06.01,1,2023.06.02,MG,55C,E,023E,3.2541,0,16,42
23,2023.06.01,1,2023.06.02,MG,55C,E,023E,3.2364,0,17,15
23,2023.06.01,1,2023.06.02,MG,55C,E,023E,3.216,0,17,52
23,2023.06.01,1,2023.06.02,MG,55C,E,023E,3.1932,0,18,33
23,2023.06.01,1,2023.06.02,MG,55C,E,023E,3.1798,0,18,58
1,2023.06.01,1,2023.06.02,CC,10C,A,001A,3.094,1,10,3
1,2023.06.01,1,2023.06.02,CC,10C,A,001A,3.0923,0,12,57
1,2023.06.01,1,2023.06.02,CC,10C,A,001A,3.0919,0,13,38
1,2023.06.01,1,2023.06.02,CC,10C,A,001A,3.0914,0,14,11
1,2023.06.01,1,2023.06.02,CC,10C,A,001A,3.0907,0,14,30
1,2023.06.01,1,2023.06.02,CC,10C,A,001A,3.0899,0,15,3
1,2023.06.01,1,2023.06.02,CC,10C,A,001A,3.0894,0,15,38
1,2023.06.01,1,2023.06.02,CC,10C,A,001A,3.0889,0,16,4
1,2023.06.01,1,2023.06.02,CC,10C,A,001A,3.0879,1,16,27
1,2023.06.01,1,2023.06.02,CC,10C,A,001A,3.0878,0,16,59
1,2023.06.01,1,2023.06.02,CC,10C,A,001A,3.0874,0,17,29
1,2023.06.01,1,2023.06.02,CC,10C,A,001A,3.0867,0,18,14
1,2023.06.01,1,2023.06.02,CC,10C,A,001A,3.086,0,18,48
1,2023.06.01,1,2023.06.02,CC,10C,A,001A,3.0858,0,19,22
24,2023.06.01,1,2023.06.02,LS,10C,A,024A,2.9187,0,11,9
24,2023.06.01,1,2023.06.02,LS,10C,A,024A,2.9141,0,12,59
24,2023.06.01,1,2023.06.02,LS,10C,A,024A,2.9087,0,13,40
24,2023.06.01,1,2023.06.02,LS,10C,A,024A,2.9075,0,14,13
24,2023.06.01,1,2023.06.02,LS,10C,A,024A,2.9064,0,14,32
24,2023.06.01,1,2023.06.02,LS,10C,A,024A,2.9025,0,15,6
24,2023.06.01,1,2023.06.02,LS,10C,A,024A,2.9017,0,15,40
24,2023.06.01,1,2023.06.02,LS,10C,A,024A,2.9,0,16,6
24,2023.06.01,1,2023.06.02,LS,10C,A,024A,2.8981,0,16,29
24,2023.06.01,1,2023.06.02,LS,10C,A,024A,2.8951,0,17,2
24,2023.06.01,1,2023.06.02,LS,10C,A,024A,2.8938,0,17,31
24,2023.06.01,1,2023.06.02,LS,10C,A,024A,2.8898,0,18,16
24,2023.06.01,1,2023.06.02,LS,10C,A,024A,2.8868,0,18,52
24,2023.06.01,1,2023.06.02,LS,10C,A,024A,2.8852,0,19,24
24,2023.06.01,1,2023.06.02,LS,25C,B,024B,2.893,0,11,18
24,2023.06.01,1,2023.06.02,LS,25C,B,024B,2.8824,0,12,55
24,2023.06.01,1,2023.06.02,LS,25C,B,024B,2.8784,0,13,30
24,2023.06.01,1,2023.06.02,LS,25C,B,024B,2.8739,0,14,6
24,2023.06.01,1,2023.06.02,LS,25C,B,024B,2.8713,0,14,29
24,2023.06.01,1,2023.06.02,LS,25C,B,024B,2.8679,0,15,2
24,2023.06.01,1,2023.06.02,LS,25C,B,024B,2.8637,0,15,36
24,2023.06.01,1,2023.06.02,LS,25C,B,024B,2.861,0,16,1
24,2023.06.01,1,2023.06.02,LS,25C,B,024B,2.8585,0,16,24
24,2023.06.01,1,2023.06.02,LS,25C,B,024B,2.8543,0,16,57
24,2023.06.01,1,2023.06.02,LS,25C,B,024B,2.8512,0,17,26
24,2023.06.01,1,2023.06.02,LS,25C,B,024B,2.8457,0,18,12
24,2023.06.01,1,2023.06.02,LS,25C,B,024B,2.8415,0,18,47
24,2023.06.01,1,2023.06.02,LS,25C,B,024B,2.837,0,19,19
7,2023.06.01,1,2023.06.02,TD,10C,A,007A,2.0346,0,10,26
7,2023.06.01,1,2023.06.02,TD,10C,A,007A,2.0111,0,12,58
7,2023.06.01,1,2023.06.02,TD,10C,A,007A,2.0067,0,13,38
7,2023.06.01,1,2023.06.02,TD,10C,A,007A,2.003,0,14,11
7,2023.06.01,1,2023.06.02,TD,10C,A,007A,2.0008,0,14,30
7,2023.06.01,1,2023.06.02,TD,10C,A,007A,1.9963,0,15,4
7,2023.06.01,1,2023.06.02,TD,10C,A,007A,1.9919,0,15,38
7,2023.06.01,1,2023.06.02,TD,10C,A,007A,1.9889,0,16,5
7,2023.06.01,1,2023.06.02,TD,10C,A,007A,1.9865,0,16,28
7,2023.06.01,1,2023.06.02,TD,10C,A,007A,1.983,0,17,1
7,2023.06.01,1,2023.06.02,TD,10C,A,007A,1.9789,0,17,30
7,2023.06.01,1,2023.06.02,TD,10C,A,007A,1.9734,0,18,15
7,2023.06.01,1,2023.06.02,TD,10C,A,007A,1.9699,0,18,49
7,2023.06.01,1,2023.06.02,TD,10C,A,007A,1.9661,0,19,23
7,2023.06.01,1,2023.06.02,TD,25C,B,007B,2.9077,0,11,0
7,2023.06.01,1,2023.06.02,TD,25C,B,007B,2.897,0,12,53
7,2023.06.01,1,2023.06.02,TD,25C,B,007B,2.8935,0,13,28
7,2023.06.01,1,2023.06.02,TD,25C,B,007B,2.89,0,14,4
7,2023.06.01,1,2023.06.02,TD,25C,B,007B,2.8874,0,14,27
7,2023.06.01,1,2023.06.02,TD,25C,B,007B,2.8847,0,15,0
7,2023.06.01,1,2023.06.02,TD,25C,B,007B,2.8812,0,15,34
7,2023.06.01,1,2023.06.02,TD,25C,B,007B,2.8794,0,15,59
7,2023.06.01,1,2023.06.02,TD,25C,B,007B,2.8769,0,16,22
7,2023.06.01,1,2023.06.02,TD,25C,B,007B,2.8739,0,16,53
7,2023.06.01,1,2023.06.02,TD,25C,B,007B,2.8709,0,17,25
7,2023.06.01,1,2023.06.02,TD,25C,B,007B,2.8665,0,18,11
7,2023.06.01,1,2023.06.02,TD,25C,B,007B,2.8632,0,18,45
7,2023.06.01,1,2023.06.02,TD,25C,B,007B,2.86,0,19,16
16,2023.06.01,1,2023.06.02,PE,10C,A,016A,5.5802,1,11,26
16,2023.06.01,1,2023.06.02,PE,10C,A,016A,5.5505,0,12,58
16,2023.06.01,1,2023.06.02,PE,10C,A,016A,5.5484,0,13,39
16,2023.06.01,1,2023.06.02,PE,10C,A,016A,5.5454,0,14,12
16,2023.06.01,1,2023.06.02,PE,10C,A,016A,5.5433,0,14,31
16,2023.06.01,1,2023.06.02,PE,10C,A,016A,5.5394,0,15,5
16,2023.06.01,1,2023.06.02,PE,10C,A,016A,5.5345,0,15,39
16,2023.06.01,1,2023.06.02,PE,10C,A,016A,5.5328,0,16,5
16,2023.06.01,1,2023.06.02,PE,10C,A,016A,5.5308,0,16,28
16,2023.06.01,1,2023.06.02,PE,10C,A,016A,5.5288,0,17,1
16,2023.06.01,1,2023.06.02,PE,10C,A,016A,5.5244,0,17,30
16,2023.06.01,1,2023.06.02,PE,10C,A,016A,5.5194,0,18,15
16,2023.06.01,1,2023.06.02,PE,10C,A,016A,5.5175,0,18,49
16,2023.06.01,1,2023.06.02,PE,10C,A,016A,5.5146,0,19,23
16,2023.06.01,1,2023.06.02,PE,25C,B,016B,4.0115,1,11,33
16,2023.06.01,1,2023.06.02,PE,25C,B,016B,3.9872,0,12,54
16,2023.06.01,1,2023.06.02,PE,25C,B,016B,3.9828,0,13,29
16,2023.06.01,1,2023.06.02,PE,25C,B,016B,3.9786,0,14,5
16,2023.06.01,1,2023.06.02,PE,25C,B,016B,3.976,0,14,28
16,2023.06.01,1,2023.06.02,PE,25C,B,016B,3.9728,0,15,0
16,2023.06.01,1,2023.06.02,PE,25C,B,016B,3.9692,0,15,34
16,2023.06.01,1,2023.06.02,PE,25C,B,016B,3.9666,0,16,0
16,2023.06.01,1,2023.06.02,PE,25C,B,016B,3.9639,0,16,23
16,2023.06.01,1,2023.06.02,PE,25C,B,016B,3.9608,0,16,54
16,2023.06.01,1,2023.06.02,PE,25C,B,016B,3.9569,0,17,26
16,2023.06.01,1,2023.06.02,PE,25C,B,016B,3.9522,0,18,11
16,2023.06.01,1,2023.06.02,PE,25C,B,016B,3.9482,0,18,46
16,2023.06.01,1,2023.06.02,PE,25C,B,016B,3.9453,0,19,17
23,2023.06.01,1,2023.06.02,MG,10C,A,023A,4.5244,1,9,25
23,2023.06.01,1,2023.06.02,MG,10C,A,023A,4.5087,0,12,58
23,2023.06.01,1,2023.06.02,MG,10C,A,023A,4.5069,0,13,39
23,2023.06.01,1,2023.06.02,MG,10C,A,023A,4.5034,0,14,13
23,2023.06.01,1,2023.06.02,MG,10C,A,023A,4.5008,0,15,6
23,2023.06.01,1,2023.06.02,MG,10C,A,023A,4.4991,0,15,39
23,2023.06.01,1,2023.06.02,MG,10C,A,023A,4.4985,0,16,6
23,2023.06.01,1,2023.06.02,MG,10C,A,023A,4.497,0,16,29
23,2023.06.01,1,2023.06.02,MG,10C,A,023A,4.4957,0,17,2
23,2023.06.01,1,2023.06.02,MG,10C,A,023A,4.4936,0,17,30
23,2023.06.01,1,2023.06.02,MG,10C,A,023A,4.4912,0,18,16
23,2023.06.01,1,2023.06.02,MG,10C,A,023A,4.4899,0,18,50
23,2023.06.01,1,2023.06.02,MG,10C,A,023A,4.488,0,19,24
23,2023.06.01,1,2023.06.02,MG,25C,B,023B,5.1481,0,9,33
23,2023.06.01,1,2023.06.02,MG,25C,B,023B,5.111,0,12,53
23,2023.06.01,1,2023.06.02,MG,25C,B,023B,5.1031,0,13,29
23,2023.06.01,1,2023.06.02,MG,25C,B,023B,5.096,0,14,6
23,2023.06.01,1,2023.06.02,MG,25C,B,023B,5.0918,0,14,28
23,2023.06.01,1,2023.06.02,MG,25C,B,023B,5.0855,0,15,1
23,2023.06.01,1,2023.06.02,MG,25C,B,023B,5.0788,0,15,35
23,2023.06.01,1,2023.06.02,MG,25C,B,023B,5.0736,0,16,0
23,2023.06.01,1,2023.06.02,MG,25C,B,023B,5.0693,0,16,23
23,2023.06.01,1,2023.06.02,MG,25C,B,023B,5.0634,0,16,55
23,2023.06.01,1,2023.06.02,MG,25C,B,023B,5.0572,0,17,26
23,2023.06.01,1,2023.06.02,MG,25C,B,023B,5.048,0,18,12
23,2023.06.01,1,2023.06.02,MG,25C,B,023B,5.0495,0,18,46
23,2023.06.01,1,2023.06.02,MG,25C,B,023B,5.035,0,19,18
1,2023.06.01,1,2023.06.02,CC,25C,B,001B,4.1211,0,10,8
1,2023.06.01,1,2023.06.02,CC,25C,B,001B,4.1093,0,12,56
1,2023.06.01,1,2023.06.02,CC,25C,B,001B,4.1074,0,13,28
1,2023.06.01,1,2023.06.02,CC,25C,B,001B,4.105,0,14,3
1,2023.06.01,1,2023.06.02,CC,25C,B,001B,4.1035,0,14,27
1,2023.06.01,1,2023.06.02,CC,25C,B,001B,4.0987,0,14,59
1,2023.06.01,1,2023.06.02,CC,25C,B,001B,4.0977,0,15,33
1,2023.06.01,1,2023.06.02,CC,25C,B,001B,4.0959,0,15,58
1,2023.06.01,1,2023.06.02,CC,25C,B,001B,4.0942,0,16,53
1,2023.06.01,1,2023.06.02,CC,25C,B,001B,4.0915,0,17,24
1,2023.06.01,1,2023.06.02,CC,25C,B,001B,4.0888,0,18,10
1,2023.06.01,1,2023.06.02,CC,25C,B,001B,4.0865,0,18,44
1,2023.06.01,1,2023.06.02,CC,25C,B,001B,4.0846,0,19,16
1,2023.06.01,1,2023.06.02,CC,35C,C,001C,3.7697,0,10,15
1,2023.06.01,1,2023.06.02,CC,35C,C,001C,3.7584,0,12,50
1,2023.06.01,1,2023.06.02,CC,35C,C,001C,3.7559,0,13,24
1,2023.06.01,1,2023.06.02,CC,35C,C,001C,3.7532,0,13,56
1,2023.06.01,1,2023.06.02,CC,35C,C,001C,3.751,0,14,25
1,2023.06.01,1,2023.06.02,CC,35C,C,001C,3.7477,0,14,55
1,2023.06.01,1,2023.06.02,CC,35C,C,001C,3.7456,0,15,29
1,2023.06.01,1,2023.06.02,CC,35C,C,001C,3.7439,0,15,51
1,2023.06.01,1,2023.06.02,CC,35C,C,001C,3.7416,0,16,17
1,2023.06.01,1,2023.06.02,CC,35C,C,001C,3.7396,0,16,49
1,2023.06.01,1,2023.06.02,CC,35C,C,001C,3.7371,0,17,20
1,2023.06.01,1,2023.06.02,CC,35C,C,001C,3.7339,0,18,0
1,2023.06.01,1,2023.06.02,CC,35C,C,001C,3.7309,0,18,41
1,2023.06.01,1,2023.06.02,CC,35C,C,001C,3.7284,0,19,10
24,2023.06.01,1,2023.06.02,LS,35C,C,024C,3.7723,0,11,27
24,2023.06.01,1,2023.06.02,LS,35C,C,024C,3.7595,0,12,52
24,2023.06.01,1,2023.06.02,LS,35C,C,024C,3.7548,0,13,26
24,2023.06.01,1,2023.06.02,LS,35C,C,024C,3.7504,0,13,58
24,2023.06.01,1,2023.06.02,LS,35C,C,024C,3.7464,0,14,25
24,2023.06.01,1,2023.06.02,LS,35C,C,024C,3.7413,0,14,57
24,2023.06.01,1,2023.06.02,LS,35C,C,024C,3.7369,0,15,31
24,2023.06.01,1,2023.06.02,LS,35C,C,024C,3.7337,0,15,53
24,2023.06.01,1,2023.06.02,LS,35C,C,024C,3.73,0,16,19
24,2023.06.01,1,2023.06.02,LS,35C,C,024C,3.7254,0,16,51
24,2023.06.01,1,2023.06.02,LS,35C,C,024C,3.721,0,17,22
24,2023.06.01,1,2023.06.02,LS,35C,C,024C,3.715,0,18,1
24,2023.06.01,1,2023.06.02,LS,35C,C,024C,3.7088,0,18,43
24,2023.06.01,1,2023.06.02,LS,35C,C,024C,3.7045,0,19,12
24,2023.06.01,1,2023.06.02,LS,45C,D,024D,2.9483,0,11,36
24,2023.06.01,1,2023.06.02,LS,45C,D,024D,2.9343,0,12,49
24,2023.06.01,1,2023.06.02,LS,45C,D,024D,2.927,0,13,20
24,2023.06.01,1,2023.06.02,LS,45C,D,024D,2.92,0,13,51
24,2023.06.01,1,2023.06.02,LS,45C,D,024D,2.9129,0,14,21
24,2023.06.01,1,2023.06.02,LS,45C,D,024D,2.9051,0,14,52
24,2023.06.01,1,2023.06.02,LS,45C,D,024D,2.8952,0,15,21
24,2023.06.01,1,2023.06.02,LS,45C,D,024D,2.8883,0,15,49
24,2023.06.01,1,2023.06.02,LS,45C,D,024D,2.8819,0,16,15
24,2023.06.01,1,2023.06.02,LS,45C,D,024D,2.8739,0,16,48
24,2023.06.01,1,2023.06.02,LS,45C,D,024D,2.8661,0,17,19
24,2023.06.01,1,2023.06.02,LS,45C,D,024D,2.856,0,17,57
24,2023.06.01,1,2023.06.02,LS,45C,D,024D,2.846,0,18,39
24,2023.06.01,1,2023.06.02,LS,45C,D,024D,2.8393,0,19,8
7,2023.06.01,1,2023.06.02,TD,35C,C,007C,5.3222,0,10,44
7,2023.06.01,1,2023.06.02,TD,35C,C,007C,5.2909,0,12,51
7,2023.06.01,1,2023.06.02,TD,35C,C,007C,5.2838,0,13,24
7,2023.06.01,1,2023.06.02,TD,35C,C,007C,5.2773,0,13,57
7,2023.06.01,1,2023.06.02,TD,35C,C,007C,5.2722,0,14,23
7,2023.06.01,1,2023.06.02,TD,35C,C,007C,5.265,0,14,55
7,2023.06.01,1,2023.06.02,TD,35C,C,007C,5.2591,0,15,30
7,2023.06.01,1,2023.06.02,TD,35C,C,007C,5.2552,0,15,52
7,2023.06.01,1,2023.06.02,TD,35C,C,007C,5.2502,0,16,17
7,2023.06.01,1,2023.06.02,TD,35C,C,007C,5.2443,0,16,50
7,2023.06.01,1,2023.06.02,TD,35C,C,007C,5.2387,0,17,21
7,2023.06.01,1,2023.06.02,TD,35C,C,007C,5.2313,0,18,0
7,2023.06.01,1,2023.06.02,TD,35C,C,007C,5.2239,0,18,42
7,2023.06.01,1,2023.06.02,TD,35C,C,007C,5.2183,0,19,11
7,2023.06.01,1,2023.06.02,TD,45C,D,007D,1.6851,0,10,55
7,2023.06.01,1,2023.06.02,TD,45C,D,007D,1.6617,0,12,47
7,2023.06.01,1,2023.06.02,TD,45C,D,007D,1.6528,0,13,19
7,2023.06.01,1,2023.06.02,TD,45C,D,007D,1.6443,0,13,49
7,2023.06.01,1,2023.06.02,TD,45C,D,007D,1.6361,0,14,19
7,2023.06.01,1,2023.06.02,TD,45C,D,007D,1.6273,0,14,50
7,2023.06.01,1,2023.06.02,TD,45C,D,007D,1.6155,0,15,18
7,2023.06.01,1,2023.06.02,TD,45C,D,007D,1.6086,0,15,47
7,2023.06.01,1,2023.06.02,TD,45C,D,007D,1.6013,0,16,14
7,2023.06.01,1,2023.06.02,TD,45C,D,007D,1.5926,0,16,46
7,2023.06.01,1,2023.06.02,TD,45C,D,007D,1.5842,0,17,17
7,2023.06.01,1,2023.06.02,TD,45C,D,007D,1.5738,0,17,56
7,2023.06.01,1,2023.06.02,TD,45C,D,007D,1.5621,0,18,38
7,2023.06.01,1,2023.06.02,TD,45C,D,007D,1.555,0,19,6
16,2023.06.01,1,2023.06.02,PE,35C,C,016C,4.5767,1,11,41
16,2023.06.01,1,2023.06.02,PE,35C,C,016C,4.5443,0,12,51
16,2023.06.01,1,2023.06.02,PE,35C,C,016C,4.5377,0,13,25
16,2023.06.01,1,2023.06.02,PE,35C,C,016C,4.5316,0,13,57
16,2023.06.01,1,2023.06.02,PE,35C,C,016C,4.5263,0,14,24
16,2023.06.01,1,2023.06.02,PE,35C,C,016C,4.519,0,14,56
16,2023.06.01,1,2023.06.02,PE,35C,C,016C,4.5138,0,15,30
16,2023.06.01,1,2023.06.02,PE,35C,C,016C,4.5107,0,15,52
16,2023.06.01,1,2023.06.02,PE,35C,C,016C,4.5056,0,16,18
16,2023.06.01,1,2023.06.02,PE,35C,C,016C,4.4998,0,16,50
16,2023.06.01,1,2023.06.02,PE,35C,C,016C,4.4946,0,17,21
16,2023.06.01,1,2023.06.02,PE,35C,C,016C,4.4879,0,18,1
16,2023.06.01,1,2023.06.02,PE,35C,C,016C,4.4805,0,18,42
16,2023.06.01,1,2023.06.02,PE,35C,C,016C,4.4754,0,19,11
16,2023.06.01,1,2023.06.02,PE,45C,D,016D,4.0633,0,11,47
16,2023.06.01,1,2023.06.02,PE,45C,D,016D,4.0181,0,12,48
16,2023.06.01,1,2023.06.02,PE,45C,D,016D,4.0035,0,13,19
16,2023.06.01,1,2023.06.02,PE,45C,D,016D,3.9894,0,13,50
16,2023.06.01,1,2023.06.02,PE,45C,D,016D,3.9771,0,14,20
16,2023.06.01,1,2023.06.02,PE,45C,D,016D,3.963,0,14,50
16,2023.06.01,1,2023.06.02,PE,45C,D,016D,3.9443,0,15,19
16,2023.06.01,1,2023.06.02,PE,45C,D,016D,3.9332,0,15,47
16,2023.06.01,1,2023.06.02,PE,45C,D,016D,3.9235,0,16,14
16,2023.06.01,1,2023.06.02,PE,45C,D,016D,3.9109,0,16,47
16,2023.06.01,1,2023.06.02,PE,45C,D,016D,3.8981,0,17,18
16,2023.06.01,1,2023.06.02,PE,45C,D,016D,3.8824,0,17,56
16,2023.06.01,1,2023.06.02,PE,45C,D,016D,3.8655,0,18,38
16,2023.06.01,1,2023.06.02,PE,45C,D,016D,3.8557,0,19,7
23,2023.06.01,1,2023.06.02,MG,35C,C,023C,4.4111,0,9,40
23,2023.06.01,1,2023.06.02,MG,35C,C,023C,4.3737,0,12,52
23,2023.06.01,1,2023.06.02,MG,35C,C,023C,4.3672,0,13,25
23,2023.06.01,1,2023.06.02,MG,35C,C,023C,4.3615,0,13,58
23,2023.06.01,1,2023.06.02,MG,35C,C,023C,4.3568,0,14,24
23,2023.06.01,1,2023.06.02,MG,35C,C,023C,4.3522,0,14,56
23,2023.06.01,1,2023.06.02,MG,35C,C,023C,4.3454,0,15,31
23,2023.06.01,1,2023.06.02,MG,35C,C,023C,4.3417,0,15,53
23,2023.06.01,1,2023.06.02,MG,35C,C,023C,4.3371,0,16,18
23,2023.06.01,1,2023.06.02,MG,35C,C,023C,4.3264,0,16,51
23,2023.06.01,1,2023.06.02,MG,35C,C,023C,4.3192,0,18,1
23,2023.06.01,1,2023.06.02,MG,35C,C,023C,4.3124,0,18,43
23,2023.06.01,1,2023.06.02,MG,35C,C,023C,4.307,0,19,12
23,2023.06.01,1,2023.06.02,MG,45C,D,023D,5.6326,0,9,56
23,2023.06.01,1,2023.06.02,MG,45C,D,023D,5.5865,0,12,48
23,2023.06.01,1,2023.06.02,MG,45C,D,023D,5.5761,0,13,20
23,2023.06.01,1,2023.06.02,MG,45C,D,023D,5.5652,0,13,50
23,2023.06.01,1,2023.06.02,MG,45C,D,023D,5.5558,0,14,20
23,2023.06.01,1,2023.06.02,MG,45C,D,023D,5.5451,0,14,51
23,2023.06.01,1,2023.06.02,MG,45C,D,023D,5.5319,0,15,20
23,2023.06.01,1,2023.06.02,MG,45C,D,023D,5.5225,0,15,47
23,2023.06.01,1,2023.06.02,MG,45C,D,023D,5.5143,0,16,15
23,2023.06.01,1,2023.06.02,MG,45C,D,023D,5.5034,0,16,47
23,2023.06.01,1,2023.06.02,MG,45C,D,023D,5.4936,0,17,18
23,2023.06.01,1,2023.06.02,MG,45C,D,023D,5.4813,0,17,57
23,2023.06.01,1,2023.06.02,MG,45C,D,023D,5.4677,0,18,39
23,2023.06.01,1,2023.06.02,MG,45C,D,023D,5.4601,0,19,7
1,2023.06.01,1,2023.06.02,CC,45C,D,001D,4.2118,0,10,21
1,2023.06.01,1,2023.06.02,CC,45C,D,001D,4.1963,0,12,47
1,2023.06.01,1,2023.06.02,CC,45C,D,001D,4.1908,0,13,18
1,2023.06.01,1,2023.06.02,CC,45C,D,001D,4.1858,0,13,49
1,2023.06.01,1,2023.06.02,CC,45C,D,001D,4.1812,0,14,19
1,2023.06.01,1,2023.06.02,CC,45C,D,001D,4.1762,0,14,49
1,2023.06.01,1,2023.06.02,CC,45C,D,001D,4.1696,0,15,18
1,2023.06.01,1,2023.06.02,CC,45C,D,001D,4.1657,0,15,46
1,2023.06.01,1,2023.06.02,CC,45C,D,001D,4.162,0,16,12
1,2023.06.01,1,2023.06.02,CC,45C,D,001D,4.1575,0,16,46
1,2023.06.01,1,2023.06.02,CC,45C,D,001D,4.1525,0,17,16
1,2023.06.01,1,2023.06.02,CC,45C,D,001D,4.1468,0,17,55
1,2023.06.01,1,2023.06.02,CC,45C,D,001D,4.1405,0,18,37
1,2023.06.01,1,2023.06.02,CC,45C,D,001D,4.137,0,19,5
1,2023.06.01,1,2023.06.02,CC,55C,E,001E,4.4597,0,12,35
1,2023.06.01,1,2023.06.02,CC,55C,E,001E,4.4521,0,13,3
1,2023.06.01,1,2023.06.02,CC,55C,E,001E,4.4376,0,13,44
1,2023.06.01,1,2023.06.02,CC,55C,E,001E,4.4282,0,14,15
1,2023.06.01,1,2023.06.02,CC,55C,E,001E,4.4199,0,14,40
1,2023.06.01,1,2023.06.02,CC,55C,E,001E,4.4113,0,15,11
1,2023.06.01,1,2023.06.02,CC,55C,E,001E,4.4022,0,15,42
1,2023.06.01,1,2023.06.02,CC,55C,E,001E,4.3949,0,16,7
1,2023.06.01,1,2023.06.02,CC,55C,E,001E,4.3852,0,16,41
1,2023.06.01,1,2023.06.02,CC,55C,E,001E,4.3758,0,17,13
1,2023.06.01,1,2023.06.02,CC,55C,E,001E,4.3645,0,17,50
1,2023.06.01,1,2023.06.02,CC,55C,E,001E,4.353,0,18,31
1,2023.06.01,1,2023.06.02,CC,55C,E,001E,4.3461,0,18,56
7,2023.06.01,1,2023.06.02,TD,55C,E,007E,3.0899,0,12,36
7,2023.06.01,1,2023.06.02,TD,55C,E,007E,3.0747,0,13,3
7,2023.06.01,1,2023.06.02,TD,55C,E,007E,3.0425,0,13,45
7,2023.06.01,1,2023.06.02,TD,55C,E,007E,3.0192,0,14,16
7,2023.06.01,1,2023.06.02,TD,55C,E,007E,3.0006,0,14,41
7,2023.06.01,1,2023.06.02,TD,55C,E,007E,2.9808,0,15,11
7,2023.06.01,1,2023.06.02,TD,55C,E,007E,2.9596,0,15,42
7,2023.06.01,1,2023.06.02,TD,55C,E,007E,2.9418,0,16,8
7,2023.06.01,1,2023.06.02,TD,55C,E,007E,2.9174,0,16,42
7,2023.06.01,1,2023.06.02,TD,55C,E,007E,2.8952,0,17,13
7,2023.06.01,1,2023.06.02,TD,55C,E,007E,2.8684,0,17,51
7,2023.06.01,1,2023.06.02,TD,55C,E,007E,2.8398,0,18,32
7,2023.06.01,1,2023.06.02,TD,55C,E,007E,2.8231,0,18,57
24,2023.06.01,1,2023.06.02,LS,55C,E,024E,2.8715,0,12,38
24,2023.06.01,1,2023.06.02,LS,55C,E,024E,2.8535,0,13,4
24,2023.06.01,1,2023.06.02,LS,55C,E,024E,2.8087,0,13,46
24,2023.06.01,1,2023.06.02,LS,55C,E,024E,2.7782,0,14,17
24,2023.06.01,1,2023.06.02,LS,55C,E,024E,2.7543,0,14,44
24,2023.06.01,1,2023.06.02,LS,55C,E,024E,2.7278,0,15,12
24,2023.06.01,1,2023.06.02,LS,55C,E,024E,2.7021,0,15,44
24,2023.06.01,1,2023.06.02,LS,55C,E,024E,2.6798,0,16,8
24,2023.06.01,1,2023.06.02,LS,55C,E,024E,2.6501,0,16,42
24,2023.06.01,1,2023.06.02,LS,55C,E,024E,2.623,0,17,14
24,2023.06.01,1,2023.06.02,LS,55C,E,024E,2.5906,0,17,51
24,2023.06.01,1,2023.06.02,LS,55C,E,024E,2.5561,0,18,32
24,2023.06.01,1,2023.06.02,LS,55C,E,024E,2.5358,0,18,59
16,2023.06.01,1,2023.06.02,PE,55C,E,016E,8.0869,0,12,39
16,2023.06.01,1,2023.06.02,PE,55C,E,016E,8.0659,0,13,4
16,2023.06.01,1,2023.06.02,PE,55C,E,016E,8.0112,0,13,44
16,2023.06.01,1,2023.06.02,PE,55C,E,016E,7.9729,0,14,15
16,2023.06.01,1,2023.06.02,PE,55C,E,016E,7.9433,0,14,43
16,2023.06.01,1,2023.06.02,PE,55C,E,016E,7.9109,0,15,13
16,2023.06.01,1,2023.06.02,PE,55C,E,016E,7.8751,0,15,43
16,2023.06.01,1,2023.06.02,PE,55C,E,016E,7.8475,0,16,9
16,2023.06.01,1,2023.06.02,PE,55C,E,016E,7.8105,0,16,43
16,2023.06.01,1,2023.06.02,PE,55C,E,016E,7.7751,0,17,14
16,2023.06.01,1,2023.06.02,PE,55C,E,016E,7.7323,0,17,51
16,2023.06.01,1,2023.06.02,PE,55C,E,016E,7.6876,0,18,33
16,2023.06.01,1,2023.06.02,PE,55C,E,016E,7.6615,0,18,57
14,2023.06.06,2,2023.06.07,CC,45C,D,014D,5.2083,0,8,27
14,2023.06.06,2,2023.06.07,CC,45C,D,014D,5.1794,0,10,39
14,2023.06.06,2,2023.06.07,CC,45C,D,014D,5.1671,0,11,8
14,2023.06.06,2,2023.06.07,CC,45C,D,014D,5.1475,0,11,37
14,2023.06.06,2,2023.06.07,CC,45C,D,014D,5.1368,0,12,1
14,2023.06.06,2,2023.06.07,CC,45C,D,014D,5.1246,0,12,31
14,2023.06.06,2,2023.06.07,CC,45C,D,014D,5.1083,0,13,9
14,2023.06.06,2,2023.06.07,CC,45C,D,014D,5.0955,0,13,42
14,2023.06.06,2,2023.06.07,CC,45C,D,014D,5.0826,0,14,15
14,2023.06.06,2,2023.06.07,CC,45C,D,014D,5.0706,0,14,44
14,2023.06.06,2,2023.06.07,CC,45C,D,014D,5.0579,0,15,17
14,2023.06.06,2,2023.06.07,CC,45C,D,014D,5.0431,0,15,53
14,2023.06.06,2,2023.06.07,CC,45C,D,014D,5.0299,0,16,26
14,2023.06.06,2,2023.06.07,CC,45C,D,014D,5.0158,0,17,1
14,2023.06.06,2,2023.06.07,CC,45C,D,014D,5.0052,0,17,32
14,2023.06.06,2,2023.06.07,CC,35C,C,014C,2.3968,0,8,18
14,2023.06.06,2,2023.06.07,CC,35C,C,014C,2.3869,0,10,43
14,2023.06.06,2,2023.06.07,CC,35C,C,014C,2.3839,0,11,12
14,2023.06.06,2,2023.06.07,CC,35C,C,014C,2.3809,0,11,41
14,2023.06.06,2,2023.06.07,CC,35C,C,014C,2.3785,0,12,4
14,2023.06.06,2,2023.06.07,CC,35C,C,014C,2.3755,0,12,34
14,2023.06.06,2,2023.06.07,CC,35C,C,014C,2.3715,0,13,12
14,2023.06.06,2,2023.06.07,CC,35C,C,014C,2.3683,0,13,45
14,2023.06.06,2,2023.06.07,CC,35C,C,014C,2.3653,0,14,18
14,2023.06.06,2,2023.06.07,CC,35C,C,014C,2.3625,0,14,48
14,2023.06.06,2,2023.06.07,CC,35C,C,014C,2.3589,0,15,20
14,2023.06.06,2,2023.06.07,CC,35C,C,014C,2.3558,0,15,56
14,2023.06.06,2,2023.06.07,CC,35C,C,014C,2.351,0,16,43
14,2023.06.06,2,2023.06.07,CC,35C,C,014C,2.3491,0,17,5
14,2023.06.06,2,2023.06.07,CC,35C,C,014C,2.3463,0,17,35
9,2023.06.06,2,2023.06.07,TD,45C,D,009D,1.8322,0,9,6
9,2023.06.06,2,2023.06.07,TD,45C,D,009D,1.807,0,10,38
9,2023.06.06,2,2023.06.07,TD,45C,D,009D,1.7966,0,11,8
9,2023.06.06,2,2023.06.07,TD,45C,D,009D,1.7802,0,11,36
9,2023.06.06,2,2023.06.07,TD,45C,D,009D,1.7715,0,12,0
9,2023.06.06,2,2023.06.07,TD,45C,D,009D,1.7612,0,12,31
9,2023.06.06,2,2023.06.07,TD,45C,D,009D,1.7482,0,13,8
9,2023.06.06,2,2023.06.07,TD,45C,D,009D,1.7377,0,13,42
9,2023.06.06,2,2023.06.07,TD,45C,D,009D,1.7264,0,14,14
9,2023.06.06,2,2023.06.07,TD,45C,D,009D,1.7164,0,14,44
9,2023.06.06,2,2023.06.07,TD,45C,D,009D,1.7052,0,15,16
9,2023.06.06,2,2023.06.07,TD,45C,D,009D,1.6927,0,15,53
9,2023.06.06,2,2023.06.07,TD,45C,D,009D,1.6814,0,16,26
9,2023.06.06,2,2023.06.07,TD,45C,D,009D,1.6692,0,17,1
9,2023.06.06,2,2023.06.07,TD,45C,D,009D,1.6595,0,17,31
9,2023.06.06,2,2023.06.07,TD,35C,C,009C,1.3783,0,9,1
9,2023.06.06,2,2023.06.07,TD,35C,C,009C,1.3678,0,10,42
9,2023.06.06,2,2023.06.07,TD,35C,C,009C,1.3628,0,11,11
9,2023.06.06,2,2023.06.07,TD,35C,C,009C,1.3585,0,11,40
9,2023.06.06,2,2023.06.07,TD,35C,C,009C,1.3551,0,12,4
9,2023.06.06,2,2023.06.07,TD,35C,C,009C,1.3506,0,12,34
9,2023.06.06,2,2023.06.07,TD,35C,C,009C,1.3452,0,13,11
9,2023.06.06,2,2023.06.07,TD,35C,C,009C,1.3402,0,13,45
9,2023.06.06,2,2023.06.07,TD,35C,C,009C,1.3358,0,14,18
9,2023.06.06,2,2023.06.07,TD,35C,C,009C,1.3313,0,14,47
9,2023.06.06,2,2023.06.07,TD,35C,C,009C,1.3263,0,15,19
9,2023.06.06,2,2023.06.07,TD,35C,C,009C,1.3215,0,15,56
9,2023.06.06,2,2023.06.07,TD,35C,C,009C,1.3151,0,16,42
9,2023.06.06,2,2023.06.07,TD,35C,C,009C,1.3116,0,17,4
9,2023.06.06,2,2023.06.07,TD,35C,C,009C,1.3078,0,17,34
8,2023.06.06,2,2023.06.07,MG,45C,D,008D,4.3142,0,8,6
8,2023.06.06,2,2023.06.07,MG,45C,D,008D,4.2449,0,10,38
8,2023.06.06,2,2023.06.07,MG,45C,D,008D,4.2286,0,11,7
8,2023.06.06,2,2023.06.07,MG,45C,D,008D,4.1827,0,11,36
8,2023.06.06,2,2023.06.07,MG,45C,D,008D,4.164,0,12,0
8,2023.06.06,2,2023.06.07,MG,45C,D,008D,4.1423,0,12,30
8,2023.06.06,2,2023.06.07,MG,45C,D,008D,4.114,0,13,8
8,2023.06.06,2,2023.06.07,MG,45C,D,008D,4.0918,0,13,41
8,2023.06.06,2,2023.06.07,MG,45C,D,008D,4.0688,0,14,14
8,2023.06.06,2,2023.06.07,MG,45C,D,008D,4.0492,0,14,43
8,2023.06.06,2,2023.06.07,MG,45C,D,008D,4.0274,0,15,16
8,2023.06.06,2,2023.06.07,MG,45C,D,008D,4.0019,0,15,53
8,2023.06.06,2,2023.06.07,MG,45C,D,008D,3.9806,0,16,25
8,2023.06.06,2,2023.06.07,MG,45C,D,008D,3.9576,0,17,0
8,2023.06.06,2,2023.06.07,MG,45C,D,008D,3.9388,0,17,31
8,2023.06.06,2,2023.06.07,MG,35C,C,008C,5.0812,0,7,58
8,2023.06.06,2,2023.06.07,MG,35C,C,008C,5.0456,0,10,41
8,2023.06.06,2,2023.06.07,MG,35C,C,008C,5.0362,0,11,11
8,2023.06.06,2,2023.06.07,MG,35C,C,008C,5.0276,0,11,39
8,2023.06.06,2,2023.06.07,MG,35C,C,008C,5.0207,0,12,3
8,2023.06.06,2,2023.06.07,MG,35C,C,008C,5.0118,0,12,33
8,2023.06.06,2,2023.06.07,MG,35C,C,008C,5.0006,0,13,11
8,2023.06.06,2,2023.06.07,MG,35C,C,008C,4.9911,0,13,45
8,2023.06.06,2,2023.06.07,MG,35C,C,008C,4.9817,0,14,17
8,2023.06.06,2,2023.06.07,MG,35C,C,008C,4.9733,0,14,47
8,2023.06.06,2,2023.06.07,MG,35C,C,008C,4.9643,0,15,19
8,2023.06.06,2,2023.06.07,MG,35C,C,008C,4.9542,0,15,55
8,2023.06.06,2,2023.06.07,MG,35C,C,008C,4.9406,0,16,42
8,2023.06.06,2,2023.06.07,MG,35C,C,008C,4.9352,0,17,4
8,2023.06.06,2,2023.06.07,MG,35C,C,008C,4.9272,0,17,34
14,2023.06.06,2,2023.06.07,CC,25C,B,014B,2.9813,0,8,29
14,2023.06.06,2,2023.06.07,CC,25C,B,014B,2.974,0,10,46
14,2023.06.06,2,2023.06.07,CC,25C,B,014B,2.9723,0,11,16
14,2023.06.06,2,2023.06.07,CC,25C,B,014B,2.9708,0,11,45
14,2023.06.06,2,2023.06.07,CC,25C,B,014B,2.9689,0,12,8
14,2023.06.06,2,2023.06.07,CC,25C,B,014B,2.9676,0,12,37
14,2023.06.06,2,2023.06.07,CC,25C,B,014B,2.9657,0,13,14
14,2023.06.06,2,2023.06.07,CC,25C,B,014B,2.9636,0,13,49
14,2023.06.06,2,2023.06.07,CC,25C,B,014B,2.9615,0,14,22
14,2023.06.06,2,2023.06.07,CC,25C,B,014B,2.96,0,14,52
14,2023.06.06,2,2023.06.07,CC,25C,B,014B,2.9583,0,15,23
14,2023.06.06,2,2023.06.07,CC,25C,B,014B,2.9562,0,16,0
14,2023.06.06,2,2023.06.07,CC,25C,B,014B,2.9535,0,16,46
14,2023.06.06,2,2023.06.07,CC,25C,B,014B,2.952,0,17,15
14,2023.06.06,2,2023.06.07,CC,25C,B,014B,2.9503,0,17,38
14,2023.06.06,2,2023.06.07,CC,10C,A,014A,5.5796,1,8,15
14,2023.06.06,2,2023.06.07,CC,10C,A,014A,5.5757,0,10,50
14,2023.06.06,2,2023.06.07,CC,10C,A,014A,5.5734,0,11,19
14,2023.06.06,2,2023.06.07,CC,10C,A,014A,5.5713,0,11,48
14,2023.06.06,2,2023.06.07,CC,10C,A,014A,5.5707,0,12,12
14,2023.06.06,2,2023.06.07,CC,10C,A,014A,5.5677,0,12,41
14,2023.06.06,2,2023.06.07,CC,10C,A,014A,5.5655,0,13,20
14,2023.06.06,2,2023.06.07,CC,10C,A,014A,5.5646,0,13,54
14,2023.06.06,2,2023.06.07,CC,10C,A,014A,5.5613,0,14,25
14,2023.06.06,2,2023.06.07,CC,10C,A,014A,5.559,0,14,57
14,2023.06.06,2,2023.06.07,CC,10C,A,014A,5.5583,0,15,27
14,2023.06.06,2,2023.06.07,CC,10C,A,014A,5.5555,0,16,2
14,2023.06.06,2,2023.06.07,CC,10C,A,014A,5.5532,0,16,49
14,2023.06.06,2,2023.06.07,CC,10C,A,014A,5.5509,0,17,18
14,2023.06.06,2,2023.06.07,CC,10C,A,014A,5.5483,0,17,41
9,2023.06.06,2,2023.06.07,TD,25C,B,009B,2.7012,0,8,47
9,2023.06.06,2,2023.06.07,TD,25C,B,009B,2.6889,0,10,46
9,2023.06.06,2,2023.06.07,TD,25C,B,009B,2.6858,0,11,15
9,2023.06.06,2,2023.06.07,TD,25C,B,009B,2.6832,0,11,44
9,2023.06.06,2,2023.06.07,TD,25C,B,009B,2.6808,0,12,7
9,2023.06.06,2,2023.06.07,TD,25C,B,009B,2.6783,0,12,37
9,2023.06.06,2,2023.06.07,TD,25C,B,009B,2.675,0,13,14
9,2023.06.06,2,2023.06.07,TD,25C,B,009B,2.6714,0,13,49
9,2023.06.06,2,2023.06.07,TD,25C,B,009B,2.6685,0,14,21
9,2023.06.06,2,2023.06.07,TD,25C,B,009B,2.6659,0,14,51
9,2023.06.06,2,2023.06.07,TD,25C,B,009B,2.6625,0,15,23
9,2023.06.06,2,2023.06.07,TD,25C,B,009B,2.659,0,15,59
9,2023.06.06,2,2023.06.07,TD,25C,B,009B,2.6547,0,16,45
9,2023.06.06,2,2023.06.07,TD,25C,B,009B,2.6518,0,17,14
9,2023.06.06,2,2023.06.07,TD,25C,B,009B,2.6496,0,17,37
9,2023.06.06,2,2023.06.07,TD,10C,A,009A,3.2895,0,8,37
9,2023.06.06,2,2023.06.07,TD,10C,A,009A,3.2815,0,10,49
9,2023.06.06,2,2023.06.07,TD,10C,A,009A,3.2794,0,11,19
9,2023.06.06,2,2023.06.07,TD,10C,A,009A,3.2772,0,11,48
9,2023.06.06,2,2023.06.07,TD,10C,A,009A,3.2771,0,12,11
9,2023.06.06,2,2023.06.07,TD,10C,A,009A,3.2744,0,12,40
9,2023.06.06,2,2023.06.07,TD,10C,A,009A,3.2731,0,13,20
9,2023.06.06,2,2023.06.07,TD,10C,A,009A,3.2716,0,13,53
9,2023.06.06,2,2023.06.07,TD,10C,A,009A,3.2682,0,14,24
9,2023.06.06,2,2023.06.07,TD,10C,A,009A,3.2655,0,14,56
9,2023.06.06,2,2023.06.07,TD,10C,A,009A,3.2644,0,15,26
9,2023.06.06,2,2023.06.07,TD,10C,A,009A,3.2624,0,16,2
9,2023.06.06,2,2023.06.07,TD,10C,A,009A,3.2602,0,16,49
9,2023.06.06,2,2023.06.07,TD,10C,A,009A,3.2578,0,17,17
9,2023.06.06,2,2023.06.07,TD,10C,A,009A,3.2562,0,17,41
8,2023.06.06,2,2023.06.07,MG,25C,B,008B,4.2396,0,8,7
8,2023.06.06,2,2023.06.07,MG,25C,B,008B,4.2222,0,10,45
8,2023.06.06,2,2023.06.07,MG,25C,B,008B,4.2186,0,11,14
8,2023.06.06,2,2023.06.07,MG,25C,B,008B,4.2154,0,11,44
8,2023.06.06,2,2023.06.07,MG,25C,B,008B,4.2126,0,12,7
8,2023.06.06,2,2023.06.07,MG,25C,B,008B,4.2092,0,12,36
8,2023.06.06,2,2023.06.07,MG,25C,B,008B,4.205,0,13,14
8,2023.06.06,2,2023.06.07,MG,25C,B,008B,4.201,0,13,48
8,2023.06.06,2,2023.06.07,MG,25C,B,008B,4.1977,0,14,20
8,2023.06.06,2,2023.06.07,MG,25C,B,008B,4.194,0,14,50
8,2023.06.06,2,2023.06.07,MG,25C,B,008B,4.1903,0,15,22
8,2023.06.06,2,2023.06.07,MG,25C,B,008B,4.1858,0,15,59
8,2023.06.06,2,2023.06.07,MG,25C,B,008B,4.181,0,16,45
8,2023.06.06,2,2023.06.07,MG,25C,B,008B,4.1779,0,17,13
8,2023.06.06,2,2023.06.07,MG,25C,B,008B,4.1748,0,17,37
8,2023.06.06,2,2023.06.07,MG,10C,A,008A,3.0763,0,7,54
8,2023.06.06,2,2023.06.07,MG,10C,A,008A,3.0594,0,10,49
8,2023.06.06,2,2023.06.07,MG,10C,A,008A,3.0563,0,11,18
8,2023.06.06,2,2023.06.07,MG,10C,A,008A,3.0532,0,11,47
8,2023.06.06,2,2023.06.07,MG,10C,A,008A,3.0509,0,12,10
8,2023.06.06,2,2023.06.07,MG,10C,A,008A,3.0477,0,12,39
8,2023.06.06,2,2023.06.07,MG,10C,A,008A,3.0457,0,13,19
8,2023.06.06,2,2023.06.07,MG,10C,A,008A,3.0423,0,13,53
8,2023.06.06,2,2023.06.07,MG,10C,A,008A,3.038,0,14,24
8,2023.06.06,2,2023.06.07,MG,10C,A,008A,3.0334,0,14,56
8,2023.06.06,2,2023.06.07,MG,10C,A,008A,3.0316,0,15,25
8,2023.06.06,2,2023.06.07,MG,10C,A,008A,3.0271,0,16,1
8,2023.06.06,2,2023.06.07,MG,10C,A,008A,3.0226,0,16,48
8,2023.06.06,2,2023.06.07,MG,10C,A,008A,3.0195,0,17,17
8,2023.06.06,2,2023.06.07,MG,10C,A,008A,3.0174,0,17,40
8,2023.06.06,2,2023.06.07,MG,55C,E,008E,5.0994,1,7,50
8,2023.06.06,2,2023.06.07,MG,55C,E,008E,5.0487,0,10,34
8,2023.06.06,2,2023.06.07,MG,55C,E,008E,5.0194,0,11,3
8,2023.06.06,2,2023.06.07,MG,55C,E,008E,4.9932,0,11,32
8,2023.06.06,2,2023.06.07,MG,55C,E,008E,4.9724,0,11,57
8,2023.06.06,2,2023.06.07,MG,55C,E,008E,4.9465,0,12,27
8,2023.06.06,2,2023.06.07,MG,55C,E,008E,4.9158,0,13,5
8,2023.06.06,2,2023.06.07,MG,55C,E,008E,4.8918,0,13,38
8,2023.06.06,2,2023.06.07,MG,55C,E,008E,4.8696,0,14,11
8,2023.06.06,2,2023.06.07,MG,55C,E,008E,4.8505,0,14,40
8,2023.06.06,2,2023.06.07,MG,55C,E,008E,4.8293,0,15,13
8,2023.06.06,2,2023.06.07,MG,55C,E,008E,4.8062,0,15,49
8,2023.06.06,2,2023.06.07,MG,55C,E,008E,4.7864,0,16,22
8,2023.06.06,2,2023.06.07,MG,55C,E,008E,4.7655,0,16,57
8,2023.06.06,2,2023.06.07,MG,55C,E,008E,4.7492,0,17,26
9,2023.06.06,2,2023.06.07,TD,55C,E,009E,5.1874,0,8,47
9,2023.06.06,2,2023.06.07,TD,55C,E,009E,5.1369,0,10,35
9,2023.06.06,2,2023.06.07,TD,55C,E,009E,5.1122,0,11,4
9,2023.06.06,2,2023.06.07,TD,55C,E,009E,5.0894,0,11,33
9,2023.06.06,2,2023.06.07,TD,55C,E,009E,5.0709,0,11,57
9,2023.06.06,2,2023.06.07,TD,55C,E,009E,5.046,0,12,28
9,2023.06.06,2,2023.06.07,TD,55C,E,009E,5.0142,0,13,5
9,2023.06.06,2,2023.06.07,TD,55C,E,009E,4.987,0,13,38
9,2023.06.06,2,2023.06.07,TD,55C,E,009E,4.9605,0,14,11
9,2023.06.06,2,2023.06.07,TD,55C,E,009E,4.9365,0,14,41
9,2023.06.06,2,2023.06.07,TD,55C,E,009E,4.9096,0,15,14
9,2023.06.06,2,2023.06.07,TD,55C,E,009E,4.8799,0,15,50
9,2023.06.06,2,2023.06.07,TD,55C,E,009E,4.8541,0,16,22
9,2023.06.06,2,2023.06.07,TD,55C,E,009E,4.8255,0,16,57
9,2023.06.06,2,2023.06.07,TD,55C,E,009E,4.8027,0,17,26
14,2023.06.06,2,2023.06.07,CC,55C,E,014E,4.3879,0,8,37
14,2023.06.06,2,2023.06.07,CC,55C,E,014E,4.3645,0,10,35
14,2023.06.06,2,2023.06.07,CC,55C,E,014E,4.3506,0,11,4
14,2023.06.06,2,2023.06.07,CC,55C,E,014E,4.3372,0,11,33
14,2023.06.06,2,2023.06.07,CC,55C,E,014E,4.3267,0,11,58
14,2023.06.06,2,2023.06.07,CC,55C,E,014E,4.3127,0,12,28
14,2023.06.06,2,2023.06.07,CC,55C,E,014E,4.2953,0,13,6
14,2023.06.06,2,2023.06.07,CC,55C,E,014E,4.2805,0,13,39
14,2023.06.06,2,2023.06.07,CC,55C,E,014E,4.2662,0,14,11
14,2023.06.06,2,2023.06.07,CC,55C,E,014E,4.2538,0,14,41
14,2023.06.06,2,2023.06.07,CC,55C,E,014E,4.2394,0,15,14
14,2023.06.06,2,2023.06.07,CC,55C,E,014E,4.2237,0,15,50
14,2023.06.06,2,2023.06.07,CC,55C,E,014E,4.2105,0,16,23
14,2023.06.06,2,2023.06.07,CC,55C,E,014E,4.1966,0,16,58
14,2023.06.06,2,2023.06.07,CC,55C,E,014E,4.1848,0,17,27
21,2023.06.06,2,2023.06.07,LS,55C,E,021E,4.5211,0,9,56
21,2023.06.06,2,2023.06.07,LS,55C,E,021E,4.4716,0,10,36
21,2023.06.06,2,2023.06.07,LS,55C,E,021E,4.424,0,11,6
21,2023.06.06,2,2023.06.07,LS,55C,E,021E,4.3795,0,11,34
21,2023.06.06,2,2023.06.07,LS,55C,E,021E,4.3436,0,11,59
21,2023.06.06,2,2023.06.07,LS,55C,E,021E,4.2984,0,12,29
21,2023.06.06,2,2023.06.07,LS,55C,E,021E,4.2439,0,13,7
21,2023.06.06,2,2023.06.07,LS,55C,E,021E,4.1975,0,13,39
21,2023.06.06,2,2023.06.07,LS,55C,E,021E,4.1534,0,14,13
21,2023.06.06,2,2023.06.07,LS,55C,E,021E,4.1139,0,14,42
21,2023.06.06,2,2023.06.07,LS,55C,E,021E,4.0696,0,15,15
21,2023.06.06,2,2023.06.07,LS,55C,E,021E,4.0214,0,15,51
21,2023.06.06,2,2023.06.07,LS,55C,E,021E,3.9792,0,16,24
21,2023.06.06,2,2023.06.07,LS,55C,E,021E,3.9351,0,16,59
21,2023.06.06,2,2023.06.07,LS,55C,E,021E,3.8998,0,17,28
21,2023.06.06,2,2023.06.07,LS,25C,B,021B,3.569,0,9,36
21,2023.06.06,2,2023.06.07,LS,25C,B,021B,3.5587,0,10,48
21,2023.06.06,2,2023.06.07,LS,25C,B,021B,3.5542,0,11,17
21,2023.06.06,2,2023.06.07,LS,25C,B,021B,3.55,0,11,46
21,2023.06.06,2,2023.06.07,LS,25C,B,021B,3.5468,0,12,9
21,2023.06.06,2,2023.06.07,LS,25C,B,021B,3.5422,0,12,38
21,2023.06.06,2,2023.06.07,LS,25C,B,021B,3.5367,0,13,15
21,2023.06.06,2,2023.06.07,LS,25C,B,021B,3.5315,0,13,50
21,2023.06.06,2,2023.06.07,LS,25C,B,021B,3.5263,0,14,23
21,2023.06.06,2,2023.06.07,LS,25C,B,021B,3.5218,0,14,53
21,2023.06.06,2,2023.06.07,LS,25C,B,021B,3.5165,0,15,24
21,2023.06.06,2,2023.06.07,LS,25C,B,021B,3.5107,0,16,0
21,2023.06.06,2,2023.06.07,LS,25C,B,021B,3.5032,0,16,47
21,2023.06.06,2,2023.06.07,LS,25C,B,021B,3.4984,0,17,15
21,2023.06.06,2,2023.06.07,LS,25C,B,021B,3.4945,0,17,39
21,2023.06.06,2,2023.06.07,LS,10C,A,021A,4.8812,1,9,27
21,2023.06.06,2,2023.06.07,LS,10C,A,021A,4.8785,0,10,51
21,2023.06.06,2,2023.06.07,LS,10C,A,021A,4.876,0,11,21
21,2023.06.06,2,2023.06.07,LS,10C,A,021A,4.8729,0,11,50
21,2023.06.06,2,2023.06.07,LS,10C,A,021A,4.8696,0,12,13
21,2023.06.06,2,2023.06.07,LS,10C,A,021A,4.867,0,12,42
21,2023.06.06,2,2023.06.07,LS,10C,A,021A,4.8591,1,13,18
21,2023.06.06,2,2023.06.07,LS,10C,A,021A,4.8568,0,13,51
21,2023.06.06,2,2023.06.07,LS,10C,A,021A,4.8568,0,14,26
21,2023.06.06,2,2023.06.07,LS,10C,A,021A,4.8535,0,14,58
21,2023.06.06,2,2023.06.07,LS,10C,A,021A,4.8507,0,15,28
21,2023.06.06,2,2023.06.07,LS,10C,A,021A,4.8484,0,16,3
21,2023.06.06,2,2023.06.07,LS,10C,A,021A,4.8438,0,16,50
21,2023.06.06,2,2023.06.07,LS,10C,A,021A,4.8409,0,17,19
21,2023.06.06,2,2023.06.07,LS,10C,A,021A,4.8386,0,17,42
17,2023.06.06,2,2023.06.07,PE,55C,E,017E,6.5774,1,7,38
17,2023.06.06,2,2023.06.07,PE,55C,E,017E,6.4999,0,10,35
17,2023.06.06,2,2023.06.07,PE,55C,E,017E,6.4651,0,11,5
17,2023.06.06,2,2023.06.07,PE,55C,E,017E,6.4298,0,11,34
17,2023.06.06,2,2023.06.07,PE,55C,E,017E,6.4047,0,11,58
17,2023.06.06,2,2023.06.07,PE,55C,E,017E,6.3709,0,12,28
17,2023.06.06,2,2023.06.07,PE,55C,E,017E,6.3291,0,13,6
17,2023.06.06,2,2023.06.07,PE,55C,E,017E,6.2928,0,13,39
17,2023.06.06,2,2023.06.07,PE,55C,E,017E,6.2573,0,14,12
17,2023.06.06,2,2023.06.07,PE,55C,E,017E,6.2258,0,14,41
17,2023.06.06,2,2023.06.07,PE,55C,E,017E,6.1903,0,15,15
17,2023.06.06,2,2023.06.07,PE,55C,E,017E,6.1504,0,15,51
17,2023.06.06,2,2023.06.07,PE,55C,E,017E,6.1163,0,16,24
17,2023.06.06,2,2023.06.07,PE,55C,E,017E,6.0793,0,16,58
17,2023.06.06,2,2023.06.07,PE,55C,E,017E,6.0493,0,17,27
17,2023.06.06,2,2023.06.07,PE,25C,B,017B,5.1451,1,7,31
17,2023.06.06,2,2023.06.07,PE,25C,B,017B,5.1185,0,10,47
17,2023.06.06,2,2023.06.07,PE,25C,B,017B,5.1161,0,11,16
17,2023.06.06,2,2023.06.07,PE,25C,B,017B,5.1144,0,11,45
17,2023.06.06,2,2023.06.07,PE,25C,B,017B,5.1129,0,12,8
17,2023.06.06,2,2023.06.07,PE,25C,B,017B,5.1108,0,12,38
17,2023.06.06,2,2023.06.07,PE,25C,B,017B,5.1081,0,13,15
17,2023.06.06,2,2023.06.07,PE,25C,B,017B,5.106,0,13,50
17,2023.06.06,2,2023.06.07,PE,25C,B,017B,5.1036,0,14,22
17,2023.06.06,2,2023.06.07,PE,25C,B,017B,5.1013,0,14,52
17,2023.06.06,2,2023.06.07,PE,25C,B,017B,5.099,0,15,24
17,2023.06.06,2,2023.06.07,PE,25C,B,017B,5.0966,0,16,0
17,2023.06.06,2,2023.06.07,PE,25C,B,017B,5.0935,0,16,46
17,2023.06.06,2,2023.06.07,PE,25C,B,017B,5.0907,0,17,15
17,2023.06.06,2,2023.06.07,PE,25C,B,017B,5.0893,0,17,38
17,2023.06.06,2,2023.06.07,PE,10C,A,017A,6.4437,0,7,25
17,2023.06.06,2,2023.06.07,PE,10C,A,017A,6.4276,0,10,50
17,2023.06.06,2,2023.06.07,PE,10C,A,017A,6.4257,0,11,20
17,2023.06.06,2,2023.06.07,PE,10C,A,017A,6.4227,0,11,49
17,2023.06.06,2,2023.06.07,PE,10C,A,017A,6.4234,0,12,13
17,2023.06.06,2,2023.06.07,PE,10C,A,017A,6.4197,0,12,41
17,2023.06.06,2,2023.06.07,PE,10C,A,017A,6.4167,0,13,20
17,2023.06.06,2,2023.06.07,PE,10C,A,017A,6.417,0,13,55
17,2023.06.06,2,2023.06.07,PE,10C,A,017A,6.4132,0,14,25
17,2023.06.06,2,2023.06.07,PE,10C,A,017A,6.4098,0,14,57
17,2023.06.06,2,2023.06.07,PE,10C,A,017A,6.41,0,15,28
17,2023.06.06,2,2023.06.07,PE,10C,A,017A,6.4065,0,16,2
17,2023.06.06,2,2023.06.07,PE,10C,A,017A,6.4044,0,16,50
17,2023.06.06,2,2023.06.07,PE,10C,A,017A,6.4027,0,17,18
17,2023.06.06,2,2023.06.07,PE,10C,A,017A,6.4008,0,17,41
17,2023.06.06,2,2023.06.07,PE,45C,D,017D,3.7294,0,7,39
17,2023.06.06,2,2023.06.07,PE,45C,D,017D,3.6865,0,10,39
17,2023.06.06,2,2023.06.07,PE,45C,D,017D,3.6778,0,11,9
17,2023.06.06,2,2023.06.07,PE,45C,D,017D,3.6613,0,11,38
17,2023.06.06,2,2023.06.07,PE,45C,D,017D,3.6549,0,12,1
17,2023.06.06,2,2023.06.07,PE,45C,D,017D,3.6471,0,12,32
17,2023.06.06,2,2023.06.07,PE,45C,D,017D,3.6369,0,13,9
17,2023.06.06,2,2023.06.07,PE,45C,D,017D,3.6286,0,13,43
17,2023.06.06,2,2023.06.07,PE,45C,D,017D,3.6195,0,14,15
17,2023.06.06,2,2023.06.07,PE,45C,D,017D,3.6117,0,14,45
17,2023.06.06,2,2023.06.07,PE,45C,D,017D,3.603,0,15,17
17,2023.06.06,2,2023.06.07,PE,45C,D,017D,3.593,0,15,54
17,2023.06.06,2,2023.06.07,PE,45C,D,017D,3.5837,0,16,27
17,2023.06.06,2,2023.06.07,PE,45C,D,017D,3.574,0,17,2
17,2023.06.06,2,2023.06.07,PE,45C,D,017D,3.5663,0,17,32
17,2023.06.06,2,2023.06.07,PE,35C,C,017C,8.262,0,7,32
17,2023.06.06,2,2023.06.07,PE,35C,C,017C,8.2052,0,10,43
17,2023.06.06,2,2023.06.07,PE,35C,C,017C,8.1931,0,11,13
17,2023.06.06,2,2023.06.07,PE,35C,C,017C,8.1841,0,11,42
17,2023.06.06,2,2023.06.07,PE,35C,C,017C,8.1772,0,12,5
17,2023.06.06,2,2023.06.07,PE,35C,C,017C,8.1679,0,12,35
17,2023.06.06,2,2023.06.07,PE,35C,C,017C,8.1568,0,13,12
17,2023.06.06,2,2023.06.07,PE,35C,C,017C,8.147,0,13,46
17,2023.06.06,2,2023.06.07,PE,35C,C,017C,8.1376,0,14,19
17,2023.06.06,2,2023.06.07,PE,35C,C,017C,8.1295,0,14,48
17,2023.06.06,2,2023.06.07,PE,35C,C,017C,8.1198,0,15,20
17,2023.06.06,2,2023.06.07,PE,35C,C,017C,8.1096,0,15,57
17,2023.06.06,2,2023.06.07,PE,35C,C,017C,8.096,0,16,43
17,2023.06.06,2,2023.06.07,PE,35C,C,017C,8.0899,0,17,35
17,2023.06.06,2,2023.06.07,PE,35C,C,017C,8.0818,0,17,55
21,2023.06.06,2,2023.06.07,LS,45C,D,021D,3.154,0,9,44
21,2023.06.06,2,2023.06.07,LS,45C,D,021D,3.1374,0,10,37
21,2023.06.06,2,2023.06.07,LS,45C,D,021D,3.1258,0,11,9
21,2023.06.06,2,2023.06.07,LS,45C,D,021D,3.1051,0,11,38
21,2023.06.06,2,2023.06.07,LS,45C,D,021D,3.094,0,12,2
21,2023.06.06,2,2023.06.07,LS,45C,D,021D,3.0815,0,12,32
21,2023.06.06,2,2023.06.07,LS,45C,D,021D,3.0651,0,13,9
21,2023.06.06,2,2023.06.07,LS,45C,D,021D,3.0516,0,13,43
21,2023.06.06,2,2023.06.07,LS,45C,D,021D,3.0377,0,14,16
21,2023.06.06,2,2023.06.07,LS,45C,D,021D,3.0251,0,14,45
21,2023.06.06,2,2023.06.07,LS,45C,D,021D,3.0112,0,15,18
21,2023.06.06,2,2023.06.07,LS,45C,D,021D,2.9953,0,15,54
21,2023.06.06,2,2023.06.07,LS,45C,D,021D,2.982,0,16,27
21,2023.06.06,2,2023.06.07,LS,45C,D,021D,2.9668,0,17,3
21,2023.06.06,2,2023.06.07,LS,45C,D,021D,2.9556,0,17,32
21,2023.06.06,2,2023.06.07,LS,35C,C,021C,2.7876,0,9,38
21,2023.06.06,2,2023.06.07,LS,35C,C,021C,2.7743,0,10,44
21,2023.06.06,2,2023.06.07,LS,35C,C,021C,2.7671,0,11,13
21,2023.06.06,2,2023.06.07,LS,35C,C,021C,2.7601,0,11,42
21,2023.06.06,2,2023.06.07,LS,35C,C,021C,2.7546,0,12,5
21,2023.06.06,2,2023.06.07,LS,35C,C,021C,2.747,0,12,35
21,2023.06.06,2,2023.06.07,LS,35C,C,021C,2.7379,0,13,11
21,2023.06.06,2,2023.06.07,LS,35C,C,021C,2.7288,0,13,47
21,2023.06.06,2,2023.06.07,LS,35C,C,021C,2.7213,0,14,17
21,2023.06.06,2,2023.06.07,LS,35C,C,021C,2.7136,0,14,49
21,2023.06.06,2,2023.06.07,LS,35C,C,021C,2.7056,0,15,21
21,2023.06.06,2,2023.06.07,LS,35C,C,021C,2.6961,0,15,58
21,2023.06.06,2,2023.06.07,LS,35C,C,021C,2.6843,0,16,44
21,2023.06.06,2,2023.06.07,LS,35C,C,021C,2.6788,0,17,6
21,2023.06.06,2,2023.06.07,LS,35C,C,021C,2.6713,0,17,36
6,2023.06.13,3,2023.06.14,MG,10C,A,006A,3.0013,0,11,32
6,2023.06.13,3,2023.06.14,MG,10C,A,006A,2.987,0,13,32
6,2023.06.13,3,2023.06.14,MG,10C,A,006A,2.9864,0,13,56
6,2023.06.13,3,2023.06.14,MG,10C,A,006A,2.9804,0,14,55
6,2023.06.13,3,2023.06.14,MG,10C,A,006A,2.9776,0,15,32
6,2023.06.13,3,2023.06.14,MG,10C,A,006A,2.9755,0,16,4
6,2023.06.13,3,2023.06.14,MG,10C,A,006A,2.9713,0,16,43
6,2023.06.13,3,2023.06.14,MG,10C,A,006A,2.9689,0,17,21
6,2023.06.13,3,2023.06.14,MG,10C,A,006A,2.9644,0,18,10
6,2023.06.13,3,2023.06.14,MG,10C,A,006A,2.9621,0,18,46
6,2023.06.13,3,2023.06.14,MG,10C,A,006A,2.9588,0,19,37
6,2023.06.13,3,2023.06.14,MG,25C,B,006B,2.7646,0,11,38
6,2023.06.13,3,2023.06.14,MG,25C,B,006B,2.7564,0,13,29
6,2023.06.13,3,2023.06.14,MG,25C,B,006B,2.756,0,13,53
6,2023.06.13,3,2023.06.14,MG,25C,B,006B,2.7523,0,14,52
6,2023.06.13,3,2023.06.14,MG,25C,B,006B,2.7502,0,15,29
6,2023.06.13,3,2023.06.14,MG,25C,B,006B,2.7478,0,16,1
6,2023.06.13,3,2023.06.14,MG,25C,B,006B,2.7457,0,16,40
6,2023.06.13,3,2023.06.14,MG,25C,B,006B,2.7435,0,17,18
6,2023.06.13,3,2023.06.14,MG,25C,B,006B,2.7404,0,18,7
6,2023.06.13,3,2023.06.14,MG,25C,B,006B,2.7383,0,18,42
6,2023.06.13,3,2023.06.14,MG,25C,B,006B,2.7346,0,19,33
6,2023.06.13,3,2023.06.14,MG,35C,C,006C,3.6395,0,11,34
6,2023.06.13,3,2023.06.14,MG,35C,C,006C,3.6182,0,13,26
6,2023.06.13,3,2023.06.14,MG,35C,C,006C,3.6133,0,13,51
6,2023.06.13,3,2023.06.14,MG,35C,C,006C,3.601,0,14,49
6,2023.06.13,3,2023.06.14,MG,35C,C,006C,3.5937,0,15,26
6,2023.06.13,3,2023.06.14,MG,35C,C,006C,3.5878,0,15,58
6,2023.06.13,3,2023.06.14,MG,35C,C,006C,3.5807,0,16,36
6,2023.06.13,3,2023.06.14,MG,35C,C,006C,3.5742,0,17,14
6,2023.06.13,3,2023.06.14,MG,35C,C,006C,3.5643,0,18,3
6,2023.06.13,3,2023.06.14,MG,35C,C,006C,3.5584,0,18,39
6,2023.06.13,3,2023.06.14,MG,35C,C,006C,3.5495,0,19,37
6,2023.06.13,3,2023.06.14,MG,45C,D,006D,4.5239,0,11,45
6,2023.06.13,3,2023.06.14,MG,45C,D,006D,4.4914,0,13,23
6,2023.06.13,3,2023.06.14,MG,45C,D,006D,4.4818,0,13,48
6,2023.06.13,3,2023.06.14,MG,45C,D,006D,4.4572,0,14,46
6,2023.06.13,3,2023.06.14,MG,45C,D,006D,4.4426,0,15,21
6,2023.06.13,3,2023.06.14,MG,45C,D,006D,4.4295,0,15,55
6,2023.06.13,3,2023.06.14,MG,45C,D,006D,4.4145,0,16,33
6,2023.06.13,3,2023.06.14,MG,45C,D,006D,4.3994,0,17,11
6,2023.06.13,3,2023.06.14,MG,45C,D,006D,4.3794,0,18,0
6,2023.06.13,3,2023.06.14,MG,45C,D,006D,4.3651,0,18,36
6,2023.06.13,3,2023.06.14,MG,45C,D,006D,4.3447,0,19,28
6,2023.06.13,3,2023.06.14,MG,55C,E,006E,3.3041,0,11,44
6,2023.06.13,3,2023.06.14,MG,55C,E,006E,3.2643,0,13,18
6,2023.06.13,3,2023.06.14,MG,55C,E,006E,3.2471,0,13,45
6,2023.06.13,3,2023.06.14,MG,55C,E,006E,3.2051,0,14,43
6,2023.06.13,3,2023.06.14,MG,55C,E,006E,3.1816,0,15,18
6,2023.06.13,3,2023.06.14,MG,55C,E,006E,3.1599,0,15,52
6,2023.06.13,3,2023.06.14,MG,55C,E,006E,3.1356,0,16,30
6,2023.06.13,3,2023.06.14,MG,55C,E,006E,3.1109,0,17,8
6,2023.06.13,3,2023.06.14,MG,55C,E,006E,3.0802,0,17,56
6,2023.06.13,3,2023.06.14,MG,55C,E,006E,3.0578,0,18,33
6,2023.06.13,3,2023.06.14,MG,55C,E,006E,3.0268,0,19,23
10,2023.06.13,3,2023.06.14,TD,10C,A,010A,2.2802,0,10,55
10,2023.06.13,3,2023.06.14,TD,10C,A,010A,2.2706,0,13,32
10,2023.06.13,3,2023.06.14,TD,10C,A,010A,2.2705,0,13,57
10,2023.06.13,3,2023.06.14,TD,10C,A,010A,2.2678,0,14,56
10,2023.06.13,3,2023.06.14,TD,10C,A,010A,2.2642,0,15,32
10,2023.06.13,3,2023.06.14,TD,10C,A,010A,2.263,0,16,5
10,2023.06.13,3,2023.06.14,TD,10C,A,010A,2.2599,0,16,43
10,2023.06.13,3,2023.06.14,TD,10C,A,010A,2.2586,0,17,21
10,2023.06.13,3,2023.06.14,TD,10C,A,010A,2.2552,0,18,10
10,2023.06.13,3,2023.06.14,TD,10C,A,010A,2.2535,0,18,46
10,2023.06.13,3,2023.06.14,TD,10C,A,010A,2.2505,0,19,38
10,2023.06.13,3,2023.06.14,TD,25C,B,010B,1.8502,0,11,2
10,2023.06.13,3,2023.06.14,TD,25C,B,010B,1.8339,0,13,29
10,2023.06.13,3,2023.06.14,TD,25C,B,010B,1.8307,0,13,54
10,2023.06.13,3,2023.06.14,TD,25C,B,010B,1.8243,0,14,52
10,2023.06.13,3,2023.06.14,TD,25C,B,010B,1.8199,0,15,29
10,2023.06.13,3,2023.06.14,TD,25C,B,010B,1.8161,0,16,2
10,2023.06.13,3,2023.06.14,TD,25C,B,010B,1.8116,0,16,40
10,2023.06.13,3,2023.06.14,TD,25C,B,010B,1.8074,0,17,18
10,2023.06.13,3,2023.06.14,TD,25C,B,010B,1.8014,0,18,7
10,2023.06.13,3,2023.06.14,TD,25C,B,010B,1.7975,0,18,43
10,2023.06.13,3,2023.06.14,TD,25C,B,010B,1.7913,0,19,34
10,2023.06.13,3,2023.06.14,TD,35C,C,010C,1.6533,0,10,59
10,2023.06.13,3,2023.06.14,TD,35C,C,010C,1.6411,0,13,26
10,2023.06.13,3,2023.06.14,TD,35C,C,010C,1.6385,0,13,51
10,2023.06.13,3,2023.06.14,TD,35C,C,010C,1.6319,0,14,49
10,2023.06.13,3,2023.06.14,TD,35C,C,010C,1.6282,0,15,26
10,2023.06.13,3,2023.06.14,TD,35C,C,010C,1.6251,0,15,58
10,2023.06.13,3,2023.06.14,TD,35C,C,010C,1.6211,0,16,36
10,2023.06.13,3,2023.06.14,TD,35C,C,010C,1.618,0,17,15
10,2023.06.13,3,2023.06.14,TD,35C,C,010C,1.6125,0,18,4
10,2023.06.13,3,2023.06.14,TD,35C,C,010C,1.6099,0,18,40
10,2023.06.13,3,2023.06.14,TD,35C,C,010C,1.6049,0,19,31
10,2023.06.13,3,2023.06.14,TD,45C,D,010D,2.0202,0,11,11
10,2023.06.13,3,2023.06.14,TD,45C,D,010D,1.9991,0,13,23
10,2023.06.13,3,2023.06.14,TD,45C,D,010D,1.9923,0,13,48
10,2023.06.13,3,2023.06.14,TD,45C,D,010D,1.9764,0,14,46
10,2023.06.13,3,2023.06.14,TD,45C,D,010D,1.9676,0,15,22
10,2023.06.13,3,2023.06.14,TD,45C,D,010D,1.9589,0,15,55
10,2023.06.13,3,2023.06.14,TD,45C,D,010D,1.9491,0,16,33
10,2023.06.13,3,2023.06.14,TD,45C,D,010D,1.9388,0,17,12
10,2023.06.13,3,2023.06.14,TD,45C,D,010D,1.9261,0,18,1
10,2023.06.13,3,2023.06.14,TD,45C,D,010D,1.917,0,18,37
10,2023.06.13,3,2023.06.14,TD,45C,D,010D,1.9035,0,19,28
10,2023.06.13,3,2023.06.14,TD,55C,E,010E,1.6116,0,13,22
10,2023.06.13,3,2023.06.14,TD,55C,E,010E,1.5902,0,13,45
10,2023.06.13,3,2023.06.14,TD,55C,E,010E,1.543,0,14,44
10,2023.06.13,3,2023.06.14,TD,55C,E,010E,1.5205,0,15,19
10,2023.06.13,3,2023.06.14,TD,55C,E,010E,1.5007,0,15,52
10,2023.06.13,3,2023.06.14,TD,55C,E,010E,1.4783,0,16,30
10,2023.06.13,3,2023.06.14,TD,55C,E,010E,1.4564,0,17,9
10,2023.06.13,3,2023.06.14,TD,55C,E,010E,1.4296,0,17,57
10,2023.06.13,3,2023.06.14,TD,55C,E,010E,1.4103,0,18,34
10,2023.06.13,3,2023.06.14,TD,55C,E,010E,1.3837,0,19,24
15,2023.06.13,3,2023.06.14,CC,10C,A,015A,4.7635,1,12,15
15,2023.06.13,3,2023.06.14,CC,10C,A,015A,4.7669,1,13,32
15,2023.06.13,3,2023.06.14,CC,10C,A,015A,4.7666,1,13,57
15,2023.06.13,3,2023.06.14,CC,10C,A,015A,4.7649,0,14,57
15,2023.06.13,3,2023.06.14,CC,10C,A,015A,4.7628,0,15,33
15,2023.06.13,3,2023.06.14,CC,10C,A,015A,4.7617,0,16,5
15,2023.06.13,3,2023.06.14,CC,10C,A,015A,4.7601,0,16,43
15,2023.06.13,3,2023.06.14,CC,10C,A,015A,4.7582,0,17,22
15,2023.06.13,3,2023.06.14,CC,10C,A,015A,4.7565,0,18,10
15,2023.06.13,3,2023.06.14,CC,10C,A,015A,4.7547,0,18,47
15,2023.06.13,3,2023.06.14,CC,10C,A,015A,4.7526,0,19,38
15,2023.06.13,3,2023.06.14,CC,25C,B,015B,4.1238,0,12,28
15,2023.06.13,3,2023.06.14,CC,25C,B,015B,4.1209,0,13,30
15,2023.06.13,3,2023.06.14,CC,25C,B,015B,4.1201,0,13,54
15,2023.06.13,3,2023.06.14,CC,25C,B,015B,4.1169,0,14,53
15,2023.06.13,3,2023.06.14,CC,25C,B,015B,4.115,0,15,30
15,2023.06.13,3,2023.06.14,CC,25C,B,015B,4.1131,0,16,2
15,2023.06.13,3,2023.06.14,CC,25C,B,015B,4.111,0,16,41
15,2023.06.13,3,2023.06.14,CC,25C,B,015B,4.1092,0,17,19
15,2023.06.13,3,2023.06.14,CC,25C,B,015B,4.1065,0,18,7
15,2023.06.13,3,2023.06.14,CC,25C,B,015B,4.1046,0,18,43
15,2023.06.13,3,2023.06.14,CC,25C,B,015B,4.1016,0,19,35
15,2023.06.13,3,2023.06.14,CC,35C,C,015C,4.828,0,12,17
15,2023.06.13,3,2023.06.14,CC,35C,C,015C,4.8178,0,13,26
15,2023.06.13,3,2023.06.14,CC,35C,C,015C,4.8146,0,13,51
15,2023.06.13,3,2023.06.14,CC,35C,C,015C,4.8058,0,14,50
15,2023.06.13,3,2023.06.14,CC,35C,C,015C,4.8021,0,15,27
15,2023.06.13,3,2023.06.14,CC,35C,C,015C,4.798,0,15,59
15,2023.06.13,3,2023.06.14,CC,35C,C,015C,4.7928,0,16,37
15,2023.06.13,3,2023.06.14,CC,35C,C,015C,4.7885,0,17,15
15,2023.06.13,3,2023.06.14,CC,35C,C,015C,4.7819,0,18,5
15,2023.06.13,3,2023.06.14,CC,35C,C,015C,4.7781,0,18,40
15,2023.06.13,3,2023.06.14,CC,35C,C,015C,4.772,0,19,31
15,2023.06.13,3,2023.06.14,CC,45C,D,015D,3.4861,0,12,25
15,2023.06.13,3,2023.06.14,CC,45C,D,015D,3.4743,0,13,24
15,2023.06.13,3,2023.06.14,CC,45C,D,015D,3.47,0,13,49
15,2023.06.13,3,2023.06.14,CC,45C,D,015D,3.4599,0,14,47
15,2023.06.13,3,2023.06.14,CC,45C,D,015D,3.4535,0,15,22
15,2023.06.13,3,2023.06.14,CC,45C,D,015D,3.4483,0,15,56
15,2023.06.13,3,2023.06.14,CC,45C,D,015D,3.4418,0,16,34
15,2023.06.13,3,2023.06.14,CC,45C,D,015D,3.4354,0,17,12
15,2023.06.13,3,2023.06.14,CC,45C,D,015D,3.4273,0,18,1
15,2023.06.13,3,2023.06.14,CC,45C,D,015D,3.4218,0,18,37
15,2023.06.13,3,2023.06.14,CC,45C,D,015D,3.4131,0,19,28
15,2023.06.13,3,2023.06.14,CC,55C,E,015E,4.4062,0,13,21
15,2023.06.13,3,2023.06.14,CC,55C,E,015E,4.3961,0,13,46
15,2023.06.13,3,2023.06.14,CC,55C,E,015E,4.3714,0,14,44
15,2023.06.13,3,2023.06.14,CC,55C,E,015E,4.3582,0,15,19
15,2023.06.13,3,2023.06.14,CC,55C,E,015E,4.346,0,15,53
15,2023.06.13,3,2023.06.14,CC,55C,E,015E,4.3317,0,16,31
15,2023.06.13,3,2023.06.14,CC,55C,E,015E,4.3174,0,17,9
15,2023.06.13,3,2023.06.14,CC,55C,E,015E,4.3,0,17,57
15,2023.06.13,3,2023.06.14,CC,55C,E,015E,4.2876,0,18,34
15,2023.06.13,3,2023.06.14,CC,55C,E,015E,4.2696,0,19,24
18,2023.06.13,3,2023.06.14,PE,10C,A,018A,5.3456,1,11,54
18,2023.06.13,3,2023.06.14,PE,10C,A,018A,5.3323,1,13,33
18,2023.06.13,3,2023.06.14,PE,10C,A,018A,5.3338,0,13,58
18,2023.06.13,3,2023.06.14,PE,10C,A,018A,5.3299,0,14,57
18,2023.06.13,3,2023.06.14,PE,10C,A,018A,5.3263,0,15,33
18,2023.06.13,3,2023.06.14,PE,10C,A,018A,5.3248,0,16,6
18,2023.06.13,3,2023.06.14,PE,10C,A,018A,5.3223,0,16,44
18,2023.06.13,3,2023.06.14,PE,10C,A,018A,5.3204,0,17,22
18,2023.06.13,3,2023.06.14,PE,10C,A,018A,5.3171,0,18,11
18,2023.06.13,3,2023.06.14,PE,10C,A,018A,5.3167,1,18,47
18,2023.06.13,3,2023.06.14,PE,10C,A,018A,5.3133,1,19,38
18,2023.06.13,3,2023.06.14,PE,25C,B,018B,5.3105,0,12,5
18,2023.06.13,3,2023.06.14,PE,25C,B,018B,5.2942,0,13,30
18,2023.06.13,3,2023.06.14,PE,25C,B,018B,5.2907,0,13,55
18,2023.06.13,3,2023.06.14,PE,25C,B,018B,5.2839,0,14,53
18,2023.06.13,3,2023.06.14,PE,25C,B,018B,5.2791,0,15,30
18,2023.06.13,3,2023.06.14,PE,25C,B,018B,5.275,0,16,3
18,2023.06.13,3,2023.06.14,PE,25C,B,018B,5.2709,0,16,41
18,2023.06.13,3,2023.06.14,PE,25C,B,018B,5.2661,0,17,19
18,2023.06.13,3,2023.06.14,PE,25C,B,018B,5.2598,0,18,8
18,2023.06.13,3,2023.06.14,PE,25C,B,018B,5.2556,0,18,43
18,2023.06.13,3,2023.06.14,PE,25C,B,018B,5.2488,0,19,35
18,2023.06.13,3,2023.06.14,PE,35C,C,018C,6.0722,1,12,0
18,2023.06.13,3,2023.06.14,PE,35C,C,018C,6.0253,0,13,27
18,2023.06.13,3,2023.06.14,PE,35C,C,018C,6.0197,0,13,52
18,2023.06.13,3,2023.06.14,PE,35C,C,018C,6.0057,0,14,50
18,2023.06.13,3,2023.06.14,PE,35C,C,018C,6.0002,0,15,27
18,2023.06.13,3,2023.06.14,PE,35C,C,018C,5.9944,0,15,59
18,2023.06.13,3,2023.06.14,PE,35C,C,018C,5.9882,0,16,37
18,2023.06.13,3,2023.06.14,PE,35C,C,018C,5.9827,0,17,16
18,2023.06.13,3,2023.06.14,PE,35C,C,018C,5.973,0,18,5
18,2023.06.13,3,2023.06.14,PE,35C,C,018C,5.9688,0,18,40
18,2023.06.13,3,2023.06.14,PE,35C,C,018C,5.9608,0,19,32
18,2023.06.13,3,2023.06.14,PE,45C,D,018D,6.5393,0,12,8
18,2023.06.13,3,2023.06.14,PE,45C,D,018D,6.4762,0,13,24
18,2023.06.13,3,2023.06.14,PE,45C,D,018D,6.4622,0,13,49
18,2023.06.13,3,2023.06.14,PE,45C,D,018D,6.4304,0,14,47
18,2023.06.13,3,2023.06.14,PE,45C,D,018D,6.4124,0,15,23
18,2023.06.13,3,2023.06.14,PE,45C,D,018D,6.3878,0,15,56
18,2023.06.13,3,2023.06.14,PE,45C,D,018D,6.3692,0,16,34
18,2023.06.13,3,2023.06.14,PE,45C,D,018D,6.3502,0,17,13
18,2023.06.13,3,2023.06.14,PE,45C,D,018D,6.326,0,18,2
18,2023.06.13,3,2023.06.14,PE,45C,D,018D,6.3089,0,18,38
18,2023.06.13,3,2023.06.14,PE,45C,D,018D,6.2837,0,19,29
18,2023.06.13,3,2023.06.14,PE,55C,E,018E,6.55,0,11,52
18,2023.06.13,3,2023.06.14,PE,55C,E,018E,6.4273,0,13,19
18,2023.06.13,3,2023.06.14,PE,55C,E,018E,6.391,0,13,47
18,2023.06.13,3,2023.06.14,PE,55C,E,018E,6.3063,0,14,44
18,2023.06.13,3,2023.06.14,PE,55C,E,018E,6.2601,0,15,20
18,2023.06.13,3,2023.06.14,PE,55C,E,018E,6.2184,0,15,53
18,2023.06.13,3,2023.06.14,PE,55C,E,018E,6.1699,0,16,31
18,2023.06.13,3,2023.06.14,PE,55C,E,018E,6.1218,0,17,10
18,2023.06.13,3,2023.06.14,PE,55C,E,018E,6.0623,0,17,58
18,2023.06.13,3,2023.06.14,PE,55C,E,018E,6.0185,0,18,34
18,2023.06.13,3,2023.06.14,PE,55C,E,018E,5.9574,0,19,25
22,2023.06.13,3,2023.06.14,LS,10C,A,022A,2.2297,0,11,21
22,2023.06.13,3,2023.06.14,LS,10C,A,022A,2.2226,0,13,33
22,2023.06.13,3,2023.06.14,LS,10C,A,022A,2.2192,0,13,59
22,2023.06.13,3,2023.06.14,LS,10C,A,022A,2.2154,0,14,58
22,2023.06.13,3,2023.06.14,LS,10C,A,022A,2.2144,0,15,34
22,2023.06.13,3,2023.06.14,LS,10C,A,022A,2.2117,0,16,6
22,2023.06.13,3,2023.06.14,LS,10C,A,022A,2.2097,0,16,44
22,2023.06.13,3,2023.06.14,LS,10C,A,022A,2.2065,0,17,23
22,2023.06.13,3,2023.06.14,LS,10C,A,022A,2.2029,0,18,11
22,2023.06.13,3,2023.06.14,LS,10C,A,022A,2.2002,0,18,48
22,2023.06.13,3,2023.06.14,LS,10C,A,022A,2.1968,0,19,39
22,2023.06.13,3,2023.06.14,LS,25C,B,022B,2.7854,0,11,21
22,2023.06.13,3,2023.06.14,LS,25C,B,022B,2.768,0,13,30
22,2023.06.13,3,2023.06.14,LS,25C,B,022B,2.7643,0,13,55
22,2023.06.13,3,2023.06.14,LS,25C,B,022B,2.7562,0,14,54
22,2023.06.13,3,2023.06.14,LS,25C,B,022B,2.7509,0,15,31
22,2023.06.13,3,2023.06.14,LS,25C,B,022B,2.7467,0,16,3
22,2023.06.13,3,2023.06.14,LS,25C,B,022B,2.7412,0,16,42
22,2023.06.13,3,2023.06.14,LS,25C,B,022B,2.7359,0,17,20
22,2023.06.13,3,2023.06.14,LS,25C,B,022B,2.7288,0,18,8
22,2023.06.13,3,2023.06.14,LS,25C,B,022B,2.7238,0,18,44
22,2023.06.13,3,2023.06.14,LS,25C,B,022B,2.7163,0,19,36
22,2023.06.13,3,2023.06.14,LS,35C,C,022C,1.8344,0,11,20
22,2023.06.13,3,2023.06.14,LS,35C,C,022C,1.8203,0,13,27
22,2023.06.13,3,2023.06.14,LS,35C,C,022C,1.8164,0,13,52
22,2023.06.13,3,2023.06.14,LS,35C,C,022C,1.807,0,14,51
22,2023.06.13,3,2023.06.14,LS,35C,C,022C,1.8014,0,15,28
22,2023.06.13,3,2023.06.14,LS,35C,C,022C,1.7968,0,16,0
22,2023.06.13,3,2023.06.14,LS,35C,C,022C,1.7915,0,16,38
22,2023.06.13,3,2023.06.14,LS,35C,C,022C,1.7862,0,17,16
22,2023.06.13,3,2023.06.14,LS,35C,C,022C,1.7789,0,18,5
22,2023.06.13,3,2023.06.14,LS,35C,C,022C,1.7747,0,18,41
22,2023.06.13,3,2023.06.14,LS,35C,C,022C,1.7672,0,19,32
22,2023.06.13,3,2023.06.14,LS,45C,D,022D,2.1336,0,11,25
22,2023.06.13,3,2023.06.14,LS,45C,D,022D,2.1162,0,13,25
22,2023.06.13,3,2023.06.14,LS,45C,D,022D,2.1099,0,13,49
22,2023.06.13,3,2023.06.14,LS,45C,D,022D,2.0953,0,14,47
22,2023.06.13,3,2023.06.14,LS,45C,D,022D,2.0862,0,15,24
22,2023.06.13,3,2023.06.14,LS,45C,D,022D,2.0786,0,15,57
22,2023.06.13,3,2023.06.14,LS,45C,D,022D,2.0692,0,16,35
22,2023.06.13,3,2023.06.14,LS,45C,D,022D,2.0601,0,17,13
22,2023.06.13,3,2023.06.14,LS,45C,D,022D,2.0484,0,18,2
22,2023.06.13,3,2023.06.14,LS,45C,D,022D,2.0398,0,18,38
22,2023.06.13,3,2023.06.14,LS,45C,D,022D,2.028,0,19,29
22,2023.06.13,3,2023.06.14,LS,55C,E,022E,1.7509,1,11,13
22,2023.06.13,3,2023.06.14,LS,55C,E,022E,1.6986,0,13,20
22,2023.06.13,3,2023.06.14,LS,55C,E,022E,1.6731,0,13,47
22,2023.06.13,3,2023.06.14,LS,55C,E,022E,1.6149,0,14,45
22,2023.06.13,3,2023.06.14,LS,55C,E,022E,1.582,0,15,20
22,2023.06.13,3,2023.06.14,LS,55C,E,022E,1.5516,0,15,53
22,2023.06.13,3,2023.06.14,LS,55C,E,022E,1.517,0,16,32
22,2023.06.13,3,2023.06.14,LS,55C,E,022E,1.4831,0,17,10
22,2023.06.13,3,2023.06.14,LS,55C,E,022E,1.4417,0,17,58
22,2023.06.13,3,2023.06.14,LS,55C,E,022E,1.4114,0,18,35
22,2023.06.13,3,2023.06.14,LS,55C,E,022E,1.3704,0,19,25
3,2023.06.20,4,2023.06.21,CC,10C,A,003A,4.0414,1,12,24
3,2023.06.20,4,2023.06.21,CC,10C,A,003A,4.0351,1,13,56
3,2023.06.20,4,2023.06.21,CC,10C,A,003A,4.032,0,14,27
3,2023.06.20,4,2023.06.21,CC,10C,A,003A,4.0302,0,15,0
3,2023.06.20,4,2023.06.21,CC,10C,A,003A,4.0288,0,15,48
3,2023.06.20,4,2023.06.21,CC,10C,A,003A,4.0278,0,16,20
3,2023.06.20,4,2023.06.21,CC,10C,A,003A,4.0263,0,16,58
3,2023.06.20,4,2023.06.21,CC,10C,A,003A,4.025,0,17,31
3,2023.06.20,4,2023.06.21,CC,10C,A,003A,4.0239,0,18,5
3,2023.06.20,4,2023.06.21,CC,10C,A,003A,4.0221,0,18,41
3,2023.06.20,4,2023.06.21,CC,10C,A,003A,4.0211,0,19,12
3,2023.06.20,4,2023.06.21,CC,25C,B,003B,5.29,0,12,33
3,2023.06.20,4,2023.06.21,CC,25C,B,003B,5.2748,0,13,52
3,2023.06.20,4,2023.06.21,CC,25C,B,003B,5.2702,0,14,23
3,2023.06.20,4,2023.06.21,CC,25C,B,003B,5.2648,0,14,58
3,2023.06.20,4,2023.06.21,CC,25C,B,003B,5.258,0,15,46
3,2023.06.20,4,2023.06.21,CC,25C,B,003B,5.253,0,16,18
3,2023.06.20,4,2023.06.21,CC,25C,B,003B,5.2471,0,16,56
3,2023.06.20,4,2023.06.21,CC,25C,B,003B,5.2421,0,17,28
3,2023.06.20,4,2023.06.21,CC,25C,B,003B,5.237,0,18,2
3,2023.06.20,4,2023.06.21,CC,25C,B,003B,5.2309,0,18,38
3,2023.06.20,4,2023.06.21,CC,25C,B,003B,5.2261,0,19,9
3,2023.06.20,4,2023.06.21,CC,35C,C,003C,7.5212,0,12,22
3,2023.06.20,4,2023.06.21,CC,35C,C,003C,7.5005,0,13,49
3,2023.06.20,4,2023.06.21,CC,35C,C,003C,7.4941,0,14,20
3,2023.06.20,4,2023.06.21,CC,35C,C,003C,7.4865,0,14,56
3,2023.06.20,4,2023.06.21,CC,35C,C,003C,7.4771,0,15,43
3,2023.06.20,4,2023.06.21,CC,35C,C,003C,7.4698,0,16,15
3,2023.06.20,4,2023.06.21,CC,35C,C,003C,7.4624,0,16,51
3,2023.06.20,4,2023.06.21,CC,35C,C,003C,7.4562,0,17,25
3,2023.06.20,4,2023.06.21,CC,35C,C,003C,7.4487,0,17,59
3,2023.06.20,4,2023.06.21,CC,35C,C,003C,7.4413,0,18,35
3,2023.06.20,4,2023.06.21,CC,35C,C,003C,7.4347,0,19,6
3,2023.06.20,4,2023.06.21,CC,45C,D,003D,2.6856,0,12,30
3,2023.06.20,4,2023.06.21,CC,45C,D,003D,2.6706,0,13,46
3,2023.06.20,4,2023.06.21,CC,45C,D,003D,2.659,0,14,18
3,2023.06.20,4,2023.06.21,CC,45C,D,003D,2.643,0,14,53
3,2023.06.20,4,2023.06.21,CC,45C,D,003D,2.6269,0,15,39
3,2023.06.20,4,2023.06.21,CC,45C,D,003D,2.6166,0,16,13
3,2023.06.20,4,2023.06.21,CC,45C,D,003D,2.601,0,16,49
3,2023.06.20,4,2023.06.21,CC,45C,D,003D,2.5907,0,17,22
3,2023.06.20,4,2023.06.21,CC,45C,D,003D,2.5801,0,17,57
3,2023.06.20,4,2023.06.21,CC,45C,D,003D,2.5693,0,18,32
3,2023.06.20,4,2023.06.21,CC,45C,D,003D,2.5604,0,19,3
3,2023.06.20,4,2023.06.21,CC,55C,E,003E,3.3262,0,12,44
3,2023.06.20,4,2023.06.21,CC,55C,E,003E,3.293,0,13,42
3,2023.06.20,4,2023.06.21,CC,55C,E,003E,3.2725,0,14,15
3,2023.06.20,4,2023.06.21,CC,55C,E,003E,3.251,0,14,51
3,2023.06.20,4,2023.06.21,CC,55C,E,003E,3.2233,0,15,36
3,2023.06.20,4,2023.06.21,CC,55C,E,003E,3.205,0,16,10
3,2023.06.20,4,2023.06.21,CC,55C,E,003E,3.1856,0,16,46
3,2023.06.20,4,2023.06.21,CC,55C,E,003E,3.1678,0,17,20
3,2023.06.20,4,2023.06.21,CC,55C,E,003E,3.1502,0,17,54
3,2023.06.20,4,2023.06.21,CC,55C,E,003E,3.1318,0,18,29
3,2023.06.20,4,2023.06.21,CC,55C,E,003E,3.1167,0,18,59
5,2023.06.20,4,2023.06.21,MG,10C,A,005A,4.8909,0,12,43
5,2023.06.20,4,2023.06.21,MG,10C,A,005A,4.8838,0,13,56
5,2023.06.20,4,2023.06.21,MG,10C,A,005A,4.8787,0,14,27
5,2023.06.20,4,2023.06.21,MG,10C,A,005A,4.875,0,15,1
5,2023.06.20,4,2023.06.21,MG,10C,A,005A,4.8695,0,15,49
5,2023.06.20,4,2023.06.21,MG,10C,A,005A,4.867,0,16,21
5,2023.06.20,4,2023.06.21,MG,10C,A,005A,4.8625,0,16,59
5,2023.06.20,4,2023.06.21,MG,10C,A,005A,4.8598,0,17,31
5,2023.06.20,4,2023.06.21,MG,10C,A,005A,4.8558,0,18,5
5,2023.06.20,4,2023.06.21,MG,10C,A,005A,4.852,0,18,41
5,2023.06.20,4,2023.06.21,MG,10C,A,005A,4.8483,0,19,12
5,2023.06.20,4,2023.06.21,MG,25C,B,005B,2.9701,0,12,49
5,2023.06.20,4,2023.06.21,MG,25C,B,005B,2.9615,0,13,53
5,2023.06.20,4,2023.06.21,MG,25C,B,005B,2.958,0,14,24
5,2023.06.20,4,2023.06.21,MG,25C,B,005B,2.9543,0,14,58
5,2023.06.20,4,2023.06.21,MG,25C,B,005B,2.9498,0,15,46
5,2023.06.20,4,2023.06.21,MG,25C,B,005B,2.9465,0,16,18
5,2023.06.20,4,2023.06.21,MG,25C,B,005B,2.9426,0,16,56
5,2023.06.20,4,2023.06.21,MG,25C,B,005B,2.9395,0,17,29
5,2023.06.20,4,2023.06.21,MG,25C,B,005B,2.9358,0,18,2
5,2023.06.20,4,2023.06.21,MG,25C,B,005B,2.9321,0,18,39
5,2023.06.20,4,2023.06.21,MG,25C,B,005B,2.9292,0,19,9
5,2023.06.20,4,2023.06.21,MG,35C,C,005C,3.4461,0,12,54
5,2023.06.20,4,2023.06.21,MG,35C,C,005C,3.4229,0,13,49
5,2023.06.20,4,2023.06.21,MG,35C,C,005C,3.4159,0,14,21
5,2023.06.20,4,2023.06.21,MG,35C,C,005C,3.4078,0,14,56
5,2023.06.20,4,2023.06.21,MG,35C,C,005C,3.3977,0,15,43
5,2023.06.20,4,2023.06.21,MG,35C,C,005C,3.3899,0,16,16
5,2023.06.20,4,2023.06.21,MG,35C,C,005C,3.3825,0,16,53
5,2023.06.20,4,2023.06.21,MG,35C,C,005C,3.3751,0,17,26
5,2023.06.20,4,2023.06.21,MG,35C,C,005C,3.3671,0,18,0
5,2023.06.20,4,2023.06.21,MG,35C,C,005C,3.3591,0,18,35
5,2023.06.20,4,2023.06.21,MG,35C,C,005C,3.3521,0,19,6
5,2023.06.20,4,2023.06.21,MG,45C,D,005D,6.2036,0,13,3
5,2023.06.20,4,2023.06.21,MG,45C,D,005D,6.1591,0,13,46
5,2023.06.20,4,2023.06.21,MG,45C,D,005D,6.1381,0,14,18
5,2023.06.20,4,2023.06.21,MG,45C,D,005D,6.1082,0,14,53
5,2023.06.20,4,2023.06.21,MG,45C,D,005D,6.0794,0,15,40
5,2023.06.20,4,2023.06.21,MG,45C,D,005D,6.0588,0,16,13
5,2023.06.20,4,2023.06.21,MG,45C,D,005D,6.0291,0,16,49
5,2023.06.20,4,2023.06.21,MG,45C,D,005D,6.009,0,17,23
5,2023.06.20,4,2023.06.21,MG,45C,D,005D,5.9883,0,17,57
5,2023.06.20,4,2023.06.21,MG,45C,D,005D,5.9659,0,18,32
5,2023.06.20,4,2023.06.21,MG,45C,D,005D,5.9477,0,19,3
5,2023.06.20,4,2023.06.21,MG,55C,E,005E,5.1531,0,13,0
5,2023.06.20,4,2023.06.21,MG,55C,E,005E,5.0842,0,13,42
5,2023.06.20,4,2023.06.21,MG,55C,E,005E,5.0432,0,14,15
5,2023.06.20,4,2023.06.21,MG,55C,E,005E,5.0003,0,14,51
5,2023.06.20,4,2023.06.21,MG,55C,E,005E,4.9451,0,15,36
5,2023.06.20,4,2023.06.21,MG,55C,E,005E,4.9063,0,16,11
5,2023.06.20,4,2023.06.21,MG,55C,E,005E,4.8673,0,16,47
5,2023.06.20,4,2023.06.21,MG,55C,E,005E,4.8325,0,17,20
5,2023.06.20,4,2023.06.21,MG,55C,E,005E,4.7962,0,17,55
5,2023.06.20,4,2023.06.21,MG,55C,E,005E,4.7596,0,18,30
5,2023.06.20,4,2023.06.21,MG,55C,E,005E,4.7291,0,19,0
12,2023.06.20,4,2023.06.21,TD,10C,A,012A,2.398,0,11,52
12,2023.06.20,4,2023.06.21,TD,10C,A,012A,2.3887,0,13,57
12,2023.06.20,4,2023.06.21,TD,10C,A,012A,2.3859,0,14,28
12,2023.06.20,4,2023.06.21,TD,10C,A,012A,2.3839,0,15,1
12,2023.06.20,4,2023.06.21,TD,10C,A,012A,2.3808,0,15,49
12,2023.06.20,4,2023.06.21,TD,10C,A,012A,2.3789,0,16,21
12,2023.06.20,4,2023.06.21,TD,10C,A,012A,2.3762,0,16,59
12,2023.06.20,4,2023.06.21,TD,10C,A,012A,2.374,0,17,32
12,2023.06.20,4,2023.06.21,TD,10C,A,012A,2.3726,0,18,6
12,2023.06.20,4,2023.06.21,TD,10C,A,012A,2.3694,0,18,42
12,2023.06.20,4,2023.06.21,TD,10C,A,012A,2.3671,0,19,12
12,2023.06.20,4,2023.06.21,TD,25C,B,012B,4.9385,0,12,2
12,2023.06.20,4,2023.06.21,TD,25C,B,012B,4.9222,0,13,53
12,2023.06.20,4,2023.06.21,TD,25C,B,012B,4.9178,0,14,24
12,2023.06.20,4,2023.06.21,TD,25C,B,012B,4.9126,0,14,59
12,2023.06.20,4,2023.06.21,TD,25C,B,012B,4.9048,0,15,46
12,2023.06.20,4,2023.06.21,TD,25C,B,012B,4.9001,0,16,19
12,2023.06.20,4,2023.06.21,TD,25C,B,012B,4.894,0,16,56
12,2023.06.20,4,2023.06.21,TD,25C,B,012B,4.8888,0,17,29
12,2023.06.20,4,2023.06.21,TD,25C,B,012B,4.883,0,18,3
12,2023.06.20,4,2023.06.21,TD,25C,B,012B,4.8767,0,18,39
12,2023.06.20,4,2023.06.21,TD,25C,B,012B,4.8716,0,19,10
12,2023.06.20,4,2023.06.21,TD,35C,C,012C,4.5868,0,11,57
12,2023.06.20,4,2023.06.21,TD,35C,C,012C,4.5456,0,13,50
12,2023.06.20,4,2023.06.21,TD,35C,C,012C,4.5362,0,14,21
12,2023.06.20,4,2023.06.21,TD,35C,C,012C,4.5256,0,14,56
12,2023.06.20,4,2023.06.21,TD,35C,C,012C,4.5114,0,15,44
12,2023.06.20,4,2023.06.21,TD,35C,C,012C,4.5006,0,16,16
12,2023.06.20,4,2023.06.21,TD,35C,C,012C,4.4903,0,16,53
12,2023.06.20,4,2023.06.21,TD,35C,C,012C,4.4804,0,17,26
12,2023.06.20,4,2023.06.21,TD,35C,C,012C,4.4694,0,18,0
12,2023.06.20,4,2023.06.21,TD,35C,C,012C,4.4583,0,18,36
12,2023.06.20,4,2023.06.21,TD,35C,C,012C,4.4486,0,19,7
12,2023.06.20,4,2023.06.21,TD,45C,D,012D,1.9639,0,12,11
12,2023.06.20,4,2023.06.21,TD,45C,D,012D,1.9468,0,13,47
12,2023.06.20,4,2023.06.21,TD,45C,D,012D,1.9382,0,14,18
12,2023.06.20,4,2023.06.21,TD,45C,D,012D,1.9263,0,14,54
12,2023.06.20,4,2023.06.21,TD,45C,D,012D,1.9147,0,15,39
12,2023.06.20,4,2023.06.21,TD,45C,D,012D,1.9066,0,16,14
12,2023.06.20,4,2023.06.21,TD,45C,D,012D,1.8943,0,16,50
12,2023.06.20,4,2023.06.21,TD,45C,D,012D,1.8866,0,17,24
12,2023.06.20,4,2023.06.21,TD,45C,D,012D,1.8781,0,17,58
12,2023.06.20,4,2023.06.21,TD,45C,D,012D,1.8696,0,18,33
12,2023.06.20,4,2023.06.21,TD,45C,D,012D,1.8621,0,19,4
12,2023.06.20,4,2023.06.21,TD,55C,E,012E,3.9798,0,12,12
12,2023.06.20,4,2023.06.21,TD,55C,E,012E,3.9081,0,13,43
12,2023.06.20,4,2023.06.21,TD,55C,E,012E,3.8527,0,14,16
12,2023.06.20,4,2023.06.21,TD,55C,E,012E,3.7956,0,14,51
12,2023.06.20,4,2023.06.21,TD,55C,E,012E,3.7288,0,15,37
12,2023.06.20,4,2023.06.21,TD,55C,E,012E,3.6858,0,16,11
12,2023.06.20,4,2023.06.21,TD,55C,E,012E,3.6436,0,16,47
12,2023.06.20,4,2023.06.21,TD,55C,E,012E,3.6073,0,17,21
12,2023.06.20,4,2023.06.21,TD,55C,E,012E,3.5709,0,17,55
12,2023.06.20,4,2023.06.21,TD,55C,E,012E,3.5339,0,18,30
12,2023.06.20,4,2023.06.21,TD,55C,E,012E,3.5029,0,19,0
19,2023.06.20,4,2023.06.21,PE,10C,A,019A,5.5994,1,11,29
19,2023.06.20,4,2023.06.21,PE,10C,A,019A,5.5777,0,13,57
19,2023.06.20,4,2023.06.21,PE,10C,A,019A,5.5735,0,14,28
19,2023.06.20,4,2023.06.21,PE,10C,A,019A,5.5714,0,15,1
19,2023.06.20,4,2023.06.21,PE,10C,A,019A,5.5684,0,15,50
19,2023.06.20,4,2023.06.21,PE,10C,A,019A,5.5668,0,16,21
19,2023.06.20,4,2023.06.21,PE,10C,A,019A,5.5639,0,16,59
19,2023.06.20,4,2023.06.21,PE,10C,A,019A,5.5619,0,17,32
19,2023.06.20,4,2023.06.21,PE,10C,A,019A,5.5602,0,18,6
19,2023.06.20,4,2023.06.21,PE,10C,A,019A,5.5572,0,18,42
19,2023.06.20,4,2023.06.21,PE,10C,A,019A,5.5538,0,19,13
19,2023.06.20,4,2023.06.21,PE,25C,B,019B,3.5647,1,11,44
19,2023.06.20,4,2023.06.21,PE,25C,B,019B,3.5495,0,13,54
19,2023.06.20,4,2023.06.21,PE,25C,B,019B,3.5478,0,14,25
19,2023.06.20,4,2023.06.21,PE,25C,B,019B,3.546,0,14,59
19,2023.06.20,4,2023.06.21,PE,25C,B,019B,3.5433,0,15,47
19,2023.06.20,4,2023.06.21,PE,25C,B,019B,3.5415,0,16,19
19,2023.06.20,4,2023.06.21,PE,25C,B,019B,3.5391,0,16,57
19,2023.06.20,4,2023.06.21,PE,25C,B,019B,3.5372,0,17,30
19,2023.06.20,4,2023.06.21,PE,25C,B,019B,3.5349,0,18,3
19,2023.06.20,4,2023.06.21,PE,25C,B,019B,3.5325,0,18,40
19,2023.06.20,4,2023.06.21,PE,25C,B,019B,3.5306,0,19,10
19,2023.06.20,4,2023.06.21,PE,35C,C,019C,4.1778,0,11,33
19,2023.06.20,4,2023.06.21,PE,35C,C,019C,4.1554,0,13,51
19,2023.06.20,4,2023.06.21,PE,35C,C,019C,4.1513,0,14,22
19,2023.06.20,4,2023.06.21,PE,35C,C,019C,4.1466,0,14,57
19,2023.06.20,4,2023.06.21,PE,35C,C,019C,4.1412,0,15,44
19,2023.06.20,4,2023.06.21,PE,35C,C,019C,4.1362,0,16,16
19,2023.06.20,4,2023.06.21,PE,35C,C,019C,4.1323,0,16,54
19,2023.06.20,4,2023.06.21,PE,35C,C,019C,4.128,0,17,27
19,2023.06.20,4,2023.06.21,PE,35C,C,019C,4.1233,0,18,0
19,2023.06.20,4,2023.06.21,PE,35C,C,019C,4.1189,0,18,36
19,2023.06.20,4,2023.06.21,PE,35C,C,019C,4.1146,0,19,7
19,2023.06.20,4,2023.06.21,PE,45C,D,019D,4.1616,0,11,40
19,2023.06.20,4,2023.06.21,PE,45C,D,019D,4.1119,0,13,48
19,2023.06.20,4,2023.06.21,PE,45C,D,019D,4.0911,0,14,19
19,2023.06.20,4,2023.06.21,PE,45C,D,019D,4.0631,0,14,54
19,2023.06.20,4,2023.06.21,PE,45C,D,019D,4.037,0,15,41
19,2023.06.20,4,2023.06.21,PE,45C,D,019D,4.0189,0,16,14
19,2023.06.20,4,2023.06.21,PE,45C,D,019D,3.9907,0,16,50
19,2023.06.20,4,2023.06.21,PE,45C,D,019D,3.9725,0,17,24
19,2023.06.20,4,2023.06.21,PE,45C,D,019D,3.9536,0,17,58
19,2023.06.20,4,2023.06.21,PE,45C,D,019D,3.9343,0,18,33
19,2023.06.20,4,2023.06.21,PE,45C,D,019D,3.9176,0,19,4
19,2023.06.20,4,2023.06.21,PE,55C,E,019E,4.5889,1,11,26
19,2023.06.20,4,2023.06.21,PE,55C,E,019E,4.5246,0,13,44
19,2023.06.20,4,2023.06.21,PE,55C,E,019E,4.4945,0,14,16
19,2023.06.20,4,2023.06.21,PE,55C,E,019E,4.461,0,14,52
19,2023.06.20,4,2023.06.21,PE,55C,E,019E,4.4174,0,15,37
19,2023.06.20,4,2023.06.21,PE,55C,E,019E,4.3864,0,16,12
19,2023.06.20,4,2023.06.21,PE,55C,E,019E,4.3535,0,16,48
19,2023.06.20,4,2023.06.21,PE,55C,E,019E,4.3225,0,17,21
19,2023.06.20,4,2023.06.21,PE,55C,E,019E,4.2917,0,17,55
19,2023.06.20,4,2023.06.21,PE,55C,E,019E,4.2597,0,18,31
19,2023.06.20,4,2023.06.21,PE,55C,E,019E,4.2326,0,19,1
25,2023.06.20,4,2023.06.21,LS,10C,A,025A,3.1319,1,11,1
25,2023.06.20,4,2023.06.21,LS,10C,A,025A,3.1192,1,13,58
25,2023.06.20,4,2023.06.21,LS,10C,A,025A,3.1165,1,14,28
25,2023.06.20,4,2023.06.21,LS,10C,A,025A,3.1159,0,15,2
25,2023.06.20,4,2023.06.21,LS,10C,A,025A,3.1142,0,15,50
25,2023.06.20,4,2023.06.21,LS,10C,A,025A,3.1123,0,16,22
25,2023.06.20,4,2023.06.21,LS,10C,A,025A,3.1099,0,17,0
25,2023.06.20,4,2023.06.21,LS,10C,A,025A,3.1077,0,17,33
25,2023.06.20,4,2023.06.21,LS,10C,A,025A,3.1062,0,18,7
25,2023.06.20,4,2023.06.21,LS,10C,A,025A,3.1037,0,18,43
25,2023.06.20,4,2023.06.21,LS,10C,A,025A,3.1017,0,19,13
25,2023.06.20,4,2023.06.21,LS,25C,B,025B,2.0635,0,11,15
25,2023.06.20,4,2023.06.21,LS,25C,B,025B,2.0511,0,13,54
25,2023.06.20,4,2023.06.21,LS,25C,B,025B,2.0489,0,14,25
25,2023.06.20,4,2023.06.21,LS,25C,B,025B,2.0469,0,15,0
25,2023.06.20,4,2023.06.21,LS,25C,B,025B,2.0436,0,15,47
25,2023.06.20,4,2023.06.21,LS,25C,B,025B,2.0414,0,16,19
25,2023.06.20,4,2023.06.21,LS,25C,B,025B,2.0386,0,16,57
25,2023.06.20,4,2023.06.21,LS,25C,B,025B,2.0367,0,17,30
25,2023.06.20,4,2023.06.21,LS,25C,B,025B,2.0343,0,18,4
25,2023.06.20,4,2023.06.21,LS,25C,B,025B,2.0315,0,18,40
25,2023.06.20,4,2023.06.21,LS,25C,B,025B,2.0293,0,19,11
25,2023.06.20,4,2023.06.21,LS,35C,C,025C,2.4928,1,10,55
25,2023.06.20,4,2023.06.21,LS,35C,C,025C,2.4818,0,13,51
25,2023.06.20,4,2023.06.21,LS,35C,C,025C,2.4787,0,14,22
25,2023.06.20,4,2023.06.21,LS,35C,C,025C,2.475,0,14,57
25,2023.06.20,4,2023.06.21,LS,35C,C,025C,2.4703,0,15,44
25,2023.06.20,4,2023.06.21,LS,35C,C,025C,2.4667,0,16,17
25,2023.06.20,4,2023.06.21,LS,35C,C,025C,2.4634,0,16,54
25,2023.06.20,4,2023.06.21,LS,35C,C,025C,2.4594,0,17,27
25,2023.06.20,4,2023.06.21,LS,35C,C,025C,2.4558,0,18,1
25,2023.06.20,4,2023.06.21,LS,35C,C,025C,2.452,0,18,37
25,2023.06.20,4,2023.06.21,LS,35C,C,025C,2.4484,0,19,8
25,2023.06.20,4,2023.06.21,LS,45C,D,025D,3.2819,1,11,8
25,2023.06.20,4,2023.06.21,LS,45C,D,025D,3.2676,0,13,48
25,2023.06.20,4,2023.06.21,LS,45C,D,025D,3.2617,0,14,19
25,2023.06.20,4,2023.06.21,LS,45C,D,025D,3.2532,0,14,55
25,2023.06.20,4,2023.06.21,LS,45C,D,025D,3.245,0,15,41
25,2023.06.20,4,2023.06.21,LS,45C,D,025D,3.2391,0,16,14
25,2023.06.20,4,2023.06.21,LS,45C,D,025D,3.2299,0,16,50
25,2023.06.20,4,2023.06.21,LS,45C,D,025D,3.2242,0,17,24
25,2023.06.20,4,2023.06.21,LS,45C,D,025D,3.2184,0,17,58
25,2023.06.20,4,2023.06.21,LS,45C,D,025D,3.2121,0,18,34
25,2023.06.20,4,2023.06.21,LS,45C,D,025D,3.2064,0,19,4
25,2023.06.20,4,2023.06.21,LS,55C,E,025E,2.3038,1,11,16
25,2023.06.20,4,2023.06.21,LS,55C,E,025E,2.2779,0,13,44
25,2023.06.20,4,2023.06.21,LS,55C,E,025E,2.2614,0,14,17
25,2023.06.20,4,2023.06.21,LS,55C,E,025E,2.2423,0,14,52
25,2023.06.20,4,2023.06.21,LS,55C,E,025E,2.2189,0,15,38
25,2023.06.20,4,2023.06.21,LS,55C,E,025E,2.2024,0,16,12
25,2023.06.20,4,2023.06.21,LS,55C,E,025E,2.1855,0,16,48
25,2023.06.20,4,2023.06.21,LS,55C,E,025E,2.1688,0,17,21
25,2023.06.20,4,2023.06.21,LS,55C,E,025E,2.1522,0,17,56
25,2023.06.20,4,2023.06.21,LS,55C,E,025E,2.1354,0,18,31
25,2023.06.20,4,2023.06.21,LS,55C,E,025E,2.1214,0,19,1
2,2023.06.27,5,2023.06.28,CC,10C,A,002A,3.8111,0,12,46
2,2023.06.27,5,2023.06.28,CC,10C,A,002A,3.81,0,13,43
2,2023.06.27,5,2023.06.28,CC,10C,A,002A,3.8087,0,14,16
2,2023.06.27,5,2023.06.28,CC,10C,A,002A,3.808,0,14,52
2,2023.06.27,5,2023.06.28,CC,10C,A,002A,3.8074,0,15,39
2,2023.06.27,5,2023.06.28,CC,10C,A,002A,3.8066,1,16,9
2,2023.06.27,5,2023.06.28,CC,10C,A,002A,3.8048,0,16,45
2,2023.06.27,5,2023.06.28,CC,10C,A,002A,3.8035,0,17,16
2,2023.06.27,5,2023.06.28,CC,10C,A,002A,3.8022,0,18,13
2,2023.06.27,5,2023.06.28,CC,10C,A,002A,3.8014,0,18,53
2,2023.06.27,5,2023.06.28,CC,10C,A,002A,3.8002,0,19,28
2,2023.06.27,5,2023.06.28,CC,25C,B,002B,3.6999,0,12,59
2,2023.06.27,5,2023.06.28,CC,25C,B,002B,3.697,0,13,41
2,2023.06.27,5,2023.06.28,CC,25C,B,002B,3.6949,0,14,13
2,2023.06.27,5,2023.06.28,CC,25C,B,002B,3.6927,0,14,48
2,2023.06.27,5,2023.06.28,CC,25C,B,002B,3.6897,0,15,35
2,2023.06.27,5,2023.06.28,CC,25C,B,002B,3.6875,0,16,6
2,2023.06.27,5,2023.06.28,CC,25C,B,002B,3.6852,0,16,43
2,2023.06.27,5,2023.06.28,CC,25C,B,002B,3.683,0,17,13
2,2023.06.27,5,2023.06.28,CC,25C,B,002B,3.6792,0,18,10
2,2023.06.27,5,2023.06.28,CC,25C,B,002B,3.6764,0,18,50
2,2023.06.27,5,2023.06.28,CC,25C,B,002B,3.6739,0,19,24
2,2023.06.27,5,2023.06.28,CC,35C,C,002C,3.9598,0,12,40
2,2023.06.27,5,2023.06.28,CC,35C,C,002C,3.9525,0,13,38
2,2023.06.27,5,2023.06.28,CC,35C,C,002C,3.9486,0,14,10
2,2023.06.27,5,2023.06.28,CC,35C,C,002C,3.9443,0,14,44
2,2023.06.27,5,2023.06.28,CC,35C,C,002C,3.9385,0,15,32
2,2023.06.27,5,2023.06.28,CC,35C,C,002C,3.9349,0,16,3
2,2023.06.27,5,2023.06.28,CC,35C,C,002C,3.9307,0,16,40
2,2023.06.27,5,2023.06.28,CC,35C,C,002C,3.9274,0,17,10
2,2023.06.27,5,2023.06.28,CC,35C,C,002C,3.9212,0,18,0
2,2023.06.27,5,2023.06.28,CC,35C,C,002C,3.9166,0,18,47
2,2023.06.27,5,2023.06.28,CC,35C,C,002C,3.913,0,19,19
2,2023.06.27,5,2023.06.28,CC,45C,D,002D,4.9008,0,12,49
2,2023.06.27,5,2023.06.28,CC,45C,D,002D,4.8932,0,13,33
2,2023.06.27,5,2023.06.28,CC,45C,D,002D,4.887,0,14,7
2,2023.06.27,5,2023.06.28,CC,45C,D,002D,4.8808,0,14,41
2,2023.06.27,5,2023.06.28,CC,45C,D,002D,4.8719,0,15,30
2,2023.06.27,5,2023.06.28,CC,45C,D,002D,4.8667,0,16,0
2,2023.06.27,5,2023.06.28,CC,45C,D,002D,4.8603,0,16,38
2,2023.06.27,5,2023.06.28,CC,45C,D,002D,4.8557,0,17,7
2,2023.06.27,5,2023.06.28,CC,45C,D,002D,4.8467,0,17,57
2,2023.06.27,5,2023.06.28,CC,45C,D,002D,4.8388,0,18,44
2,2023.06.27,5,2023.06.28,CC,45C,D,002D,4.8335,0,19,16
2,2023.06.27,5,2023.06.28,CC,55C,E,002E,4.8964,0,12,59
2,2023.06.27,5,2023.06.28,CC,55C,E,002E,4.8765,0,13,31
2,2023.06.27,5,2023.06.28,CC,55C,E,002E,4.8589,0,14,4
2,2023.06.27,5,2023.06.28,CC,55C,E,002E,4.8415,0,14,39
2,2023.06.27,5,2023.06.28,CC,55C,E,002E,4.8178,0,15,27
2,2023.06.27,5,2023.06.28,CC,55C,E,002E,4.8041,0,15,57
2,2023.06.27,5,2023.06.28,CC,55C,E,002E,4.7881,0,16,35
2,2023.06.27,5,2023.06.28,CC,55C,E,002E,4.7772,0,17,3
2,2023.06.27,5,2023.06.28,CC,55C,E,002E,4.7564,0,17,55
2,2023.06.27,5,2023.06.28,CC,55C,E,002E,4.7373,0,18,42
2,2023.06.27,5,2023.06.28,CC,55C,E,002E,4.7258,0,19,12
4,2023.06.27,5,2023.06.28,LS,10C,A,004A,4.496,1,12,15
4,2023.06.27,5,2023.06.28,LS,10C,A,004A,4.4867,0,13,44
4,2023.06.27,5,2023.06.28,LS,10C,A,004A,4.4837,0,14,17
4,2023.06.27,5,2023.06.28,LS,10C,A,004A,4.4821,0,14,52
4,2023.06.27,5,2023.06.28,LS,10C,A,004A,4.4797,0,15,39
4,2023.06.27,5,2023.06.28,LS,10C,A,004A,4.4784,0,16,9
4,2023.06.27,5,2023.06.28,LS,10C,A,004A,4.4746,0,16,46
4,2023.06.27,5,2023.06.28,LS,10C,A,004A,4.4736,0,17,16
4,2023.06.27,5,2023.06.28,LS,10C,A,004A,4.4694,0,18,13
4,2023.06.27,5,2023.06.28,LS,10C,A,004A,4.4691,1,18,53
4,2023.06.27,5,2023.06.28,LS,10C,A,004A,4.4645,0,19,28
4,2023.06.27,5,2023.06.28,LS,25C,B,004B,3.0693,0,12,24
4,2023.06.27,5,2023.06.28,LS,25C,B,004B,3.0593,0,13,41
4,2023.06.27,5,2023.06.28,LS,25C,B,004B,3.0564,0,14,14
4,2023.06.27,5,2023.06.28,LS,25C,B,004B,3.0533,0,14,48
4,2023.06.27,5,2023.06.28,LS,25C,B,004B,3.049,0,15,36
4,2023.06.27,5,2023.06.28,LS,25C,B,004B,3.0461,0,16,6
4,2023.06.27,5,2023.06.28,LS,25C,B,004B,3.0424,0,16,43
4,2023.06.27,5,2023.06.28,LS,25C,B,004B,3.0394,0,17,14
4,2023.06.27,5,2023.06.28,LS,25C,B,004B,3.0342,0,18,10
4,2023.06.27,5,2023.06.28,LS,25C,B,004B,3.0301,0,18,50
4,2023.06.27,5,2023.06.28,LS,25C,B,004B,3.0268,0,19,24
4,2023.06.27,5,2023.06.28,LS,35C,C,004C,3.4803,0,12,30
4,2023.06.27,5,2023.06.28,LS,35C,C,004C,3.4672,0,13,38
4,2023.06.27,5,2023.06.28,LS,35C,C,004C,3.4607,0,14,10
4,2023.06.27,5,2023.06.28,LS,35C,C,004C,3.4546,0,14,44
4,2023.06.27,5,2023.06.28,LS,35C,C,004C,3.4458,0,15,33
4,2023.06.27,5,2023.06.28,LS,35C,C,004C,3.4409,0,16,3
4,2023.06.27,5,2023.06.28,LS,35C,C,004C,3.434,0,16,41
4,2023.06.27,5,2023.06.28,LS,35C,C,004C,3.4293,0,17,10
4,2023.06.27,5,2023.06.28,LS,35C,C,004C,3.4201,0,18,0
4,2023.06.27,5,2023.06.28,LS,35C,C,004C,3.413,0,18,48
4,2023.06.27,5,2023.06.28,LS,35C,C,004C,3.4074,0,19,20
4,2023.06.27,5,2023.06.28,LS,45C,D,004D,3.3874,0,12,31
4,2023.06.27,5,2023.06.28,LS,45C,D,004D,3.3728,0,13,35
4,2023.06.27,5,2023.06.28,LS,45C,D,004D,3.3649,0,14,7
4,2023.06.27,5,2023.06.28,LS,45C,D,004D,3.3573,0,14,41
4,2023.06.27,5,2023.06.28,LS,45C,D,004D,3.3463,0,15,30
4,2023.06.27,5,2023.06.28,LS,45C,D,004D,3.3393,0,16,0
4,2023.06.27,5,2023.06.28,LS,45C,D,004D,3.3309,0,16,38
4,2023.06.27,5,2023.06.28,LS,45C,D,004D,3.3247,0,17,7
4,2023.06.27,5,2023.06.28,LS,45C,D,004D,3.3135,0,17,57
4,2023.06.27,5,2023.06.28,LS,45C,D,004D,3.3034,0,18,45
4,2023.06.27,5,2023.06.28,LS,45C,D,004D,3.2967,0,19,16
4,2023.06.27,5,2023.06.28,LS,55C,E,004E,4.4631,0,12,13
4,2023.06.27,5,2023.06.28,LS,55C,E,004E,4.4257,0,13,32
4,2023.06.27,5,2023.06.28,LS,55C,E,004E,4.3949,0,14,4
4,2023.06.27,5,2023.06.28,LS,55C,E,004E,4.3633,0,14,39
4,2023.06.27,5,2023.06.28,LS,55C,E,004E,4.3203,0,15,27
4,2023.06.27,5,2023.06.28,LS,55C,E,004E,4.2958,0,15,58
4,2023.06.27,5,2023.06.28,LS,55C,E,004E,4.2659,0,16,35
4,2023.06.27,5,2023.06.28,LS,55C,E,004E,4.2451,0,17,4
4,2023.06.27,5,2023.06.28,LS,55C,E,004E,4.2074,0,17,55
4,2023.06.27,5,2023.06.28,LS,55C,E,004E,4.1723,0,18,42
4,2023.06.27,5,2023.06.28,LS,55C,E,004E,4.1505,0,19,12
11,2023.06.27,5,2023.06.28,TD,10C,A,011A,3.2011,1,11,45
11,2023.06.27,5,2023.06.28,TD,10C,A,011A,3.2009,1,13,44
11,2023.06.27,5,2023.06.28,TD,10C,A,011A,3.2005,0,14,17
11,2023.06.27,5,2023.06.28,TD,10C,A,011A,3.1987,0,14,53
11,2023.06.27,5,2023.06.28,TD,10C,A,011A,3.1977,0,15,40
11,2023.06.27,5,2023.06.28,TD,10C,A,011A,3.1971,0,16,10
11,2023.06.27,5,2023.06.28,TD,10C,A,011A,3.1959,1,16,46
11,2023.06.27,5,2023.06.28,TD,10C,A,011A,3.1938,0,17,17
11,2023.06.27,5,2023.06.28,TD,10C,A,011A,3.1916,0,18,13
11,2023.06.27,5,2023.06.28,TD,10C,A,011A,3.1915,1,18,54
11,2023.06.27,5,2023.06.28,TD,10C,A,011A,3.1892,0,19,28
11,2023.06.27,5,2023.06.28,TD,25C,B,011B,4.2201,1,11,56
11,2023.06.27,5,2023.06.28,TD,25C,B,011B,4.2026,0,13,42
11,2023.06.27,5,2023.06.28,TD,25C,B,011B,4.1998,0,14,14
11,2023.06.27,5,2023.06.28,TD,25C,B,011B,4.197,0,14,49
11,2023.06.27,5,2023.06.28,TD,25C,B,011B,4.192,0,15,36
11,2023.06.27,5,2023.06.28,TD,25C,B,011B,4.1891,0,16,7
11,2023.06.27,5,2023.06.28,TD,25C,B,011B,4.1854,0,16,44
11,2023.06.27,5,2023.06.28,TD,25C,B,011B,4.1821,0,17,14
11,2023.06.27,5,2023.06.28,TD,25C,B,011B,4.1767,0,18,11
11,2023.06.27,5,2023.06.28,TD,25C,B,011B,4.1725,0,18,51
11,2023.06.27,5,2023.06.28,TD,25C,B,011B,4.1692,0,19,25
11,2023.06.27,5,2023.06.28,TD,35C,C,011C,2.8327,0,11,41
11,2023.06.27,5,2023.06.28,TD,35C,C,011C,2.822,0,13,38
11,2023.06.27,5,2023.06.28,TD,35C,C,011C,2.8183,0,14,11
11,2023.06.27,5,2023.06.28,TD,35C,C,011C,2.8151,0,14,45
11,2023.06.27,5,2023.06.28,TD,35C,C,011C,2.8106,0,15,33
11,2023.06.27,5,2023.06.28,TD,35C,C,011C,2.8082,0,16,4
11,2023.06.27,5,2023.06.28,TD,35C,C,011C,2.8048,0,16,41
11,2023.06.27,5,2023.06.28,TD,35C,C,011C,2.8025,0,17,11
11,2023.06.27,5,2023.06.28,TD,35C,C,011C,2.7979,0,18,1
11,2023.06.27,5,2023.06.28,TD,35C,C,011C,2.7949,0,18,48
11,2023.06.27,5,2023.06.28,TD,35C,C,011C,2.7922,0,19,20
11,2023.06.27,5,2023.06.28,TD,45C,D,011D,2.9864,0,11,51
11,2023.06.27,5,2023.06.28,TD,45C,D,011D,2.9665,0,13,35
11,2023.06.27,5,2023.06.28,TD,45C,D,011D,2.9599,0,14,8
11,2023.06.27,5,2023.06.28,TD,45C,D,011D,2.954,0,14,42
11,2023.06.27,5,2023.06.28,TD,45C,D,011D,2.9451,0,15,30
11,2023.06.27,5,2023.06.28,TD,45C,D,011D,2.9401,0,16,1
11,2023.06.27,5,2023.06.28,TD,45C,D,011D,2.9339,0,16,38
11,2023.06.27,5,2023.06.28,TD,45C,D,011D,2.9293,0,17,8
11,2023.06.27,5,2023.06.28,TD,45C,D,011D,2.92,0,17,58
11,2023.06.27,5,2023.06.28,TD,45C,D,011D,2.9123,0,18,45
11,2023.06.27,5,2023.06.28,TD,45C,D,011D,2.9075,0,19,16
11,2023.06.27,5,2023.06.28,TD,55C,E,011E,2.7,0,12,0
11,2023.06.27,5,2023.06.28,TD,55C,E,011E,2.6799,0,13,32
11,2023.06.27,5,2023.06.28,TD,55C,E,011E,2.6649,0,14,5
11,2023.06.27,5,2023.06.28,TD,55C,E,011E,2.65,0,14,39
11,2023.06.27,5,2023.06.28,TD,55C,E,011E,2.6296,0,15,28
11,2023.06.27,5,2023.06.28,TD,55C,E,011E,2.6176,0,15,58
11,2023.06.27,5,2023.06.28,TD,55C,E,011E,2.6026,0,16,35
11,2023.06.27,5,2023.06.28,TD,55C,E,011E,2.5924,0,17,5
11,2023.06.27,5,2023.06.28,TD,55C,E,011E,2.5724,0,17,55
11,2023.06.27,5,2023.06.28,TD,55C,E,011E,2.5536,0,18,43
11,2023.06.27,5,2023.06.28,TD,55C,E,011E,2.5427,0,19,13
13,2023.06.27,5,2023.06.28,MG,10C,A,013A,3.5966,0,11,19
13,2023.06.27,5,2023.06.28,MG,10C,A,013A,3.5919,0,13,45
13,2023.06.27,5,2023.06.28,MG,10C,A,013A,3.5915,0,14,18
13,2023.06.27,5,2023.06.28,MG,10C,A,013A,3.5902,0,14,53
13,2023.06.27,5,2023.06.28,MG,10C,A,013A,3.5892,0,15,40
13,2023.06.27,5,2023.06.28,MG,10C,A,013A,3.5878,0,16,10
13,2023.06.27,5,2023.06.28,MG,10C,A,013A,3.5871,0,16,47
13,2023.06.27,5,2023.06.28,MG,10C,A,013A,3.586,0,17,17
13,2023.06.27,5,2023.06.28,MG,10C,A,013A,3.5835,0,18,14
13,2023.06.27,5,2023.06.28,MG,10C,A,013A,3.583,0,18,54
13,2023.06.27,5,2023.06.28,MG,10C,A,013A,3.5811,0,19,29
13,2023.06.27,5,2023.06.28,MG,25C,B,013B,4.0289,0,11,29
13,2023.06.27,5,2023.06.28,MG,25C,B,013B,4.0126,0,13,42
13,2023.06.27,5,2023.06.28,MG,25C,B,013B,4.0098,0,14,15
13,2023.06.27,5,2023.06.28,MG,25C,B,013B,4.0072,0,14,50
13,2023.06.27,5,2023.06.28,MG,25C,B,013B,4.0034,0,15,37
13,2023.06.27,5,2023.06.28,MG,25C,B,013B,4.0009,0,16,7
13,2023.06.27,5,2023.06.28,MG,25C,B,013B,3.9977,0,16,44
13,2023.06.27,5,2023.06.28,MG,25C,B,013B,3.995,0,17,15
13,2023.06.27,5,2023.06.28,MG,25C,B,013B,3.9901,0,18,11
13,2023.06.27,5,2023.06.28,MG,25C,B,013B,3.9868,0,18,51
13,2023.06.27,5,2023.06.28,MG,25C,B,013B,3.9836,0,19,26
13,2023.06.27,5,2023.06.28,MG,35C,C,013C,4.3362,0,11,25
13,2023.06.27,5,2023.06.28,MG,35C,C,013C,4.32,0,13,39
13,2023.06.27,5,2023.06.28,MG,35C,C,013C,4.3143,0,14,11
13,2023.06.27,5,2023.06.28,MG,35C,C,013C,4.3085,0,14,45
13,2023.06.27,5,2023.06.28,MG,35C,C,013C,4.3004,0,15,34
13,2023.06.27,5,2023.06.28,MG,35C,C,013C,4.296,0,16,4
13,2023.06.27,5,2023.06.28,MG,35C,C,013C,4.2899,0,16,41
13,2023.06.27,5,2023.06.28,MG,35C,C,013C,4.2856,0,17,11
13,2023.06.27,5,2023.06.28,MG,35C,C,013C,4.2771,0,18,1
13,2023.06.27,5,2023.06.28,MG,35C,C,013C,4.2708,0,18,49
13,2023.06.27,5,2023.06.28,MG,35C,C,013C,4.2656,0,19,20
13,2023.06.27,5,2023.06.28,MG,45C,D,013D,4.4014,0,11,31
13,2023.06.27,5,2023.06.28,MG,45C,D,013D,4.3868,0,13,36
13,2023.06.27,5,2023.06.28,MG,45C,D,013D,4.3808,0,14,8
13,2023.06.27,5,2023.06.28,MG,45C,D,013D,4.3754,0,14,42
13,2023.06.27,5,2023.06.28,MG,45C,D,013D,4.3671,0,15,31
13,2023.06.27,5,2023.06.28,MG,45C,D,013D,4.3626,0,16,1
13,2023.06.27,5,2023.06.28,MG,45C,D,013D,4.3567,0,16,39
13,2023.06.27,5,2023.06.28,MG,45C,D,013D,4.3523,0,17,9
13,2023.06.27,5,2023.06.28,MG,45C,D,013D,4.3443,0,17,58
13,2023.06.27,5,2023.06.28,MG,45C,D,013D,4.3369,0,18,45
13,2023.06.27,5,2023.06.28,MG,45C,D,013D,4.3321,0,19,17
13,2023.06.27,5,2023.06.28,MG,55C,E,013E,5.9386,1,11,17
13,2023.06.27,5,2023.06.28,MG,55C,E,013E,5.8947,0,13,32
13,2023.06.27,5,2023.06.28,MG,55C,E,013E,5.8622,0,14,5
13,2023.06.27,5,2023.06.28,MG,55C,E,013E,5.829,0,14,40
13,2023.06.27,5,2023.06.28,MG,55C,E,013E,5.7817,0,15,28
13,2023.06.27,5,2023.06.28,MG,55C,E,013E,5.7551,0,15,59
13,2023.06.27,5,2023.06.28,MG,55C,E,013E,5.7242,0,16,36
13,2023.06.27,5,2023.06.28,MG,55C,E,013E,5.7021,0,17,5
13,2023.06.27,5,2023.06.28,MG,55C,E,013E,5.6604,0,17,56
13,2023.06.27,5,2023.06.28,MG,55C,E,013E,5.6218,0,18,43
13,2023.06.27,5,2023.06.28,MG,55C,E,013E,5.5992,0,19,13
20,2023.06.27,5,2023.06.28,PE,10C,A,020A,2.9956,1,10,52
20,2023.06.27,5,2023.06.28,PE,10C,A,020A,2.9791,0,13,45
20,2023.06.27,5,2023.06.28,PE,10C,A,020A,2.9776,0,14,18
20,2023.06.27,5,2023.06.28,PE,10C,A,020A,2.9764,0,14,53
20,2023.06.27,5,2023.06.28,PE,10C,A,020A,2.9732,0,15,40
20,2023.06.27,5,2023.06.28,PE,10C,A,020A,2.9714,0,16,10
20,2023.06.27,5,2023.06.28,PE,10C,A,020A,2.9695,0,16,47
20,2023.06.27,5,2023.06.28,PE,10C,A,020A,2.9678,0,17,17
20,2023.06.27,5,2023.06.28,PE,10C,A,020A,2.9641,0,18,15
20,2023.06.27,5,2023.06.28,PE,10C,A,020A,2.9617,0,18,55
20,2023.06.27,5,2023.06.28,PE,10C,A,020A,2.96,0,19,29
20,2023.06.27,5,2023.06.28,PE,25C,B,020B,2.9834,0,11,6
20,2023.06.27,5,2023.06.28,PE,25C,B,020B,2.9579,0,13,42
20,2023.06.27,5,2023.06.28,PE,25C,B,020B,2.9536,0,14,15
20,2023.06.27,5,2023.06.28,PE,25C,B,020B,2.9491,0,14,50
20,2023.06.27,5,2023.06.28,PE,25C,B,020B,2.9427,0,15,38
20,2023.06.27,5,2023.06.28,PE,25C,B,020B,2.9389,0,16,8
20,2023.06.27,5,2023.06.28,PE,25C,B,020B,2.9337,0,16,44
20,2023.06.27,5,2023.06.28,PE,25C,B,020B,2.9293,0,17,15
20,2023.06.27,5,2023.06.28,PE,25C,B,020B,2.9213,0,18,12
20,2023.06.27,5,2023.06.28,PE,25C,B,020B,2.9161,0,18,52
20,2023.06.27,5,2023.06.28,PE,25C,B,020B,2.9107,0,19,26
20,2023.06.27,5,2023.06.28,PE,35C,C,020C,2.7927,0,10,46
20,2023.06.27,5,2023.06.28,PE,35C,C,020C,2.7705,0,13,39
20,2023.06.27,5,2023.06.28,PE,35C,C,020C,2.765,0,14,12
20,2023.06.27,5,2023.06.28,PE,35C,C,020C,2.7595,0,14,46
20,2023.06.27,5,2023.06.28,PE,35C,C,020C,2.7518,0,15,34
20,2023.06.27,5,2023.06.28,PE,35C,C,020C,2.747,0,16,5
20,2023.06.27,5,2023.06.28,PE,35C,C,020C,2.7418,0,16,42
20,2023.06.27,5,2023.06.28,PE,35C,C,020C,2.7378,0,17,12
20,2023.06.27,5,2023.06.28,PE,35C,C,020C,2.7303,0,18,1
20,2023.06.27,5,2023.06.28,PE,35C,C,020C,2.7246,0,18,49
20,2023.06.27,5,2023.06.28,PE,35C,C,020C,2.7199,0,19,21
20,2023.06.27,5,2023.06.28,PE,45C,D,020D,2.9943,0,10,58
20,2023.06.27,5,2023.06.28,PE,45C,D,020D,2.9418,0,13,36
20,2023.06.27,5,2023.06.28,PE,45C,D,020D,2.9223,0,14,8
20,2023.06.27,5,2023.06.28,PE,45C,D,020D,2.9038,0,14,43
20,2023.06.27,5,2023.06.28,PE,45C,D,020D,2.8778,0,15,31
20,2023.06.27,5,2023.06.28,PE,45C,D,020D,2.8625,0,16,2
20,2023.06.27,5,2023.06.28,PE,45C,D,020D,2.8443,0,16,39
20,2023.06.27,5,2023.06.28,PE,45C,D,020D,2.8305,0,17,9
20,2023.06.27,5,2023.06.28,PE,45C,D,020D,2.805,0,17,59
20,2023.06.27,5,2023.06.28,PE,45C,D,020D,2.7837,0,18,46
20,2023.06.27,5,2023.06.28,PE,45C,D,020D,2.7691,0,19,17
20,2023.06.27,5,2023.06.28,PE,55C,E,020E,2.7781,1,11,8
20,2023.06.27,5,2023.06.28,PE,55C,E,020E,2.7291,0,13,33
20,2023.06.27,5,2023.06.28,PE,55C,E,020E,2.6946,0,14,6
20,2023.06.27,5,2023.06.28,PE,55C,E,020E,2.6605,0,14,40
20,2023.06.27,5,2023.06.28,PE,55C,E,020E,2.6143,0,15,29
20,2023.06.27,5,2023.06.28,PE,55C,E,020E,2.5886,0,15,59
20,2023.06.27,5,2023.06.28,PE,55C,E,020E,2.5565,0,16,37
20,2023.06.27,5,2023.06.28,PE,55C,E,020E,2.5335,0,17,5
20,2023.06.27,5,2023.06.28,PE,55C,E,020E,2.4916,0,17,56
20,2023.06.27,5,2023.06.28,PE,55C,E,020E,2.453,0,18,43
20,2023.06.27,5,2023.06.28,PE,55C,E,020E,2.4299,0,19,14
