TIMESTAMP,RECORD,Temp_Avg,Temp_Std,RH_Avg,RH_Std
2024/3/2 0:00,2968,41.0315,0.02336327,16.9017,0.03280528
2024/3/2 0:05,2969,40.8329,0.06658103,17.0311,0.06437959
2024/3/2 0:10,2970,40.9077,0.09067507,16.9898,0.06662262
2024/3/2 0:15,2971,41.0215,0.05778413,16.9013,0.03768825
2024/3/2 0:20,2972,40.791,0.03961845,17.0533,0.03155329
2024/3/2 0:25,2973,40.9754,0.07684455,16.894,0.06037373
2024/3/2 0:30,2974,40.9514,0.08266757,16.8788,0.0453799
2024/3/2 0:35,2975,40.8186,0.04930537,16.9369,0.03995121
2024/3/2 0:40,2976,41.0486,0.04513069,16.7784,0.03084564
2024/3/2 0:45,2977,40.8862,0.08379688,16.9188,0.08234148
2024/3/2 0:50,2978,40.8533,0.07848147,16.9948,0.06268325
2024/3/2 0:55,2979,41.0489,0.03238275,16.8508,0.04094346
2024/3/2 1:00,2980,40.8316,0.05779383,17.0212,0.06481664
2024/3/2 1:05,2981,40.9173,0.09325194,16.9547,0.08544964
2024/3/2 1:10,2982,41.0203,0.06422495,16.8777,0.05703191
2024/3/2 1:15,2983,40.7875,0.03099735,17.0249,0.03942472
2024/3/2 1:20,2984,41.0049,0.08581583,16.8532,0.07208844
2024/3/2 1:25,2985,40.9557,0.08616871,16.8711,0.07563388
2024/3/2 1:30,2986,40.80061,0.04265954,17.0253,0.03679145
2024/3/2 1:35,2987,41.0145,0.0433594,16.888,0.0359414
2024/3/2 1:40,2988,40.8875,0.07461852,17.0096,0.07040765
2024/3/2 1:45,2989,40.8682,0.06882644,17.0475,0.03800618
2024/3/2 1:50,2990,41.0172,0.02327133,16.9404,0.03266257
2024/3/2 1:55,2991,40.8178,0.053327,17.0562,0.02707339
2024/3/2 2:00,2992,40.9156,0.08586051,16.9198,0.06890966
2024/3/2 2:05,2993,40.995,0.06889265,16.8476,0.04765941
2024/3/2 2:10,2994,40.8064,0.03534259,17.0401,0.03507281
2024/3/2 2:15,2995,41.0035,0.06564937,16.9063,0.05178579
2024/3/2 2:20,2996,40.9287,0.07580541,16.9693,0.08714489
2024/3/2 2:25,2997,40.818,0.05598688,17.0435,0.05238201
2024/3/2 2:30,2998,41.0298,0.03317118,16.8619,0.040991
2024/3/2 2:35,2999,40.856,0.07608644,16.9733,0.06448927
2024/3/2 2:40,3000,40.8748,0.0851428,16.9993,0.06027632
2024/3/2 2:45,3001,41.0261,0.04433793,16.897,0.05234272
2024/3/2 2:50,3002,40.8105,0.03664311,17.0866,0.05018434
2024/3/2 2:55,3003,40.9583,0.09154272,17.0038,0.06752022
2024/3/2 3:00,3004,40.9925,0.08042993,16.9753,0.05418271
2024/3/2 3:05,3005,40.798,0.03192533,17.1194,0.03077753
2024/3/2 3:10,3006,41.0147,0.06603581,16.9411,0.0619325
2024/3/2 3:15,3007,40.91311,0.09514733,16.9993,0.07181627
2024/3/2 3:20,3008,40.8304,0.07270732,17.0519,0.06285476
2024/3/2 3:25,3009,41.0503,0.03260652,16.8713,0.03253336
2024/3/2 3:30,3010,40.8558,0.07661234,17.0251,0.06578505
2024/3/2 3:35,3011,40.8775,0.0849506,17.006,0.05917937
2024/3/2 3:40,3012,41.0285,0.04515988,16.9084,0.03854363
2024/3/2 3:45,3013,40.8099,0.0509436,17.0689,0.03307725
2024/3/2 3:50,3014,40.94711,0.08251283,17.0036,0.07089183
2024/3/2 3:55,3015,40.9877,0.07352875,16.9635,0.07429121
2024/3/2 4:00,3016,40.7893,0.03056536,17.0973,0.03277519
2024/3/2 4:05,3017,40.995,0.06994142,16.962,0.05473384
2024/3/2 4:10,3018,40.9087,0.08906943,17.0062,0.07666536
2024/3/2 4:15,3019,40.8402,0.0641708,17.072,0.05053147
2024/3/2 4:20,3020,41.061,0.02698461,16.8919,0.02846573
2024/3/2 4:25,3021,40.8565,0.08777153,17.0647,0.06823976
2024/3/2 4:30,3022,40.8917,0.09822293,17.0338,0.08434197
2024/3/2 4:35,3023,41.0596,0.0496467,16.8699,0.0271566
2024/3/2 4:40,3024,40.8202,0.04451028,17.0658,0.06254721
2024/3/2 4:45,3025,40.958,0.08711668,16.9852,0.06935523
2024/3/2 4:50,3026,41.0051,0.07661127,16.9853,0.06084886
2024/3/2 4:55,3027,40.7937,0.03395032,17.1662,0.01984872
2024/3/2 5:00,3028,41.0229,0.08182473,16.9896,0.07095791
2024/3/2 5:05,3029,40.9707,0.0939343,17.042,0.08159872
2024/3/2 5:10,3030,40.8255,0.05986401,17.1646,0.03903927
2024/3/2 5:15,3031,41.071,0.04469636,16.9589,0.05540328
2024/3/2 5:20,3032,40.8655,0.09978694,17.0659,0.08289559
2024/3/2 5:25,3033,40.8875,0.1065091,17.0609,0.07648991
2024/3/2 5:30,3034,41.0739,0.04820435,16.9645,0.02761988
2024/3/2 5:35,3035,40.8048,0.06075033,17.1442,0.0335825
2024/3/2 5:40,3036,40.9483,0.08960208,17.0247,0.08936439
2024/3/2 5:45,3037,40.9808,0.07983745,16.9785,0.06050163
2024/3/2 5:50,3038,40.7961,0.02743517,17.1299,0.02912211
2024/3/2 5:55,3039,41.0105,0.0625705,16.989,0.03720225
2024/3/2 6:00,3040,40.9315,0.08464848,17.0659,0.06888145
2024/3/2 6:05,3041,40.8438,0.0558461,17.1687,0.04962469
2024/3/2 6:10,3042,41.0412,0.03070723,16.999,0.03337967
2024/3/2 6:15,3043,40.8653,0.08124485,17.1147,0.05687032
2024/3/2 6:20,3044,40.8835,0.08476447,17.0786,0.06298146
2024/3/2 6:25,3045,41.0497,0.03644403,16.9374,0.037673
2024/3/2 6:30,3046,40.81231,0.06278113,17.1221,0.08350058
2024/3/2 6:35,3047,40.9516,0.099806,17.0667,0.06837828
2024/3/2 6:40,3048,41.0107,0.07393885,17.0195,0.05058284
2024/3/2 6:45,3049,40.7949,0.03554568,17.1384,0.03378549
2024/3/2 6:50,3050,41.0216,0.07665014,16.9814,0.05380006
2024/3/2 6:55,3051,40.9392,0.08823774,17.0483,0.08741482
2024/3/2 7:00,3052,40.8292,0.06546357,17.1633,0.04197437
2024/3/2 7:05,3053,41.0529,0.02760168,16.9995,0.045824
2024/3/2 7:10,3054,40.8629,0.09198422,17.1594,0.05736063
2024/3/2 7:15,3055,40.884,0.09948643,17.139,0.0966538
2024/3/2 7:20,3056,41.0598,0.05077516,16.9715,0.03752114
2024/3/2 7:25,3057,40.8036,0.05314728,17.1454,0.04348411
2024/3/2 7:30,3058,40.9714,0.09310351,17.0516,0.08083096
2024/3/2 7:35,3059,41.0018,0.09408014,16.9779,0.07302223
2024/3/2 7:40,3060,40.7895,0.0374369,17.1662,0.03505673
2024/3/2 7:45,3061,41.0316,0.06830569,16.9911,0.04248605
2024/3/2 7:50,3062,40.9004,0.1020556,17.1124,0.07187913
2024/3/2 7:55,3063,40.8203,0.0744169,17.2008,0.04545725
2024/3/2 8:00,3064,41.0708,0.03195829,17.0159,0.02799122
2024/3/2 8:05,3065,40.84721,0.08743422,17.2102,0.08422816
2024/3/2 8:10,3066,40.8866,0.1003135,17.1792,0.07898294
2024/3/2 8:15,3067,41.0454,0.05854207,17.0347,0.03327439
2024/3/2 8:20,3068,40.7977,0.05421051,17.2236,0.04115414
2024/3/2 8:25,3069,40.9401,0.08419031,17.138,0.08375796
2024/3/2 8:30,3070,40.995,0.07461421,17.1047,0.05782406
2024/3/2 8:35,3071,40.7851,0.03297461,17.25,0.02888959
2024/3/2 8:40,3072,40.9904,0.0626375,17.0967,0.05567762
2024/3/2 8:45,3073,40.9356,0.07843813,17.1424,0.07733317
2024/3/2 8:50,3074,40.8301,0.06087019,17.2355,0.04603105
2024/3/2 8:55,3075,41.0243,0.02857634,17.112,0.02774499
2024/3/2 9:00,3076,40.84,0.06840689,17.2497,0.05759666
2024/3/2 9:05,3077,40.8975,0.07838241,17.2267,0.0529058
2024/3/2 9:10,3078,41.0412,0.04603371,17.1563,0.05767668
2024/3/2 9:15,3079,40.8019,0.04939098,17.3924,0.0515214
2024/3/2 9:20,3080,40.9317,0.08472324,17.2651,0.06824569
2024/3/2 9:25,3081,40.9754,0.0596277,17.1959,0.03648388
2024/3/2 9:30,3082,40.816,0.02520367,17.2729,0.0332731
2024/3/2 9:35,3083,40.97651,0.04804625,17.156,0.03497441
2024/3/2 9:40,3084,40.89491,0.07550649,17.1984,0.06781174
2024/3/2 9:45,3085,40.851,0.06019726,17.2504,0.0510667
2024/3/2 9:50,3086,41.0172,0.01989849,17.1249,0.02745694
2024/3/2 9:55,3087,40.8536,0.05275303,17.2967,0.05976346
2024/3/2 10:00,3088,40.8819,0.06283946,17.2945,0.06022197
2024/3/2 10:05,3089,40.9775,0.04027037,17.2553,0.03242506
2024/3/2 10:10,3090,40.8284,0.03089469,17.4236,0.03064721
2024/3/2 10:15,3091,40.954,0.05978692,17.3999,0.03800675
2024/3/2 10:20,3092,40.9457,0.04816885,17.4855,0.05769426
2024/3/2 10:25,3093,40.843,0.0378132,17.6565,0.02028928
2024/3/2 10:30,3094,40.9795,0.02427453,17.63,0.02958028
2024/3/2 10:35,3095,40.8808,0.05672406,17.7839,0.06652251
2024/3/2 10:40,3096,40.8781,0.04262776,17.8825,0.02404657
2024/3/2 10:45,3097,40.9927,0.02282999,17.8305,0.02458944
2024/3/2 10:50,3098,40.8574,0.04026256,18.0132,0.05756005
2024/3/2 10:55,3099,40.9203,0.05037348,18.0372,0.02773003
2024/3/2 11:00,3100,40.9691,0.04256166,18.072,0.06800433
2024/3/2 11:05,3101,40.8428,0.02483085,18.2282,0.02284598
2024/3/2 11:10,3102,40.9724,0.04718294,18.1821,0.02823237
2024/3/2 11:15,3103,40.9472,0.0544687,18.283,0.06938861
2024/3/2 11:20,3104,40.8542,0.03173663,18.4248,0.02488284
2024/3/2 11:25,3105,40.9848,0.02423139,18.3664,0.0164145
2024/3/2 11:30,3106,40.8893,0.04695605,18.5121,0.07023308
2024/3/2 11:35,3107,40.8894,0.05232701,18.5803,0.01589345
2024/3/2 11:40,3108,40.9917,0.01849899,18.5595,0.04602227
2024/3/2 11:45,3109,40.857,0.03394466,18.7462,0.05979568
2024/3/2 11:50,3110,40.9327,0.04608109,18.7948,0.02447772
2024/3/2 11:55,3111,40.9524,0.0405819,18.8911,0.08293898
2024/3/2 12:00,3112,40.8464,0.02042665,19.1228,0.03264907
2024/3/2 12:05,3113,40.9537,0.04345183,19.0887,0.0495379
2024/3/2 12:10,3114,40.928,0.04184729,19.0696,0.05754999
2024/3/2 12:15,3115,40.8729,0.03013528,19.1277,0.02588856
2024/3/2 12:20,3116,40.989,0.01613693,19.0646,0.03016019
2024/3/2 12:25,3117,40.9005,0.04850308,19.1965,0.05753126
2024/3/2 12:30,3118,40.8703,0.0288235,19.3356,0.03048357
2024/3/2 12:35,3119,40.9712,0.01475639,19.3297,0.02977578
2024/3/2 12:40,3120,40.8884,0.03099446,19.4153,0.0367565
2024/3/2 12:45,3121,40.9233,0.04248561,19.3869,0.02879738
2024/3/2 12:50,3122,40.967,0.02765139,19.3865,0.05398402
2024/3/2 12:55,3123,40.8771,0.01197026,19.5219,0.02549698
2024/3/2 13:00,3124,40.9568,0.03688123,19.4908,0.03995929
2024/3/2 13:05,3125,40.9355,0.04345066,19.5581,0.05662028
2024/3/2 13:10,3126,40.8555,0.02718121,19.6595,0.03187899
2024/3/2 13:15,3127,40.977,0.02089503,19.5998,0.0218942
2024/3/2 13:20,3128,40.90611,0.03585184,19.6667,0.040929
2024/3/2 13:25,3129,40.9077,0.03874862,19.6846,0.0305453
2024/3/2 13:30,3130,40.9553,0.02151347,19.6753,0.03027546
2024/3/2 13:35,3131,40.8733,0.01402157,19.7622,0.01883505
2024/3/2 13:40,3132,40.9206,0.02434077,19.7289,0.02221926
2024/3/2 13:45,3133,40.9284,0.02778288,19.7675,0.03760127
2024/3/2 13:50,3134,38.8814,1.549802,22.0498,1.677087
2024/3/2 13:55,3135,41.735,0.8913584,19.3897,0.7962182
2024/3/2 14:00,3136,43.1324,0.07318458,18.1954,0.06821799
2024/3/2 14:05,3137,42.58459,0.29669,18.6089,0.2358383
2024/3/2 14:10,3138,41.3421,0.385008,19.644,0.327942
2024/3/2 14:15,3139,40.2987,0.2199151,20.6302,0.2150848
2024/3/2 14:20,3140,39.7311,0.1182825,21.2224,0.1320643
2024/3/2 14:25,3141,39.406,0.06793549,21.5994,0.07930996
2024/3/2 14:30,3142,39.2509,0.01724806,21.7469,0.0250175
2024/3/2 14:35,3143,39.12421,0.0433491,21.8581,0.04257127
2024/3/2 14:40,3144,39.0709,0.02855316,21.9238,0.02918484
2024/3/2 14:45,3145,38.8884,0.1851402,22.1454,0.2028325
2024/3/2 14:50,3146,38.0568,0.5620405,23.0334,0.6519426
2024/3/2 14:55,3147,37.9621,0.1178357,23.1629,0.119823
2024/3/2 15:00,3148,38.2901,0.0876358,22.7859,0.1007535
2024/3/2 15:05,3149,38.499,0.04137349,22.5888,0.03866957
2024/3/2 15:10,3150,38.5684,0.03000722,22.5435,0.02773567
2024/3/2 15:15,3151,38.6354,0.01475292,22.5308,0.01816471
2024/3/2 15:20,3152,38.6264,0.1002984,22.5741,0.06818562
2024/3/2 15:25,3153,37.8332,0.364231,23.5163,0.448945
2024/3/2 15:30,3154,37.6605,0.0412312,23.7806,0.04043306
2024/3/2 15:35,3155,37.8725,0.07394993,23.5841,0.05773796
2024/3/2 15:40,3156,38.024,0.02978583,23.4572,0.03195245
2024/3/2 15:45,3157,38.0722,0.01341453,23.4604,0.02205082
2024/3/2 15:50,3158,38.0921,0.01185316,23.4399,0.03771357
2024/3/2 15:55,3159,38.0836,0.01146453,23.4818,0.01491817
2024/3/2 16:00,3160,38.1394,0.05229573,23.4779,0.04363597
2024/3/2 16:05,3161,38.176,0.0235545,23.4691,0.02420926
2024/3/2 16:10,3162,38.2313,0.02500847,23.4227,0.03185324
2024/3/2 16:15,3163,38.258,0.01715151,23.4354,0.02192805
2024/3/2 16:20,3164,38.1985,0.01962265,23.5596,0.01774385
2024/3/2 16:25,3165,38.15639,0.01369113,23.6468,0.0132574
2024/3/2 16:30,3166,38.1354,0.01200972,23.6875,0.01950478
2024/3/2 16:35,3167,37.5974,0.3232307,24.302,0.3957784
2024/3/2 16:40,3168,37.7636,0.1334241,24.1956,0.1582961
2024/3/2 16:45,3169,38.0976,0.09405043,23.809,0.1146587
2024/3/2 16:50,3170,38.3235,0.04995314,23.5846,0.05642694
2024/3/2 16:55,3171,38.472,0.04419876,23.4345,0.05508783
2024/3/2 17:00,3172,38.5543,0.02432291,23.3356,0.03236694
2024/3/2 17:05,3173,38.3783,0.2686943,23.55,0.2918301
2024/3/2 17:10,3174,37.5278,0.3472145,24.5435,0.3960007
2024/3/2 17:15,3175,37.8023,0.1309533,24.2721,0.1120587
2024/3/2 17:20,3176,38.16351,0.0707256,23.8584,0.06500798
2024/3/2 17:25,3177,38.3368,0.02271026,23.6535,0.02958152
2024/3/2 17:30,3178,38.3688,0.04522739,23.6049,0.06414105
2024/3/2 17:35,3179,38.5287,0.05825633,23.4557,0.06346358
2024/3/2 17:40,3180,38.41911,0.1556322,23.571,0.1734393
2024/3/2 17:45,3181,36.7504,1.249369,25.4835,1.511767
2024/3/2 17:50,3182,39.3709,2.093603,22.7834,2.261627
2024/3/2 17:55,3183,43.6806,0.536119,18.5418,0.4583991
2024/3/2 18:00,3184,44.6047,0.2150455,17.7688,0.179199
2024/3/2 18:05,3185,43.9083,1.297708,18.291,1.054017
2024/3/2 18:10,3186,35.9126,2.35788,26.535,2.97198
2024/3/2 18:15,3187,30.1675,1.136152,35.2841,2.045694
2024/3/2 18:20,3188,27.2208,0.5884866,41.2048,1.364777
2024/3/2 18:25,3189,25.6795,0.3344114,44.8336,0.7869245
2024/3/2 18:30,3190,24.7818,0.1746842,47.0877,0.4700989
2024/3/2 18:35,3191,24.3065,0.1063099,48.4049,0.2965366
2024/3/2 18:40,3192,24.0067,0.06723704,49.2416,0.1698066
2024/3/2 18:45,3193,23.838,0.04312997,49.6973,0.1174431
2024/3/2 18:50,3194,23.7218,0.0239866,49.946,0.05382317
2024/3/2 18:55,3195,23.6789,0.02022123,50.0717,0.06236835
2024/3/2 19:00,3196,23.6366,0.01288542,50.2283,0.0340439
2024/3/2 19:05,3197,23.6224,0.01334335,50.2572,0.02413211
2024/3/2 19:10,3198,23.6037,0.01257012,50.3108,0.04037261
2024/3/2 19:15,3199,23.6052,0.01243249,50.27,0.02943132
2024/3/2 19:20,3200,23.6124,0.0162128,50.2163,0.02565544
2024/3/2 19:25,3201,23.6153,0.01000094,50.1226,0.02179104
2024/3/2 19:30,3202,23.5749,0.01498952,50.0852,0.03089906
2024/3/2 19:35,3203,23.5706,0.01285478,49.9354,0.06472097
2024/3/2 19:40,3204,23.5908,0.00720785,49.7815,0.03225013
2024/3/2 19:45,3205,23.5983,0.01580506,49.6731,0.03462219
2024/3/2 19:50,3206,23.5883,0.01199156,49.5764,0.02936049
2024/3/2 19:55,3207,23.5762,0.01472264,49.4711,0.02285807
2024/3/2 20:00,3208,23.5305,0.02556271,49.4208,0.02551434
2024/3/2 20:05,3209,23.4496,0.02472324,49.5193,0.0380447
2024/3/2 20:10,3210,23.3665,0.02173607,49.6063,0.02793267
2024/3/2 20:15,3211,23.2835,0.020968,49.7345,0.04353908
2024/3/2 20:20,3212,23.224,0.01938001,49.8357,0.01745353
2024/3/2 20:25,3213,23.1637,0.01473834,49.8868,0.01826911
2024/3/2 20:30,3214,23.1205,0.01797904,49.9128,0.02869751
2024/3/2 20:35,3215,23.0796,0.01151657,49.9533,0.02075546
2024/3/2 20:40,3216,23.0382,0.01404162,49.9201,0.02171369
2024/3/2 20:45,3217,23.0086,0.01590043,49.9233,0.02332437
2024/3/2 20:50,3218,22.9767,0.01324424,49.9236,0.01780609
2024/3/2 20:55,3219,22.9398,0.02060005,49.9567,0.02397895
2024/3/2 21:00,3220,22.9039,0.01748415,49.9827,0.02105753
2024/3/2 21:05,3221,22.8844,0.005199432,49.9997,0.01847719
2024/3/2 21:10,3222,22.8545,0.01664495,49.9764,0.02640966
2024/3/2 21:15,3223,22.8477,0.01224002,49.9568,0.01979251
2024/3/2 21:20,3224,22.8269,0.01577579,50.0167,0.02968192
2024/3/2 21:25,3225,22.8017,0.01508063,50.1008,0.01753722
2024/3/2 21:30,3226,22.7813,0.01829232,50.1721,0.04383195
2024/3/2 21:35,3227,22.7456,0.009728675,50.2677,0.04127214
2024/3/2 21:40,3228,22.7225,0.01341048,50.3698,0.02057078
2024/3/2 21:45,3229,22.6983,0.01386383,50.4024,0.02718917
2024/3/2 21:50,3230,22.6841,0.0176489,50.42739,0.02165808
2024/3/2 21:55,3231,22.6643,0.01186624,50.4586,0.02563704
2024/3/2 22:00,3232,22.6604,0.01416504,50.467,0.02657112
2024/3/2 22:05,3233,22.6513,0.01148988,50.519,0.02965516
2024/3/2 22:10,3234,22.6482,0.006416452,50.5884,0.03160105
2024/3/2 22:15,3235,22.6456,0.009489228,50.5906,0.02624193
2024/3/2 22:20,3236,22.6402,0.01032265,50.5825,0.03065026
2024/3/2 22:25,3237,22.6335,0.01706631,50.5083,0.0235077
2024/3/2 22:30,3238,22.6336,0.00779953,50.5039,0.01417335
2024/3/2 22:35,3239,22.6127,0.0159319,50.5583,0.03565478
2024/3/2 22:40,3240,22.597,0.01453248,50.6608,0.02416107
2024/3/2 22:45,3241,22.5801,0.008836207,50.7005,0.03501732
2024/3/2 22:50,3242,22.5788,0.01217969,50.7885,0.0456318
2024/3/2 22:55,3243,22.5476,0.01508827,50.8787,0.03272644
2024/3/2 23:00,3244,22.5516,0.0148813,50.9063,0.03217805
2024/3/2 23:05,3245,22.5335,0.01546821,50.9585,0.02362768
2024/3/2 23:10,3246,22.5175,0.007338332,50.9503,0.01829774
2024/3/2 23:15,3247,22.5157,0.01491343,50.9472,0.01783685
2024/3/2 23:20,3248,22.5171,0.01327732,51.0551,0.04814836
2024/3/2 23:25,3249,22.5292,0.0196155,51.1577,0.01634644
2024/3/2 23:30,3250,22.5103,0.01136691,51.1517,0.01493346
2024/3/2 23:35,3251,22.5,0.009848328,51.1313,0.02412412
2024/3/2 23:40,3252,22.4841,0.009278421,51.1772,0.03277097
2024/3/2 23:45,3253,22.4744,0.01288576,51.2612,0.03345935
2024/3/2 23:50,3254,22.4637,0.01007005,51.3047,0.0311966
2024/3/2 23:55,3255,22.4562,0.01341453,51.36269,0.02798577
2024/3/9 0:00,4984,42.072,0.1855383,24.0776,0.1933354
2024/3/9 0:05,4985,42.1339,0.1976262,24.0184,0.2295552
2024/3/9 0:10,4986,42.3997,0.1553367,23.6939,0.166914
2024/3/9 0:15,4987,41.8965,0.07405464,24.2468,0.08392946
2024/3/9 0:20,4988,42.388,0.1470237,23.694,0.1803059
2024/3/9 0:25,4989,42.199,0.2055938,23.8788,0.2181197
2024/3/9 0:30,4990,41.9952,0.1544406,24.1105,0.1593393
2024/3/9 0:35,4991,42.5041,0.09016395,23.5374,0.09763438
2024/3/9 0:40,4992,41.9632,0.1622517,24.1282,0.1824857
2024/3/9 0:45,4993,42.2472,0.1935746,23.7973,0.2271376
2024/3/9 0:50,4994,42.2541,0.1823528,23.7686,0.1930002
2024/3/9 0:55,4995,41.9796,0.13192,24.0718,0.1404241
2024/3/9 1:00,4996,42.421,0.0504014,23.5659,0.06735025
2024/3/9 1:05,4997,41.9879,0.1551834,23.9941,0.1654093
2024/3/9 1:10,4998,42.2129,0.2210191,23.7513,0.2506651
2024/3/9 1:15,4999,42.41509,0.1608605,23.5185,0.1697406
2024/3/9 1:20,5000,41.888,0.07781788,24.0702,0.07552432
2024/3/9 1:25,5001,42.4811,0.1793257,23.3678,0.1975422
2024/3/9 1:30,5002,42.176,0.2159917,23.6856,0.2468698
2024/3/9 1:35,5003,42.03939,0.1478899,23.8358,0.1472427
2024/3/9 1:40,5004,42.4787,0.08235826,23.343,0.08852013
2024/3/9 1:45,5005,41.9307,0.1487964,23.912,0.170512
2024/3/9 1:50,5006,42.2893,0.2271121,23.5275,0.268043
2024/3/9 1:55,5007,42.2451,0.2261722,23.5544,0.2408044
2024/3/9 2:00,5008,41.9661,0.1490106,23.846,0.180425
2024/3/9 2:05,5009,42.4953,0.07224087,23.2475,0.09626962
2024/3/9 2:10,5010,41.9957,0.1847301,23.7454,0.2036496
2024/3/9 2:15,5011,42.2014,0.2348379,23.4921,0.2531355
2024/3/9 2:20,5012,42.3856,0.186999,23.2682,0.1683263
2024/3/9 2:25,5013,41.8895,0.08777323,23.768,0.08972396
2024/3/9 2:30,5014,42.4152,0.1515722,23.1696,0.1507686
2024/3/9 2:35,5015,42.1158,0.2093981,23.4634,0.2243977
2024/3/9 2:40,5016,42.0469,0.2391903,23.5039,0.2490263
2024/3/9 2:45,5017,42.4603,0.1167579,23.0196,0.1227664
2024/3/9 2:50,5018,41.9432,0.1004822,23.5325,0.09872106
2024/3/9 2:55,5019,42.3344,0.1877272,23.0636,0.2054976
2024/3/9 3:00,5020,42.2766,0.2057157,23.0908,0.208051
2024/3/9 3:05,5021,41.9111,0.112407,23.4712,0.1212125
2024/3/9 3:10,5022,42.4958,0.1088462,22.8166,0.1244146
2024/3/9 3:15,5023,42.0337,0.1888233,23.2747,0.1886916
2024/3/9 3:20,5024,42.2043,0.2595028,23.074,0.2840313
2024/3/9 3:25,5025,42.4151,0.1813687,22.8009,0.166569
2024/3/9 3:30,5026,41.9355,0.06655635,23.2995,0.08996119
2024/3/9 3:35,5027,42.4995,0.1761021,22.6692,0.1916344
2024/3/9 3:40,5028,42.1125,0.1898573,23.033,0.2083745
2024/3/9 3:45,5029,42.0514,0.172527,23.094,0.1888667
2024/3/9 3:50,5030,42.4374,0.06924047,22.6513,0.07338299
2024/3/9 3:55,5031,41.943,0.1037771,23.1441,0.1122609
2024/3/9 4:00,5032,42.3233,0.1867454,22.7075,0.2004794
2024/3/9 4:05,5033,42.2648,0.2013875,22.7152,0.2043889
2024/3/9 4:10,5034,41.9526,0.1342314,23.0491,0.157269
2024/3/9 4:15,5035,42.5054,0.07990861,22.4263,0.08559786
2024/3/9 4:20,5036,42.0069,0.1858734,22.9231,0.1701165
2024/3/9 4:25,5037,42.2182,0.225075,22.6964,0.2296636
2024/3/9 4:30,5038,42.3464,0.16551,22.5416,0.1607565
2024/3/9 4:35,5039,41.9302,0.08867601,22.9771,0.08409449
2024/3/9 4:40,5040,42.4703,0.1288088,22.4083,0.140484
2024/3/9 4:45,5041,42.118,0.1801661,22.7502,0.1913855
2024/3/9 4:50,5042,42.0959,0.217097,22.7756,0.2071803
2024/3/9 4:55,5043,42.432,0.1385161,22.3959,0.1222433
2024/3/9 5:00,5044,41.9526,0.06866093,22.874,0.08361676
2024/3/9 5:05,5045,42.4274,0.1535482,22.3982,0.1818993
2024/3/9 5:10,5046,42.1385,0.2107488,22.6626,0.2100229
2024/3/9 5:15,5047,42.0378,0.2116067,22.7661,0.2272019
2024/3/9 5:20,5048,42.4587,0.1026846,22.296,0.09939519
2024/3/9 5:25,5049,41.9179,0.1112744,22.8535,0.1119083
2024/3/9 5:30,5050,42.3485,0.2066467,22.3818,0.2073155
2024/3/9 5:35,5051,42.2469,0.2325072,22.4664,0.2436301
2024/3/9 5:40,5052,41.9901,0.1421081,22.7319,0.1443902
2024/3/9 5:45,5053,42.5447,0.0722152,22.1544,0.08174726
2024/3/9 5:50,5054,42.0091,0.1776418,22.6671,0.1928152
2024/3/9 5:55,5055,42.2426,0.2549535,22.4386,0.2644249
2024/3/9 6:00,5056,42.3684,0.1718503,22.2719,0.1741203
2024/3/9 6:05,5057,41.9572,0.08927058,22.6911,0.08621974
2024/3/9 6:10,5058,42.3953,0.09309925,22.2485,0.09996806
2024/3/9 6:15,5059,42.0901,0.153822,22.5387,0.169055
2024/3/9 6:20,5060,42.0876,0.1929741,22.5363,0.191123
2024/3/9 6:25,5061,42.4253,0.1396379,22.1928,0.1557367
2024/3/9 6:30,5062,41.9612,0.07522134,22.6787,0.0803142
2024/3/9 6:35,5063,42.3003,0.1910509,22.3417,0.1947879
2024/3/9 6:40,5064,42.2425,0.2129869,22.3901,0.2121683
2024/3/9 6:45,5065,41.9516,0.1174083,22.6879,0.1208442
2024/3/9 6:50,5066,42.4343,0.1030739,22.1811,0.1102382
2024/3/9 6:55,5067,42.0225,0.1628571,22.5997,0.1862635
2024/3/9 7:00,5068,42.1723,0.1910993,22.4708,0.1956303
2024/3/9 7:05,5069,42.3598,0.1502085,22.2769,0.1562835
2024/3/9 7:10,5070,41.8951,0.06887766,22.7457,0.08275666
2024/3/9 7:15,5071,42.459,0.1638803,22.1774,0.1784692
2024/3/9 7:20,5072,42.1678,0.2268942,22.4696,0.2293161
2024/3/9 7:25,5073,42.12009,0.1830341,22.5188,0.2046674
2024/3/9 7:30,5074,42.50249,0.09816293,22.108,0.09594595
2024/3/9 7:35,5075,41.9305,0.1189661,22.7055,0.1344094
2024/3/9 7:40,5076,42.3886,0.201922,22.2483,0.2015727
2024/3/9 7:45,5077,42.3236,0.2246231,22.3296,0.2315652
2024/3/9 7:50,5078,42.00401,0.1728602,22.6522,0.1651385
2024/3/9 7:55,5079,42.4902,0.05417781,22.1596,0.07115767
2024/3/9 8:00,5080,41.9691,0.178767,22.703,0.1922647
2024/3/9 8:05,5081,42.2023,0.2707462,22.4668,0.2765591
2024/3/9 8:10,5082,42.3853,0.2027614,22.2741,0.2000307
2024/3/9 8:15,5083,41.926,0.08354195,22.7404,0.07801414
2024/3/9 8:20,5084,42.4489,0.1140852,22.2344,0.1124064
2024/3/9 8:25,5085,42.1201,0.2214735,22.5397,0.2305507
2024/3/9 8:30,5086,42.1017,0.2210769,22.5636,0.2411364
2024/3/9 8:35,5087,42.4899,0.1208868,22.1639,0.1196297
2024/3/9 8:40,5088,41.9313,0.1018474,22.7202,0.09266348
2024/3/9 8:45,5089,42.373,0.205467,22.2724,0.2185877
2024/3/9 8:50,5090,42.2736,0.2144272,22.369,0.2229697
2024/3/9 8:55,5091,41.9913,0.1432887,22.6457,0.153709
2024/3/9 9:00,5092,42.4653,0.07438909,22.1546,0.09051122
2024/3/9 9:05,5093,42.0194,0.1596827,22.6054,0.1616088
2024/3/9 9:10,5094,42.2089,0.2300637,22.4275,0.2342325
2024/3/9 9:15,5095,42.3828,0.1794376,22.1973,0.1661269
2024/3/9 9:20,5096,41.9181,0.1167519,22.6785,0.1218823
2024/3/9 9:25,5097,42.48721,0.1154039,22.0675,0.1415731
2024/3/9 9:30,5098,42.1379,0.1975598,22.3822,0.1989144
2024/3/9 9:35,5099,42.1197,0.2091273,22.3652,0.2162612
2024/3/9 9:40,5100,42.5124,0.118569,21.9403,0.1185082
2024/3/9 9:45,5101,41.971,0.07530559,22.4594,0.09504557
2024/3/9 9:50,5102,42.3727,0.176216,22.0362,0.1855895
2024/3/9 9:55,5103,42.2328,0.2072665,22.1378,0.2003733
2024/3/9 10:00,5104,41.9814,0.1445512,22.392,0.1550035
2024/3/9 10:05,5105,42.4972,0.08864685,21.8669,0.09748278
2024/3/9 10:10,5106,41.9998,0.1655829,22.3627,0.1678395
2024/3/9 10:15,5107,42.238,0.2193484,22.1023,0.2382347
2024/3/9 10:20,5108,42.3951,0.1695809,21.9167,0.1633038
2024/3/9 10:25,5109,41.9257,0.06720705,22.3413,0.07632828
2024/3/9 10:30,5110,42.4291,0.1322995,21.8442,0.141466
2024/3/9 10:35,5111,42.0845,0.1832474,22.1623,0.1847172
2024/3/9 10:40,5112,42.0392,0.2009832,22.1931,0.2017891
2024/3/9 10:45,5113,42.3908,0.1059234,21.822,0.09718223
2024/3/9 10:50,5114,41.9138,0.1008643,22.2801,0.1108643
2024/3/9 10:55,5115,42.3016,0.1743623,21.8685,0.1933718
2024/3/9 11:00,5116,42.2839,0.2074367,21.8158,0.1996988
2024/3/9 11:05,5117,41.9105,0.07761551,22.2085,0.09332468
2024/3/9 11:10,5118,42.4273,0.1039389,21.6663,0.1176844
2024/3/9 11:15,5119,42.041,0.1874371,22.0169,0.2021975
2024/3/9 11:20,5120,42.0635,0.2175011,21.9873,0.2135682
2024/3/9 11:25,5121,42.4631,0.1203678,21.5965,0.1183158
2024/3/9 11:30,5122,41.8823,0.1072278,22.1976,0.123734
2024/3/9 11:35,5123,42.3265,0.2228513,21.7634,0.2318512
2024/3/9 11:40,5124,42.2551,0.2250252,21.8273,0.2190331
2024/3/9 11:45,5125,41.9196,0.1329757,22.1715,0.1395086
2024/3/9 11:50,5126,42.4371,0.07173629,21.6499,0.08098574
2024/3/9 11:55,5127,41.9944,0.1779285,22.0781,0.1803146
2024/3/9 12:00,5128,42.15229,0.2283866,21.9377,0.2386012
2024/3/9 12:05,5129,42.30939,0.149673,21.7549,0.1330448
2024/3/9 12:10,5130,41.8612,0.07636622,22.1952,0.08210687
2024/3/9 12:15,5131,42.3684,0.1267569,21.6906,0.1413019
2024/3/9 12:20,5132,42.0774,0.1718551,21.9701,0.1711744
2024/3/9 12:25,5133,42.0252,0.181341,22.0137,0.1770207
2024/3/9 12:30,5134,42.356,0.07835422,21.6378,0.08031903
2024/3/9 12:35,5135,41.9182,0.0828388,22.0701,0.07631993
2024/3/9 12:40,5136,42.3036,0.1720502,21.6938,0.1744337
2024/3/9 12:45,5137,42.2062,0.2106415,21.7835,0.2149322
2024/3/9 12:50,5138,41.8882,0.1747769,22.1081,0.1717257
2024/3/9 12:55,5139,42.4082,0.07405566,21.6076,0.07214741
2024/3/9 13:00,5140,41.9677,0.1814749,22.03,0.1815718
2024/3/9 13:05,5141,42.1113,0.1882278,21.9125,0.1806009
2024/3/9 13:10,5142,42.35259,0.1661015,21.6621,0.1559138
2024/3/9 13:15,5143,41.8504,0.0630793,22.1858,0.07962861
2024/3/9 13:20,5144,42.3528,0.14274,21.7059,0.1666186
2024/3/9 13:25,5145,42.0452,0.2038652,21.9981,0.1928766
2024/3/9 13:30,5146,42.0286,0.2195137,22.0452,0.2093775
2024/3/9 13:35,5147,42.42229,0.1217318,21.6464,0.1287805
2024/3/9 13:40,5148,41.878,0.1023274,22.2133,0.1048232
2024/3/9 13:45,5149,42.2714,0.2133386,21.7936,0.2253738
2024/3/9 13:50,5150,42.2483,0.2111666,21.7709,0.1941339
2024/3/9 13:55,5151,41.8982,0.09324708,22.093,0.09822232
2024/3/9 14:00,5152,42.39939,0.09489186,21.5171,0.1146103
2024/3/9 14:05,5153,42.0165,0.1598956,21.8615,0.1572448
2024/3/9 14:10,5154,42.0491,0.1507677,21.7697,0.1746805
2024/3/9 14:15,5155,42.3097,0.1088646,21.4379,0.1023967
2024/3/9 14:20,5156,41.87,0.0608477,21.782,0.06014989
2024/3/9 14:25,5157,42.2859,0.1599669,21.3388,0.1888496
2024/3/9 14:30,5158,42.1396,0.2246199,21.4183,0.1984134
2024/3/9 14:35,5159,41.9392,0.1690366,21.5854,0.1845722
2024/3/9 14:40,5160,40.7845,1.819458,22.8469,1.979541
2024/3/9 14:45,5161,39.8079,0.5102907,23.9971,0.5747019
2024/3/9 14:50,5162,40.556,0.03573524,23.0622,0.05918908
2024/3/9 14:55,5163,40.48389,0.01182771,23.0726,0.02835527
2024/3/9 15:00,5164,40.5377,0.02700741,22.9399,0.07041345
2024/3/9 15:05,5165,40.6181,0.01144053,22.7892,0.02827992
2024/3/9 15:10,5166,40.5954,0.01995577,22.7851,0.02080612
2024/3/9 15:15,5167,40.6772,0.02508639,22.6491,0.02976062
2024/3/9 15:20,5168,40.6304,0.01066987,22.6517,0.01790572
2024/3/9 15:25,5169,40.5763,0.03220551,22.6571,0.03198286
2024/3/9 15:30,5170,40.57859,0.01589481,22.6165,0.03726452
2024/3/9 15:35,5171,39.1719,1.112893,24.0649,1.249067
2024/3/9 15:40,5172,39.79211,0.9280306,23.523,1.028639
2024/3/9 15:45,5173,41.5839,0.1904053,21.5631,0.2057869
2024/3/9 15:50,5174,41.5187,0.1571042,21.5517,0.1336972
2024/3/9 15:55,5175,41.1053,0.07087065,21.9084,0.07351895
2024/3/9 16:00,5176,41.0528,0.02253299,21.9224,0.01720591
2024/3/9 16:05,5177,41.0754,0.01616888,21.8573,0.03533286
2024/3/9 16:10,5178,41.0921,0.01655587,21.812,0.03681593
2024/3/9 16:15,5179,41.006,0.06595018,21.8263,0.05291142
2024/3/9 16:20,5180,40.3173,0.8287575,22.4854,0.845369
2024/3/9 16:25,5181,40.74739,1.067954,22.0828,1.086729
2024/3/9 16:30,5182,42.79261,0.0890812,19.9899,0.08652005
2024/3/9 16:35,5183,42.0799,0.3332215,20.5802,0.3044592
2024/3/9 16:40,5184,41.3082,0.0636548,21.2704,0.07410798
2024/3/9 16:45,5185,41.2176,0.03080933,21.3513,0.04571441
2024/3/9 16:50,5186,41.3933,0.05769023,21.1266,0.05972119
2024/3/9 16:55,5187,41.075,0.2779547,21.4391,0.2692199
2024/3/9 17:00,5188,40.767,0.4613034,21.7665,0.4666637
2024/3/9 17:05,5189,41.5205,0.0495096,21.0019,0.06628981
2024/3/9 17:10,5190,41.1749,0.1028999,21.3127,0.1025735
2024/3/9 17:15,5191,41.1393,0.05202978,21.3304,0.06215975
2024/3/9 17:20,5192,41.172,0.05429977,21.2735,0.0614315
2024/3/9 17:25,5193,41.0341,0.02247367,21.3929,0.02974417
2024/3/9 17:30,5194,41.0922,0.01566403,21.3251,0.03372331
2024/3/9 17:35,5195,41.0354,0.02005539,21.3476,0.01887936
2024/3/9 17:40,5196,41.1065,0.03606168,21.2656,0.03862183
2024/3/9 17:45,5197,41.1853,0.01821092,21.1785,0.02588921
2024/3/9 17:50,5198,41.1201,0.02293656,21.1935,0.01848895
2024/3/9 17:55,5199,40.7899,0.3818178,21.4679,0.349393
2024/3/9 18:00,5200,41.293,0.5435947,20.9666,0.5180317
2024/3/9 18:05,5201,41.682,0.07616873,20.5532,0.07411575
2024/3/9 18:10,5202,41.2067,0.2025562,20.9567,0.1932323
2024/3/9 18:15,5203,40.9652,0.05063807,21.1547,0.059343
2024/3/9 18:20,5204,41.0357,0.03659485,21.07,0.02670575
2024/3/9 18:25,5205,40.9818,0.02264408,21.0742,0.0307076
2024/3/9 18:30,5206,40.9364,0.2175787,21.0751,0.1877605
2024/3/9 18:35,5207,40.6837,0.3792271,21.3043,0.3614693
2024/3/9 18:40,5208,41.52209,0.07294269,20.4732,0.07415371
2024/3/9 18:45,5209,41.1479,0.1505671,20.783,0.1244231
2024/3/9 18:50,5210,41.0774,0.06601639,20.8044,0.08241476
2024/3/9 18:55,5211,41.17891,0.02710207,20.6986,0.03336517
2024/3/9 19:00,5212,41.0739,0.0326997,20.7502,0.0239656
2024/3/9 19:05,5213,41.0981,0.03246024,20.6767,0.05244059
2024/3/9 19:10,5214,41.1133,0.02762964,20.6215,0.03929706
2024/3/9 19:15,5215,41.0556,0.01877287,20.6423,0.03732585
2024/3/9 19:20,5216,40.7253,0.7028409,20.9022,0.6464623
2024/3/9 19:25,5217,40.0724,0.2720671,21.5106,0.3086958
2024/3/9 19:30,5218,40.4047,0.09017129,21.1284,0.06719144
2024/3/9 19:35,5219,39.79819,0.2548497,21.6627,0.2399412
2024/3/9 19:40,5220,38.7841,0.3285286,22.6464,0.3230022
2024/3/9 19:45,5221,37.6301,0.3427279,23.8573,0.3734018
2024/3/9 19:50,5222,36.4551,0.330502,25.1113,0.3564489
2024/3/9 19:55,5223,35.3297,0.315986,26.4182,0.3839703
2024/3/9 20:00,5224,34.2768,0.2907462,27.7794,0.3806808
2024/3/9 20:05,5225,33.3176,0.2621132,29.0432,0.3658822
2024/3/9 20:10,5226,32.4533,0.23608,30.314,0.3471875
2024/3/9 20:15,5227,31.6871,0.2034138,31.4901,0.3245717
2024/3/9 20:20,5228,31.0107,0.1831716,32.6097,0.3035767
2024/3/9 20:25,5229,30.3877,0.1598149,33.6267,0.284492
2024/3/9 20:30,5230,29.8459,0.1402606,34.5717,0.2513992
2024/3/9 20:35,5231,29.3699,0.1348579,35.4202,0.2259212
2024/3/9 20:40,5232,28.9384,0.1136073,36.141,0.2024914
2024/3/9 20:45,5233,28.5615,0.09891743,36.8134,0.1853713
2024/3/9 20:50,5234,28.2413,0.09875037,37.4142,0.1642993
2024/3/9 20:55,5235,27.9461,0.0805623,37.9636,0.1554624
2024/3/9 21:00,5236,27.6852,0.06426013,38.4475,0.1230639
2024/3/9 21:05,5237,27.4598,0.06147645,38.891,0.1212189
2024/3/9 21:10,5238,27.2438,0.06267872,39.3128,0.1168855
2024/3/9 21:15,5239,27.0545,0.05379245,39.684,0.101367
2024/3/9 21:20,5240,26.8828,0.04892403,39.9783,0.06734233
2024/3/9 21:25,5241,26.7123,0.05058439,40.221,0.07142635
2024/3/9 21:30,5242,26.5655,0.04655365,40.4667,0.05507842
2024/3/9 21:35,5243,26.441,0.04064024,40.6384,0.06101786
2024/3/9 21:40,5244,26.3103,0.03697879,40.7609,0.03921663
2024/3/9 21:45,5245,26.1941,0.0343785,40.8429,0.02377594
2024/3/9 21:50,5246,26.0765,0.03462748,40.8803,0.01840119
2024/3/9 21:55,5247,25.9769,0.0292319,40.9092,0.02685461
2024/3/9 22:00,5248,25.8811,0.03482364,40.9241,0.02498956
2024/3/9 22:05,5249,25.7953,0.02675863,40.9585,0.02214623
2024/3/9 22:10,5250,25.7085,0.02976002,41.0257,0.02906976
2024/3/9 22:15,5251,25.6352,0.01759482,41.0582,0.01448292
2024/3/9 22:20,5252,25.5536,0.02099147,41.0447,0.0166444
2024/3/9 22:25,5253,25.4809,0.0259858,41.0248,0.01626553
2024/3/9 22:30,5254,25.4169,0.02401902,40.9805,0.02260205
2024/3/9 22:35,5255,25.3542,0.02636223,40.8904,0.04299165
2024/3/9 22:40,5256,25.294,0.01424809,40.8053,0.02921698
2024/3/9 22:45,5257,25.2396,0.02033297,40.709,0.03542095
2024/3/9 22:50,5258,25.1824,0.02020969,40.614,0.03858675
2024/3/9 22:55,5259,25.1293,0.02457288,40.5519,0.02681921
2024/3/9 23:00,5260,25.0692,0.01415518,40.5114,0.02405069
2024/3/9 23:05,5261,25.0254,0.02192816,40.5139,0.01602762
2024/3/9 23:10,5262,24.9726,0.01151683,40.5258,0.02162277
2024/3/9 23:15,5263,24.9381,0.02311029,40.5245,0.02377478
2024/3/9 23:20,5264,24.8988,0.01715742,40.5803,0.01646841
2024/3/9 23:25,5265,24.8541,0.01607732,40.6086,0.01931453
2024/3/9 23:30,5266,24.821,0.01496004,40.6343,0.02007986
2024/3/9 23:35,5267,24.7941,0.01820106,40.7067,0.02111903
2024/3/9 23:40,5268,24.7693,0.01573602,40.7445,0.02199198
2024/3/9 23:45,5269,24.738,0.01264152,40.7885,0.02008529
2024/3/9 23:50,5270,24.7102,0.01028364,40.8046,0.0187153
2024/3/9 23:55,5271,24.6856,0.01345539,40.8059,0.01863641
